{
  "timestamp": "20260429_105629",
  "camera_index": 0,
  "image_width": 1920,
  "image_height": 1080,
  "checkerboard": {"squares": [11, 8], "inner_corners": [10, 7], "square_size_m": 0.0254},
  "calibration": {"frames_used": 40, "rms_reprojection_error": 1.057031},
  "K": [[1319.071398, 0.0, 870.93493], [0.0, 1407.4984, 533.095324], [0.0, 0.0, 1.0]],
  "fx": 1319.071398,
  "fy": 1407.4984,
  "cx": 870.93493,
  "cy": 533.095324,
  "distortion": {
    "model": "brown_conrady_plumb_bob",
    "k1": 0.4353804318,
    "k2": -0.2461908227,
    "p1": -0.0688481028,
    "p2": -0.0508214506,
    "k3": 0.111509133,
    "coefficients": [0.4353804318, -0.2461908227, -0.0688481028, -0.0508214506, 0.111509133]
  }
}
