timestamp,image_path,track_id,color,confidence,cx,cy,x,y,w,h,north_m,east_m,lat,lon,altitude_m,intrinsics_source
1783822855.811,detection_logs/frame_1783822855780.jpg,1,blue,0.8249,112.00,26.00,78,0,68,52,3.603,-5.754,0.00003236,-0.00005169,10.00,calibration-file(no-undistort)
1783822855.858,detection_logs/frame_1783822855850.jpg,1,blue,0.5812,111.50,25.24,76,0,70,49,3.608,-5.757,0.00003241,-0.00005172,10.00,calibration-file(no-undistort)
1783822856.006,detection_logs/frame_1783822855996.jpg,1,blue,0.7373,110.23,25.53,75,0,69,52,3.606,-5.767,0.00003239,-0.00005181,10.00,calibration-file(no-undistort)
1783822856.068,detection_logs/frame_1783822856059.jpg,1,blue,0.8449,110.37,32.99,76,1,70,75,3.553,-5.766,0.00003192,-0.00005180,10.00,calibration-file(no-undistort)
1783822856.135,detection_logs/frame_1783822856126.jpg,1,blue,0.6743,114.02,58.15,83,41,69,73,3.374,-5.738,0.00003031,-0.00005155,10.00,calibration-file(no-undistort)
1783822856.201,detection_logs/frame_1783822856191.jpg,1,blue,0.7654,119.64,94.89,90,86,69,73,3.113,-5.696,0.00002797,-0.00005116,10.00,calibration-file(no-undistort)
1783822856.267,detection_logs/frame_1783822856257.jpg,1,blue,0.8385,127.43,138.02,100,133,68,71,2.807,-5.637,0.00002522,-0.00005063,10.00,calibration-file(no-undistort)
1783822856.348,detection_logs/frame_1783822856340.jpg,1,blue,0.8650,135.36,186.00,108,182,66,71,2.466,-5.576,0.00002215,-0.00005009,10.00,calibration-file(no-undistort)
1783822856.423,detection_logs/frame_1783822856411.jpg,1,blue,0.8379,143.55,239.20,116,237,65,70,2.088,-5.514,0.00001876,-0.00004954,10.00,calibration-file(no-undistort)
1783822856.476,detection_logs/frame_1783822856465.jpg,1,blue,0.8970,151.87,298.11,123,298,66,69,1.670,-5.451,0.00001500,-0.00004897,10.00,calibration-file(no-undistort)
1783822856.537,detection_logs/frame_1783822856526.jpg,1,blue,0.8769,158.80,358.65,128,354,64,68,1.239,-5.399,0.00001113,-0.00004850,10.00,calibration-file(no-undistort)
1783822856.602,detection_logs/frame_1783822856592.jpg,1,blue,0.8960,165.06,414.98,132,397,66,69,0.839,-5.351,0.00000754,-0.00004807,10.00,calibration-file(no-undistort)
1783822856.667,detection_logs/frame_1783822856657.jpg,1,blue,0.8550,169.81,461.48,135,426,65,67,0.509,-5.315,0.00000457,-0.00004775,10.00,calibration-file(no-undistort)
1783822856.734,detection_logs/frame_1783822856724.jpg,1,blue,0.8756,172.63,495.77,135,442,66,68,0.265,-5.294,0.00000238,-0.00004756,10.00,calibration-file(no-undistort)
1783822856.800,detection_logs/frame_1783822856790.jpg,1,blue,0.8668,173.89,517.44,135,450,66,67,0.111,-5.284,0.00000100,-0.00004747,10.00,calibration-file(no-undistort)
1783822856.867,detection_logs/frame_1783822856857.jpg,1,blue,0.8098,174.08,529.22,135,454,66,69,0.028,-5.283,0.00000025,-0.00004746,10.00,calibration-file(no-undistort)
1783822856.935,detection_logs/frame_1783822856926.jpg,2,blue,0.8571,165.00,485.00,132,451,66,68,0.342,-5.352,0.00000307,-0.00004808,10.00,calibration-file(no-undistort)
1783822857.004,detection_logs/frame_1783822856993.jpg,2,blue,0.8838,164.24,478.45,131,437,65,70,0.388,-5.357,0.00000349,-0.00004813,10.00,calibration-file(no-undistort)
1783822857.063,detection_logs/frame_1783822857052.jpg,2,blue,0.8914,162.19,458.73,129,412,64,70,0.528,-5.373,0.00000475,-0.00004827,10.00,calibration-file(no-undistort)
1783822857.140,detection_logs/frame_1783822857129.jpg,2,blue,0.8587,159.58,429.81,127,382,63,69,0.734,-5.393,0.00000659,-0.00004844,10.00,calibration-file(no-undistort)
1783822857.206,detection_logs/frame_1783822857197.jpg,2,blue,0.8170,156.07,401.44,123,358,63,68,0.935,-5.419,0.00000840,-0.00004868,10.00,calibration-file(no-undistort)
1783822857.267,detection_logs/frame_1783822857257.jpg,2,blue,0.8492,153.67,378.11,120,340,67,71,1.101,-5.438,0.00000989,-0.00004885,10.00,calibration-file(no-undistort)
1783822857.328,detection_logs/frame_1783822857319.jpg,2,blue,0.8563,150.51,360.50,116,330,67,70,1.226,-5.462,0.00001102,-0.00004906,10.00,calibration-file(no-undistort)
1783822857.397,detection_logs/frame_1783822857387.jpg,2,blue,0.8809,147.57,344.38,114,315,66,70,1.341,-5.484,0.00001204,-0.00004926,10.00,calibration-file(no-undistort)
1783822857.464,detection_logs/frame_1783822857455.jpg,2,blue,0.8855,144.77,325.80,111,291,67,72,1.473,-5.505,0.00001323,-0.00004945,10.00,calibration-file(no-undistort)
1783822857.542,detection_logs/frame_1783822857534.jpg,2,blue,0.8820,142.07,305.09,108,267,68,72,1.620,-5.526,0.00001455,-0.00004964,10.00,calibration-file(no-undistort)
1783822857.599,detection_logs/frame_1783822857589.jpg,2,blue,0.8841,139.65,285.29,105,249,70,72,1.761,-5.544,0.00001582,-0.00004980,10.00,calibration-file(no-undistort)
1783822857.652,detection_logs/frame_1783822857643.jpg,2,blue,0.8596,137.43,270.02,104,240,68,73,1.869,-5.561,0.00001679,-0.00004995,10.00,calibration-file(no-undistort)
1783822857.737,detection_logs/frame_1783822857728.jpg,2,blue,0.8694,136.15,260.87,104,238,68,74,1.934,-5.570,0.00001737,-0.00005004,10.00,calibration-file(no-undistort)
1783822857.807,detection_logs/frame_1783822857795.jpg,2,blue,0.8684,135.16,254.72,103,234,68,72,1.978,-5.578,0.00001777,-0.00005011,10.00,calibration-file(no-undistort)
1783822857.384,detection_logs/frame_1783822857374.jpg,2,blue,0.8988,133.94,247.67,101,222,68,72,2.028,-5.587,0.00001822,-0.00005019,10.00,calibration-file(no-undistort)
1783822857.451,detection_logs/frame_1783822857441.jpg,2,blue,0.8509,132.70,238.61,99,207,69,73,2.092,-5.597,0.00001880,-0.00005028,10.00,calibration-file(no-undistort)
1783822857.529,detection_logs/frame_1783822857521.jpg,2,blue,0.8841,131.84,230.04,98,198,70,73,2.153,-5.603,0.00001934,-0.00005033,10.00,calibration-file(no-undistort)
1783822857.584,detection_logs/frame_1783822857574.jpg,2,blue,0.8766,131.23,225.93,98,199,69,74,2.182,-5.608,0.00001960,-0.00005038,10.00,calibration-file(no-undistort)
1783822857.646,detection_logs/frame_1783822857636.jpg,2,blue,0.8353,131.39,227.03,99,206,69,73,2.175,-5.607,0.00001953,-0.00005036,10.00,calibration-file(no-undistort)
1783822857.713,detection_logs/frame_1783822857704.jpg,2,blue,0.8379,131.89,230.16,99,209,70,72,2.152,-5.603,0.00001933,-0.00005033,10.00,calibration-file(no-undistort)
1783822857.777,detection_logs/frame_1783822857768.jpg,2,blue,0.8445,131.78,231.23,98,203,69,73,2.145,-5.604,0.00001927,-0.00005034,10.00,calibration-file(no-undistort)
1783822857.843,detection_logs/frame_1783822857833.jpg,2,blue,0.8859,131.39,229.45,97,195,69,73,2.157,-5.607,0.00001938,-0.00005036,10.00,calibration-file(no-undistort)
1783822857.923,detection_logs/frame_1783822857914.jpg,2,blue,0.8706,131.16,226.98,97,191,69,73,2.175,-5.608,0.00001954,-0.00005038,10.00,calibration-file(no-undistort)
1783822857.979,detection_logs/frame_1783822857968.jpg,2,blue,0.8748,131.06,227.75,97,196,69,74,2.169,-5.609,0.00001949,-0.00005039,10.00,calibration-file(no-undistort)
1783822858.050,detection_logs/frame_1783822858040.jpg,2,blue,0.8515,132.84,233.92,102,210,68,72,2.126,-5.596,0.00001909,-0.00005027,10.00,calibration-file(no-undistort)
1783822858.122,detection_logs/frame_1783822858112.jpg,2,blue,0.8306,135.61,241.37,105,216,69,73,2.073,-5.575,0.00001862,-0.00005008,10.00,calibration-file(no-undistort)
1783822858.181,detection_logs/frame_1783822858170.jpg,2,blue,0.8772,137.84,246.69,105,215,70,74,2.035,-5.558,0.00001828,-0.00004993,10.00,calibration-file(no-undistort)
1783822858.246,detection_logs/frame_1783822858236.jpg,2,blue,0.7986,139.78,248.77,106,212,70,72,2.020,-5.543,0.00001815,-0.00004979,10.00,calibration-file(no-undistort)
1783822858.324,detection_logs/frame_1783822858315.jpg,2,blue,0.8049,141.06,250.15,106,212,70,73,2.010,-5.533,0.00001806,-0.00004971,10.00,calibration-file(no-undistort)
1783822858.382,detection_logs/frame_1783822858370.jpg,2,blue,0.9029,141.82,253.42,106,218,70,74,1.987,-5.527,0.00001785,-0.00004965,10.00,calibration-file(no-undistort)
1783822858.451,detection_logs/frame_1783822858441.jpg,2,blue,0.8508,142.00,259.74,106,229,69,73,1.942,-5.526,0.00001745,-0.00004964,10.00,calibration-file(no-undistort)
1783822858.521,detection_logs/frame_1783822858512.jpg,2,blue,0.8504,141.56,266.28,105,235,69,72,1.896,-5.529,0.00001703,-0.00004967,10.00,calibration-file(no-undistort)
1783822858.578,detection_logs/frame_1783822858568.jpg,2,blue,0.8613,140.70,269.24,104,230,69,75,1.875,-5.536,0.00001684,-0.00004973,10.00,calibration-file(no-undistort)
1783822858.657,detection_logs/frame_1783822858649.jpg,2,blue,0.8677,139.78,269.05,104,226,68,74,1.876,-5.543,0.00001685,-0.00004979,10.00,calibration-file(no-undistort)
1783822858.717,detection_logs/frame_1783822858706.jpg,2,blue,0.8793,139.06,267.56,104,224,68,74,1.887,-5.548,0.00001695,-0.00004984,10.00,calibration-file(no-undistort)
1783822858.780,detection_logs/frame_1783822858769.jpg,2,blue,0.8597,138.53,269.45,104,233,68,73,1.873,-5.552,0.00001683,-0.00004988,10.00,calibration-file(no-undistort)
1783822858.853,detection_logs/frame_1783822858842.jpg,2,blue,0.8891,138.56,275.60,105,245,68,74,1.829,-5.552,0.00001643,-0.00004988,10.00,calibration-file(no-undistort)
1783822858.924,detection_logs/frame_1783822858915.jpg,2,blue,0.8611,138.82,281.89,105,250,69,74,1.785,-5.550,0.00001603,-0.00004986,10.00,calibration-file(no-undistort)
1783822858.984,detection_logs/frame_1783822858974.jpg,2,blue,0.8617,139.04,286.15,105,250,69,74,1.755,-5.549,0.00001576,-0.00004984,10.00,calibration-file(no-undistort)
1783822859.060,detection_logs/frame_1783822859050.jpg,2,blue,0.8874,139.02,286.78,105,245,68,74,1.750,-5.549,0.00001572,-0.00004985,10.00,calibration-file(no-undistort)
1783822859.119,detection_logs/frame_1783822859110.jpg,2,blue,0.8850,138.60,285.70,104,243,68,73,1.758,-5.552,0.00001579,-0.00004987,10.00,calibration-file(no-undistort)
1783822859.176,detection_logs/frame_1783822859166.jpg,2,blue,0.8944,138.09,286.47,104,248,67,73,1.752,-5.556,0.00001574,-0.00004991,10.00,calibration-file(no-undistort)
1783822859.332,detection_logs/frame_1783822859323.jpg,2,blue,0.8398,137.73,290.15,104,256,67,74,1.726,-5.558,0.00001551,-0.00004993,10.00,calibration-file(no-undistort)
1783822859.447,detection_logs/frame_1783822859435.jpg,2,blue,0.8333,137.69,294.03,104,261,68,71,1.699,-5.559,0.00001526,-0.00004994,10.00,calibration-file(no-undistort)
1783822859.501,detection_logs/frame_1783822859493.jpg,2,blue,0.8677,137.30,294.18,103,254,68,73,1.697,-5.562,0.00001525,-0.00004996,10.00,calibration-file(no-undistort)
1783822863.010,detection_logs/frame_1783822863001.jpg,3,red,0.5082,631.50,231.50,598,196,67,71,2.143,-1.815,0.00001925,-0.00001631,10.00,calibration-file(no-undistort)
1783822863.010,detection_logs/frame_1783822863001.jpg,4,green,0.2975,633.00,229.50,600,193,66,73,2.157,-1.804,0.00001938,-0.00001620,10.00,calibration-file(no-undistort)
1783822863.072,detection_logs/frame_1783822863062.jpg,3,red,0.4684,637.80,233.51,610,200,68,71,2.128,-1.767,0.00001912,-0.00001588,10.00,calibration-file(no-undistort)
1783822863.072,detection_logs/frame_1783822863062.jpg,4,green,0.5664,638.54,232.27,611,199,66,72,2.137,-1.762,0.00001920,-0.00001583,10.00,calibration-file(no-undistort)
1783822863.241,detection_logs/frame_1783822863231.jpg,3,red,0.5257,646.80,239.47,618,208,66,70,2.086,-1.699,0.00001874,-0.00001526,10.00,calibration-file(no-undistort)
1783822863.241,detection_logs/frame_1783822863231.jpg,4,green,0.5333,646.96,238.52,618,207,66,70,2.093,-1.698,0.00001880,-0.00001525,10.00,calibration-file(no-undistort)
1783822863.315,detection_logs/frame_1783822863305.jpg,3,red,0.5100,650.80,245.19,616,212,67,70,2.046,-1.669,0.00001838,-0.00001499,10.00,calibration-file(no-undistort)
1783822863.315,detection_logs/frame_1783822863305.jpg,4,green,0.6601,651.25,245.22,617,213,67,69,2.045,-1.665,0.00001837,-0.00001496,10.00,calibration-file(no-undistort)
1783822863.378,detection_logs/frame_1783822863368.jpg,3,red,0.6773,648.18,245.67,608,207,67,71,2.042,-1.689,0.00001834,-0.00001517,10.00,calibration-file(no-undistort)
1783822863.378,detection_logs/frame_1783822863368.jpg,4,green,0.5343,648.56,245.95,609,207,66,71,2.040,-1.686,0.00001833,-0.00001514,10.00,calibration-file(no-undistort)
1783822863.445,detection_logs/frame_1783822863435.jpg,3,red,0.7658,639.81,242.40,594,201,69,70,2.065,-1.752,0.00001855,-0.00001574,10.00,calibration-file(no-undistort)
1783822863.445,detection_logs/frame_1783822863435.jpg,4,green,0.6130,639.93,242.04,595,199,67,71,2.068,-1.751,0.00001858,-0.00001573,10.00,calibration-file(no-undistort)
1783822863.510,detection_logs/frame_1783822863500.jpg,3,red,0.6047,632.36,237.61,590,195,68,71,2.099,-1.809,0.00001886,-0.00001625,10.00,calibration-file(no-undistort)
1783822863.510,detection_logs/frame_1783822863500.jpg,4,green,0.4035,632.33,236.82,590,193,68,72,2.105,-1.809,0.00001891,-0.00001625,10.00,calibration-file(no-undistort)
1783822863.574,detection_logs/frame_1783822863563.jpg,3,red,0.6187,632.80,236.36,601,200,70,70,2.108,-1.805,0.00001894,-0.00001622,10.00,calibration-file(no-undistort)
1783822863.574,detection_logs/frame_1783822863563.jpg,4,green,0.5385,632.46,235.48,602,198,67,72,2.114,-1.808,0.00001899,-0.00001624,10.00,calibration-file(no-undistort)
1783822863.640,detection_logs/frame_1783822863631.jpg,3,red,0.5533,640.46,237.84,620,205,66,71,2.098,-1.747,0.00001884,-0.00001570,10.00,calibration-file(no-undistort)
1783822863.640,detection_logs/frame_1783822863631.jpg,4,green,0.4474,640.57,237.12,621,204,66,72,2.103,-1.746,0.00001889,-0.00001569,10.00,calibration-file(no-undistort)
1783822863.715,detection_logs/frame_1783822863704.jpg,3,red,0.7272,656.91,240.37,645,209,69,70,2.080,-1.623,0.00001868,-0.00001458,10.00,calibration-file(no-undistort)
1783822863.715,detection_logs/frame_1783822863704.jpg,4,green,0.3494,657.35,239.35,647,207,67,71,2.087,-1.619,0.00001875,-0.00001455,10.00,calibration-file(no-undistort)
1783822863.770,detection_logs/frame_1783822863761.jpg,3,red,0.7508,684.06,239.76,684,203,67,70,2.084,-1.417,0.00001872,-0.00001273,10.00,calibration-file(no-undistort)
1783822863.770,detection_logs/frame_1783822863761.jpg,4,green,0.6171,684.55,239.33,685,203,66,71,2.087,-1.413,0.00001875,-0.00001269,10.00,calibration-file(no-undistort)
1783822863.838,detection_logs/frame_1783822863829.jpg,3,red,0.4486,717.20,235.42,719,193,66,71,2.115,-1.165,0.00001900,-0.00001047,10.00,calibration-file(no-undistort)
1783822863.838,detection_logs/frame_1783822863829.jpg,4,green,0.3665,717.72,234.42,719,191,67,71,2.122,-1.162,0.00001906,-0.00001043,10.00,calibration-file(no-undistort)
1783822863.912,detection_logs/frame_1783822863902.jpg,3,red,0.4287,753.52,230.16,752,187,66,73,2.152,-0.890,0.00001933,-0.00000800,10.00,calibration-file(no-undistort)
1783822863.912,detection_logs/frame_1783822863902.jpg,4,green,0.3421,753.85,228.93,752,187,66,70,2.161,-0.888,0.00001941,-0.00000797,10.00,calibration-file(no-undistort)
1783822863.968,detection_logs/frame_1783822863957.jpg,3,red,0.5318,792.26,227.79,787,192,66,70,2.169,-0.596,0.00001949,-0.00000536,10.00,calibration-file(no-undistort)
1783822863.968,detection_logs/frame_1783822863957.jpg,4,green,0.5894,792.65,226.20,788,190,65,70,2.180,-0.593,0.00001959,-0.00000533,10.00,calibration-file(no-undistort)
1783822864.042,detection_logs/frame_1783822864033.jpg,3,red,0.6136,829.93,228.30,817,196,65,72,2.165,-0.311,0.00001945,-0.00000279,10.00,calibration-file(no-undistort)
1783822864.042,detection_logs/frame_1783822864033.jpg,4,green,0.3185,830.16,227.25,817,196,65,72,2.173,-0.309,0.00001952,-0.00000278,10.00,calibration-file(no-undistort)
1783822864.110,detection_logs/frame_1783822864101.jpg,3,red,0.6088,864.38,230.16,840,200,69,70,2.152,-0.050,0.00001933,-0.00000045,10.00,calibration-file(no-undistort)
1783822864.110,detection_logs/frame_1783822864101.jpg,4,green,0.3911,864.70,228.93,842,198,66,71,2.161,-0.047,0.00001941,-0.00000042,10.00,calibration-file(no-undistort)
1783822864.168,detection_logs/frame_1783822864157.jpg,3,red,0.4847,897.60,228.53,870,192,67,70,2.164,0.202,0.00001944,0.00000182,10.00,calibration-file(no-undistort)
1783822864.168,detection_logs/frame_1783822864157.jpg,4,green,0.3199,897.59,227.57,870,191,66,71,2.171,0.202,0.00001950,0.00000182,10.00,calibration-file(no-undistort)
1783822864.250,detection_logs/frame_1783822864241.jpg,3,red,0.5108,926.88,223.39,892,180,67,74,2.200,0.424,0.00001977,0.00000381,10.00,calibration-file(no-undistort)
1783822864.311,detection_logs/frame_1783822864300.jpg,3,red,0.6064,951.91,217.31,912,175,65,72,2.244,0.614,0.00002015,0.00000551,10.00,calibration-file(no-undistort)
1783822864.311,detection_logs/frame_1783822864300.jpg,4,green,0.4139,950.92,218.18,912,175,65,72,2.237,0.606,0.00002010,0.00000545,10.00,calibration-file(no-undistort)
1783822864.373,detection_logs/frame_1783822864361.jpg,3,red,0.5244,975.63,215.47,934,180,68,74,2.257,0.794,0.00002027,0.00000713,10.00,calibration-file(no-undistort)
1783822864.373,detection_logs/frame_1783822864361.jpg,4,green,0.3033,973.85,215.14,935,178,64,73,2.259,0.780,0.00002029,0.00000701,10.00,calibration-file(no-undistort)
1783822864.436,detection_logs/frame_1783822864426.jpg,3,red,0.3634,996.53,217.52,953,189,67,71,2.242,0.952,0.00002014,0.00000855,10.00,calibration-file(no-undistort)
1783822864.436,detection_logs/frame_1783822864426.jpg,4,green,0.5649,995.22,216.72,953,188,68,69,2.248,0.942,0.00002019,0.00000846,10.00,calibration-file(no-undistort)
1783822864.504,detection_logs/frame_1783822864495.jpg,3,red,0.5777,1013.71,219.61,967,190,67,70,2.227,1.082,0.00002001,0.00000972,10.00,calibration-file(no-undistort)
1783822864.504,detection_logs/frame_1783822864495.jpg,4,green,0.5084,1012.60,219.09,967,190,66,70,2.231,1.074,0.00002004,0.00000965,10.00,calibration-file(no-undistort)
1783822864.565,detection_logs/frame_1783822864555.jpg,3,red,0.5285,1029.37,218.76,984,184,66,69,2.233,1.201,0.00002006,0.00001079,10.00,calibration-file(no-undistort)
1783822864.565,detection_logs/frame_1783822864555.jpg,4,green,0.2956,1028.75,218.19,984,183,66,70,2.237,1.196,0.00002010,0.00001075,10.00,calibration-file(no-undistort)
1783822864.633,detection_logs/frame_1783822864624.jpg,3,red,0.5956,1043.99,214.23,1000,173,66,71,2.265,1.312,0.00002035,0.00001179,10.00,calibration-file(no-undistort)
1783822864.633,detection_logs/frame_1783822864624.jpg,4,green,0.4613,1043.76,213.83,999,173,68,71,2.268,1.310,0.00002038,0.00001177,10.00,calibration-file(no-undistort)
1783822864.704,detection_logs/frame_1783822864694.jpg,3,red,0.6234,1055.32,208.96,1009,167,66,73,2.303,1.398,0.00002069,0.00001256,10.00,calibration-file(no-undistort)
1783822864.704,detection_logs/frame_1783822864694.jpg,4,green,0.3966,1055.54,208.51,1009,167,67,72,2.306,1.400,0.00002072,0.00001257,10.00,calibration-file(no-undistort)
1783822864.763,detection_logs/frame_1783822864754.jpg,3,red,0.6677,1067.86,207.09,1025,172,69,72,2.316,1.493,0.00002081,0.00001341,10.00,calibration-file(no-undistort)
1783822864.763,detection_logs/frame_1783822864754.jpg,4,green,0.5033,1067.97,206.40,1025,171,68,72,2.321,1.494,0.00002085,0.00001342,10.00,calibration-file(no-undistort)
1783822864.834,detection_logs/frame_1783822864824.jpg,3,red,0.4843,1080.19,208.66,1040,177,67,75,2.305,1.586,0.00002071,0.00001425,10.00,calibration-file(no-undistort)
1783822864.834,detection_logs/frame_1783822864824.jpg,4,green,0.4250,1080.38,208.21,1040,178,67,73,2.308,1.588,0.00002074,0.00001426,10.00,calibration-file(no-undistort)
1783822864.902,detection_logs/frame_1783822864892.jpg,3,red,0.3744,1090.55,212.96,1049,186,67,71,2.274,1.665,0.00002043,0.00001496,10.00,calibration-file(no-undistort)
1783822864.902,detection_logs/frame_1783822864892.jpg,4,green,0.4097,1090.56,211.69,1048,184,68,70,2.284,1.665,0.00002051,0.00001496,10.00,calibration-file(no-undistort)
1783822864.966,detection_logs/frame_1783822864956.jpg,3,red,0.5718,1102.01,213.14,1063,177,69,73,2.273,1.752,0.00002042,0.00001574,10.00,calibration-file(no-undistort)
1783822864.966,detection_logs/frame_1783822864956.jpg,4,green,0.5893,1102.06,212.47,1064,178,67,72,2.278,1.752,0.00002046,0.00001574,10.00,calibration-file(no-undistort)
1783822865.030,detection_logs/frame_1783822865019.jpg,3,red,0.6734,1113.86,209.68,1076,168,70,73,2.298,1.842,0.00002064,0.00001654,10.00,calibration-file(no-undistort)
1783822865.030,detection_logs/frame_1783822865019.jpg,4,green,0.3976,1113.93,209.06,1077,168,68,72,2.302,1.842,0.00002068,0.00001655,10.00,calibration-file(no-undistort)
1783822865.098,detection_logs/frame_1783822865087.jpg,3,red,0.6291,1124.89,205.11,1088,163,67,73,2.330,1.925,0.00002093,0.00001730,10.00,calibration-file(no-undistort)
1783822865.098,detection_logs/frame_1783822865087.jpg,4,green,0.5125,1124.57,204.74,1087,164,67,71,2.333,1.923,0.00002096,0.00001727,10.00,calibration-file(no-undistort)
1783822865.167,detection_logs/frame_1783822865156.jpg,3,red,0.5988,1136.20,202.64,1100,165,68,73,2.348,2.011,0.00002109,0.00001806,10.00,calibration-file(no-undistort)
1783822865.167,detection_logs/frame_1783822865156.jpg,4,green,0.6094,1135.98,202.46,1101,166,66,71,2.349,2.009,0.00002110,0.00001805,10.00,calibration-file(no-undistort)
1783822865.234,detection_logs/frame_1783822865225.jpg,3,red,0.6481,1148.97,204.26,1116,174,67,71,2.336,2.108,0.00002099,0.00001893,10.00,calibration-file(no-undistort)
1783822865.234,detection_logs/frame_1783822865225.jpg,4,green,0.6691,1148.43,204.61,1116,175,65,71,2.334,2.104,0.00002097,0.00001890,10.00,calibration-file(no-undistort)
1783822865.292,detection_logs/frame_1783822865282.jpg,3,red,0.6039,1159.88,208.13,1123,179,69,73,2.309,2.191,0.00002074,0.00001968,10.00,calibration-file(no-undistort)
1783822865.292,detection_logs/frame_1783822865282.jpg,4,green,0.4371,1159.51,207.65,1125,178,65,71,2.312,2.188,0.00002077,0.00001965,10.00,calibration-file(no-undistort)
1783822865.351,detection_logs/frame_1783822865342.jpg,3,red,0.5648,1172.01,208.54,1138,173,68,72,2.306,2.282,0.00002071,0.00002050,10.00,calibration-file(no-undistort)
1783822865.351,detection_logs/frame_1783822865342.jpg,4,green,0.5162,1171.77,208.63,1139,174,66,72,2.305,2.281,0.00002071,0.00002049,10.00,calibration-file(no-undistort)
1783822865.423,detection_logs/frame_1783822865413.jpg,3,red,0.5974,1184.88,205.03,1152,164,68,71,2.331,2.380,0.00002094,0.00002138,10.00,calibration-file(no-undistort)
1783822865.423,detection_logs/frame_1783822865413.jpg,4,green,0.6296,1184.95,205.74,1153,166,67,70,2.326,2.381,0.00002089,0.00002139,10.00,calibration-file(no-undistort)
1783822865.494,detection_logs/frame_1783822865485.jpg,3,red,0.6295,1197.31,200.19,1164,158,67,72,2.365,2.474,0.00002125,0.00002223,10.00,calibration-file(no-undistort)
1783822865.494,detection_logs/frame_1783822865485.jpg,4,green,0.4947,1197.00,199.95,1164,156,65,72,2.367,2.472,0.00002126,0.00002221,10.00,calibration-file(no-undistort)
1783822865.555,detection_logs/frame_1783822865546.jpg,3,red,0.6718,1209.79,197.71,1175,161,70,71,2.383,2.569,0.00002141,0.00002308,10.00,calibration-file(no-undistort)
1783822865.556,detection_logs/frame_1783822865546.jpg,4,green,0.3597,1209.79,197.53,1177,161,67,71,2.384,2.569,0.00002142,0.00002308,10.00,calibration-file(no-undistort)
1783822865.623,detection_logs/frame_1783822865612.jpg,3,red,0.5532,1223.70,199.11,1193,168,66,72,2.373,2.674,0.00002132,0.00002402,10.00,calibration-file(no-undistort)
1783822865.623,detection_logs/frame_1783822865612.jpg,4,green,0.6049,1223.53,199.19,1192,169,67,71,2.372,2.673,0.00002131,0.00002401,10.00,calibration-file(no-undistort)
1783822865.692,detection_logs/frame_1783822865680.jpg,3,red,0.6969,1235.46,202.42,1201,173,66,72,2.349,2.763,0.00002110,0.00002482,10.00,calibration-file(no-undistort)
1783822865.692,detection_logs/frame_1783822865680.jpg,4,green,0.5436,1235.35,202.29,1201,172,66,73,2.350,2.763,0.00002111,0.00002482,10.00,calibration-file(no-undistort)
1783822865.758,detection_logs/frame_1783822865747.jpg,3,red,0.6560,1248.17,202.82,1215,168,67,71,2.347,2.860,0.00002108,0.00002569,10.00,calibration-file(no-undistort)
1783822865.758,detection_logs/frame_1783822865747.jpg,4,green,0.6246,1248.12,202.73,1216,168,65,71,2.347,2.860,0.00002108,0.00002569,10.00,calibration-file(no-undistort)
1783822865.823,detection_logs/frame_1783822865812.jpg,3,red,0.6114,1262.44,199.52,1231,158,68,73,2.370,2.968,0.00002129,0.00002666,10.00,calibration-file(no-undistort)
1783822865.823,detection_logs/frame_1783822865812.jpg,4,green,0.4979,1262.22,199.26,1231,158,67,72,2.372,2.966,0.00002131,0.00002665,10.00,calibration-file(no-undistort)
1783822865.891,detection_logs/frame_1783822865880.jpg,3,red,0.4142,1275.44,195.86,1242,155,67,73,2.396,3.067,0.00002152,0.00002755,10.00,calibration-file(no-undistort)
1783822865.891,detection_logs/frame_1783822865880.jpg,4,green,0.5476,1275.30,195.28,1242,155,67,71,2.400,3.066,0.00002156,0.00002754,10.00,calibration-file(no-undistort)
1783822865.957,detection_logs/frame_1783822865945.jpg,3,red,0.6334,1288.24,193.06,1254,155,68,72,2.416,3.164,0.00002170,0.00002842,10.00,calibration-file(no-undistort)
1783822865.957,detection_logs/frame_1783822865945.jpg,4,green,0.5161,1288.36,192.65,1255,155,67,72,2.419,3.165,0.00002173,0.00002843,10.00,calibration-file(no-undistort)
1783822866.020,detection_logs/frame_1783822866010.jpg,3,red,0.6704,1302.11,194.59,1269,164,69,71,2.405,3.269,0.00002160,0.00002936,10.00,calibration-file(no-undistort)
1783822866.020,detection_logs/frame_1783822866010.jpg,4,green,0.5212,1302.41,194.11,1271,164,66,70,2.408,3.271,0.00002163,0.00002938,10.00,calibration-file(no-undistort)
1783822866.086,detection_logs/frame_1783822866076.jpg,3,red,0.5678,1315.35,197.57,1281,167,69,73,2.384,3.369,0.00002141,0.00003027,10.00,calibration-file(no-undistort)
1783822866.086,detection_logs/frame_1783822866076.jpg,4,green,0.4539,1315.39,197.66,1281,168,68,73,2.383,3.369,0.00002141,0.00003027,10.00,calibration-file(no-undistort)
1783822866.147,detection_logs/frame_1783822866138.jpg,3,red,0.6099,1328.32,198.92,1295,165,66,72,2.374,3.467,0.00002133,0.00003115,10.00,calibration-file(no-undistort)
1783822866.147,detection_logs/frame_1783822866138.jpg,4,green,0.4924,1328.75,199.23,1296,166,66,71,2.372,3.471,0.00002131,0.00003118,10.00,calibration-file(no-undistort)
1783822866.223,detection_logs/frame_1783822866212.jpg,3,red,0.6783,1343.67,196.52,1313,156,68,73,2.391,3.584,0.00002148,0.00003219,10.00,calibration-file(no-undistort)
1783822866.223,detection_logs/frame_1783822866212.jpg,4,green,0.5691,1343.78,196.78,1313,156,67,73,2.389,3.585,0.00002146,0.00003220,10.00,calibration-file(no-undistort)
1783822866.293,detection_logs/frame_1783822866284.jpg,3,red,0.6055,1357.79,191.70,1324,148,69,74,2.426,3.691,0.00002179,0.00003316,10.00,calibration-file(no-undistort)
1783822866.293,detection_logs/frame_1783822866284.jpg,4,green,0.4447,1357.46,191.70,1323,148,69,73,2.426,3.688,0.00002179,0.00003313,10.00,calibration-file(no-undistort)
1783822866.348,detection_logs/frame_1783822866338.jpg,3,red,0.4108,1371.33,189.77,1337,153,68,72,2.439,3.794,0.00002191,0.00003408,10.00,calibration-file(no-undistort)
1783822866.348,detection_logs/frame_1783822866338.jpg,4,green,0.6102,1370.67,189.38,1336,152,68,72,2.442,3.789,0.00002194,0.00003403,10.00,calibration-file(no-undistort)
1783822866.414,detection_logs/frame_1783822866404.jpg,3,red,0.6482,1385.83,190.35,1352,158,70,71,2.435,3.903,0.00002188,0.00003507,10.00,calibration-file(no-undistort)
1783822866.414,detection_logs/frame_1783822866404.jpg,4,green,0.4500,1385.33,190.26,1353,158,68,72,2.436,3.900,0.00002188,0.00003503,10.00,calibration-file(no-undistort)
1783822866.567,detection_logs/frame_1783822866556.jpg,3,red,0.6419,1398.43,193.20,1362,164,69,70,2.415,3.999,0.00002169,0.00003592,10.00,calibration-file(no-undistort)
1783822866.567,detection_logs/frame_1783822866556.jpg,4,green,0.5632,1398.09,193.15,1363,164,67,70,2.415,3.996,0.00002170,0.00003590,10.00,calibration-file(no-undistort)
1783822866.674,detection_logs/frame_1783822866665.jpg,3,red,0.5750,1411.01,194.65,1376,161,67,72,2.405,4.094,0.00002160,0.00003678,10.00,calibration-file(no-undistort)
1783822866.674,detection_logs/frame_1783822866665.jpg,4,green,0.4792,1410.59,194.23,1376,161,66,70,2.408,4.091,0.00002163,0.00003675,10.00,calibration-file(no-undistort)
1783822866.738,detection_logs/frame_1783822866727.jpg,3,red,0.4308,1422.81,192.74,1387,154,67,71,2.418,4.184,0.00002172,0.00003758,10.00,calibration-file(no-undistort)
1783822866.738,detection_logs/frame_1783822866727.jpg,4,green,0.4867,1422.14,192.24,1386,153,67,72,2.422,4.179,0.00002175,0.00003754,10.00,calibration-file(no-undistort)
1783822866.795,detection_logs/frame_1783822866786.jpg,3,red,0.4061,1430.27,188.49,1389,147,66,71,2.448,4.240,0.00002199,0.00003809,10.00,calibration-file(no-undistort)
1783822866.795,detection_logs/frame_1783822866786.jpg,4,green,0.4053,1429.61,188.14,1388,146,67,73,2.451,4.235,0.00002202,0.00003805,10.00,calibration-file(no-undistort)
1783822866.953,detection_logs/frame_1783822866944.jpg,5,blue,0.8562,1416.00,189.00,1383,153,66,72,2.445,4.132,0.00002196,0.00003712,10.00,calibration-file(no-undistort)
1783822867.024,detection_logs/frame_1783822867012.jpg,5,blue,0.8283,1412.98,192.78,1376,161,68,71,2.418,4.109,0.00002172,0.00003691,10.00,calibration-file(no-undistort)
1783822867.092,detection_logs/frame_1783822867081.jpg,5,blue,0.8611,1408.87,201.28,1374,170,66,72,2.357,4.078,0.00002118,0.00003663,10.00,calibration-file(no-undistort)
1783822867.151,detection_logs/frame_1783822867142.jpg,5,blue,0.8389,1408.10,204.33,1376,167,67,72,2.336,4.072,0.00002098,0.00003658,10.00,calibration-file(no-undistort)
1783822867.222,detection_logs/frame_1783822867212.jpg,5,blue,0.8902,1415.46,201.00,1392,159,63,71,2.359,4.128,0.00002120,0.00003708,10.00,calibration-file(no-undistort)
1783822867.301,detection_logs/frame_1783822867292.jpg,5,blue,0.8593,1427.08,196.00,1406,153,64,72,2.395,4.216,0.00002151,0.00003787,10.00,calibration-file(no-undistort)
1783822867.358,detection_logs/frame_1783822867348.jpg,5,blue,0.8222,1448.26,192.55,1436,153,65,71,2.420,4.377,0.00002173,0.00003932,10.00,calibration-file(no-undistort)
1783822867.424,detection_logs/frame_1783822867413.jpg,5,blue,0.8790,1477.23,192.49,1471,157,66,73,2.420,4.596,0.00002174,0.00004129,10.00,calibration-file(no-undistort)
1783822867.487,detection_logs/frame_1783822867477.jpg,5,blue,0.8543,1509.57,193.80,1502,160,68,73,2.411,4.842,0.00002165,0.00004349,10.00,calibration-file(no-undistort)
1783822867.548,detection_logs/frame_1783822867537.jpg,5,blue,0.8864,1546.22,190.89,1539,150,69,74,2.431,5.119,0.00002184,0.00004599,10.00,calibration-file(no-undistort)
1783822867.619,detection_logs/frame_1783822867609.jpg,5,blue,0.8731,1586.61,182.95,1579,135,69,75,2.488,5.426,0.00002235,0.00004874,10.00,calibration-file(no-undistort)
1783822867.686,detection_logs/frame_1783822867674.jpg,5,blue,0.8564,1625.25,174.03,1609,127,69,75,2.551,5.719,0.00002292,0.00005137,10.00,calibration-file(no-undistort)
1783822867.750,detection_logs/frame_1783822867740.jpg,5,blue,0.8787,1661.92,168.01,1639,127,68,76,2.594,5.997,0.00002330,0.00005387,10.00,calibration-file(no-undistort)
1783822867.819,detection_logs/frame_1783822867808.jpg,5,blue,0.8734,1697.36,166.12,1668,132,72,76,2.607,6.265,0.00002342,0.00005628,10.00,calibration-file(no-undistort)
1783822867.886,detection_logs/frame_1783822867875.jpg,5,blue,0.8421,1727.84,166.16,1690,134,71,76,2.607,6.496,0.00002342,0.00005836,10.00,calibration-file(no-undistort)
1783822867.946,detection_logs/frame_1783822867936.jpg,5,blue,0.8613,1755.50,164.73,1713,129,73,76,2.617,6.706,0.00002351,0.00006024,10.00,calibration-file(no-undistort)
1783822868.016,detection_logs/frame_1783822868005.jpg,5,blue,0.8710,1782.33,159.69,1741,118,71,76,2.653,6.909,0.00002383,0.00006207,10.00,calibration-file(no-undistort)
1783822868.096,detection_logs/frame_1783822868086.jpg,5,blue,0.7698,1804.26,153.30,1757,110,71,77,2.698,7.076,0.00002424,0.00006356,10.00,calibration-file(no-undistort)
1783822868.154,detection_logs/frame_1783822868142.jpg,5,blue,0.8461,1822.50,150.63,1772,115,72,75,2.717,7.214,0.00002441,0.00006480,10.00,calibration-file(no-undistort)
1783822868.222,detection_logs/frame_1783822868211.jpg,5,blue,0.8365,1839.67,151.61,1791,120,72,77,2.710,7.344,0.00002435,0.00006597,10.00,calibration-file(no-undistort)
1783822868.290,detection_logs/frame_1783822868280.jpg,5,blue,0.8659,1852.76,154.85,1801,126,72,75,2.687,7.443,0.00002414,0.00006686,10.00,calibration-file(no-undistort)
1783822868.349,detection_logs/frame_1783822868338.jpg,5,blue,0.8300,1863.72,157.21,1812,124,73,77,2.671,7.526,0.00002399,0.00006761,10.00,calibration-file(no-undistort)
1783822868.411,detection_logs/frame_1783822868400.jpg,5,blue,0.8167,1876.46,153.92,1831,112,73,75,2.694,7.623,0.00002420,0.00006848,10.00,calibration-file(no-undistort)
1783822868.476,detection_logs/frame_1783822868466.jpg,5,blue,0.8127,1887.66,149.12,1842,105,73,77,2.728,7.708,0.00002451,0.00006924,10.00,calibration-file(no-undistort)
1783822868.539,detection_logs/frame_1783822868528.jpg,5,blue,0.7616,1896.10,146.52,1851,107,68,77,2.747,7.772,0.00002467,0.00006982,10.00,calibration-file(no-undistort)
1783822868.605,detection_logs/frame_1783822868596.jpg,5,blue,0.7520,1902.91,147.46,1865,115,54,74,2.740,7.824,0.00002461,0.00007028,10.00,calibration-file(no-undistort)
1783822868.674,detection_logs/frame_1783822868664.jpg,5,blue,0.7560,1907.57,151.87,1872,123,48,75,2.709,7.859,0.00002433,0.00007060,10.00,calibration-file(no-undistort)
1783822868.746,detection_logs/frame_1783822868736.jpg,5,blue,0.8499,1910.66,155.33,1879,123,41,75,2.684,7.882,0.00002411,0.00007081,10.00,calibration-file(no-undistort)
1783822868.815,detection_logs/frame_1783822868807.jpg,5,blue,0.6367,1915.46,154.88,1899,118,21,70,2.687,7.919,0.00002414,0.00007113,10.00,calibration-file(no-undistort)
1783822868.883,detection_logs/frame_1783822868874.jpg,5,blue,0.7839,1919.18,152.03,1906,110,14,74,2.707,7.947,0.00002432,0.00007139,10.00,calibration-file(no-undistort)
1783822909.302,detection_logs/frame_1783822909292.jpg,6,green,0.3320,1895.00,30.50,1871,1,48,59,3.571,7.764,0.00003208,0.00006974,10.00,calibration-file(no-undistort)
1783822909.364,detection_logs/frame_1783822909354.jpg,6,green,0.3211,1895.76,34.28,1873,2,47,72,3.544,7.769,0.00003184,0.00006979,10.00,calibration-file(no-undistort)
1783822909.425,detection_logs/frame_1783822909416.jpg,6,green,0.3765,1898.39,36.35,1880,1,40,71,3.529,7.789,0.00003170,0.00006997,10.00,calibration-file(no-undistort)
1783822909.499,detection_logs/frame_1783822909488.jpg,6,green,0.3893,1900.20,42.46,1881,9,39,73,3.486,7.803,0.00003131,0.00007010,10.00,calibration-file(no-undistort)
1783822909.562,detection_logs/frame_1783822909551.jpg,6,green,0.4936,1901.08,55.65,1881,28,39,72,3.392,7.810,0.00003047,0.00007015,10.00,calibration-file(no-undistort)
1783822909.562,detection_logs/frame_1783822909551.jpg,7,red,0.2899,1899.50,61.00,1879,20,41,82,3.354,7.798,0.00003013,0.00007005,10.00,calibration-file(no-undistort)
1783822909.630,detection_logs/frame_1783822909620.jpg,6,green,0.4633,1900.97,72.22,1879,48,41,69,3.274,7.809,0.00002941,0.00007015,10.00,calibration-file(no-undistort)
1783822909.630,detection_logs/frame_1783822909620.jpg,7,red,0.2846,1899.00,72.59,1877,47,43,74,3.272,7.794,0.00002939,0.00007001,10.00,calibration-file(no-undistort)
1783822909.695,detection_logs/frame_1783822909685.jpg,6,green,0.4968,1900.81,92.08,1879,69,41,71,3.133,7.808,0.00002815,0.00007014,10.00,calibration-file(no-undistort)
1783822909.695,detection_logs/frame_1783822909685.jpg,7,red,0.2817,1897.73,86.01,1874,41,46,101,3.176,7.784,0.00002853,0.00006993,10.00,calibration-file(no-undistort)
1783822909.695,detection_logs/frame_1783822909685.jpg,8,red,0.3574,1899.00,105.50,1878,70,42,71,3.038,7.794,0.00002729,0.00007001,10.00,calibration-file(no-undistort)
1783822909.760,detection_logs/frame_1783822909749.jpg,6,green,0.4105,1901.05,109.66,1881,82,39,70,3.008,7.809,0.00002703,0.00007015,10.00,calibration-file(no-undistort)
1783822909.760,detection_logs/frame_1783822909749.jpg,7,red,0.3221,1898.16,108.38,1878,82,42,72,3.018,7.787,0.00002711,0.00006996,10.00,calibration-file(no-undistort)
1783822909.826,detection_logs/frame_1783822909817.jpg,6,green,0.4539,1901.57,121.46,1883,86,37,67,2.925,7.813,0.00002627,0.00007019,10.00,calibration-file(no-undistort)
1783822909.826,detection_logs/frame_1783822909817.jpg,7,red,0.3396,1899.28,120.58,1881,85,39,68,2.931,7.796,0.00002633,0.00007003,10.00,calibration-file(no-undistort)
1783822909.894,detection_logs/frame_1783822909885.jpg,6,green,0.4990,1902.28,132.76,1885,97,35,67,2.844,7.819,0.00002555,0.00007024,10.00,calibration-file(no-undistort)
1783822909.894,detection_logs/frame_1783822909885.jpg,7,red,0.3541,1900.45,132.05,1883,96,37,68,2.849,7.805,0.00002560,0.00007011,10.00,calibration-file(no-undistort)
1783822909.949,detection_logs/frame_1783822909941.jpg,6,green,0.5202,1902.93,146.99,1886,115,34,69,2.743,7.824,0.00002464,0.00007028,10.00,calibration-file(no-undistort)
1783822909.949,detection_logs/frame_1783822909941.jpg,7,red,0.3446,1901.16,146.38,1883,110,37,76,2.748,7.810,0.00002468,0.00007016,10.00,calibration-file(no-undistort)
1783822910.146,detection_logs/frame_1783822910136.jpg,6,green,0.5129,1903.32,163.17,1886,135,34,66,2.628,7.827,0.00002361,0.00007031,10.00,calibration-file(no-undistort)
1783822910.146,detection_logs/frame_1783822910136.jpg,7,red,0.3292,1902.03,163.31,1885,134,35,68,2.627,7.817,0.00002360,0.00007022,10.00,calibration-file(no-undistort)
1783822910.206,detection_logs/frame_1783822910197.jpg,6,green,0.5558,1903.32,177.71,1885,146,35,66,2.525,7.827,0.00002268,0.00007031,10.00,calibration-file(no-undistort)
1783822910.206,detection_logs/frame_1783822910197.jpg,7,red,0.3430,1902.35,177.90,1884,144,36,69,2.524,7.819,0.00002267,0.00007024,10.00,calibration-file(no-undistort)
1783822910.354,detection_logs/frame_1783822910345.jpg,6,green,0.6002,1903.85,186.75,1888,146,32,67,2.461,7.831,0.00002210,0.00007034,10.00,calibration-file(no-undistort)
1783822910.354,detection_logs/frame_1783822910345.jpg,7,red,0.2962,1902.92,187.16,1886,147,34,66,2.458,7.824,0.00002208,0.00007028,10.00,calibration-file(no-undistort)
1783822910.436,detection_logs/frame_1783822910426.jpg,6,green,0.4515,1904.98,189.07,1892,140,28,67,2.444,7.839,0.00002196,0.00007042,10.00,calibration-file(no-undistort)
1783822910.436,detection_logs/frame_1783822910426.jpg,7,red,0.3410,1904.29,189.81,1891,142,29,65,2.439,7.834,0.00002191,0.00007037,10.00,calibration-file(no-undistort)
1783822910.507,detection_logs/frame_1783822910497.jpg,6,green,0.3452,1906.16,185.78,1894,132,26,67,2.468,7.848,0.00002217,0.00007050,10.00,calibration-file(no-undistort)
1783822910.507,detection_logs/frame_1783822910497.jpg,7,red,0.3586,1905.61,186.99,1893,134,27,66,2.459,7.844,0.00002209,0.00007046,10.00,calibration-file(no-undistort)
1783822910.567,detection_logs/frame_1783822910557.jpg,6,green,0.3486,1907.14,178.88,1895,125,25,66,2.517,7.856,0.00002261,0.00007057,10.00,calibration-file(no-undistort)
1783822910.567,detection_logs/frame_1783822910557.jpg,7,red,0.3600,1906.69,181.24,1894,129,26,65,2.500,7.852,0.00002246,0.00007054,10.00,calibration-file(no-undistort)
1783822910.636,detection_logs/frame_1783822910625.jpg,6,green,0.3415,1907.97,177.37,1896,136,24,67,2.527,7.862,0.00002270,0.00007062,10.00,calibration-file(no-undistort)
1783822910.636,detection_logs/frame_1783822910625.jpg,7,red,0.3741,1907.36,179.95,1894,139,26,65,2.509,7.857,0.00002254,0.00007058,10.00,calibration-file(no-undistort)
1783822910.699,detection_logs/frame_1783822910690.jpg,6,green,0.3846,1908.06,185.14,1894,160,26,66,2.472,7.863,0.00002221,0.00007063,10.00,calibration-file(no-undistort)
1783822910.699,detection_logs/frame_1783822910690.jpg,7,red,0.2709,1907.33,187.39,1892,160,28,68,2.456,7.857,0.00002206,0.00007058,10.00,calibration-file(no-undistort)
1783822910.762,detection_logs/frame_1783822910752.jpg,6,green,0.3478,1908.02,197.76,1894,175,26,72,2.383,7.862,0.00002140,0.00007063,10.00,calibration-file(no-undistort)
1783822910.762,detection_logs/frame_1783822910752.jpg,7,red,0.3385,1907.39,200.69,1893,180,27,69,2.362,7.857,0.00002121,0.00007058,10.00,calibration-file(no-undistort)
1783822910.833,detection_logs/frame_1783822910823.jpg,6,green,0.3411,1908.10,213.59,1895,194,25,69,2.270,7.863,0.00002039,0.00007063,10.00,calibration-file(no-undistort)
1783822910.833,detection_logs/frame_1783822910823.jpg,7,red,0.3100,1907.54,216.79,1894,200,26,63,2.247,7.859,0.00002019,0.00007059,10.00,calibration-file(no-undistort)
1783822910.907,detection_logs/frame_1783822910898.jpg,6,green,0.2603,1908.49,237.51,1897,226,23,70,2.100,7.866,0.00001887,0.00007066,10.00,calibration-file(no-undistort)
1783822910.907,detection_logs/frame_1783822910898.jpg,7,red,0.3714,1907.78,240.66,1895,230,25,67,2.078,7.860,0.00001866,0.00007061,10.00,calibration-file(no-undistort)
1783822910.961,detection_logs/frame_1783822910952.jpg,6,green,0.2747,1908.72,267.70,1897,261,23,68,1.886,7.868,0.00001694,0.00007068,10.00,calibration-file(no-undistort)
1783822910.961,detection_logs/frame_1783822910952.jpg,7,red,0.3424,1907.89,270.35,1895,261,25,71,1.867,7.861,0.00001677,0.00007062,10.00,calibration-file(no-undistort)
1783822911.036,detection_logs/frame_1783822911025.jpg,6,green,0.2579,1908.84,304.21,1897,300,23,69,1.626,7.868,0.00001461,0.00007068,10.00,calibration-file(no-undistort)
1783822911.036,detection_logs/frame_1783822911025.jpg,7,red,0.3300,1907.93,304.85,1895,300,25,64,1.622,7.862,0.00001457,0.00007062,10.00,calibration-file(no-undistort)
1783822911.106,detection_logs/frame_1783822911095.jpg,6,green,0.2852,1908.88,343.99,1897,339,23,66,1.344,7.869,0.00001207,0.00007069,10.00,calibration-file(no-undistort)
1783822911.106,detection_logs/frame_1783822911095.jpg,7,red,0.3660,1907.91,344.73,1895,343,25,61,1.338,7.861,0.00001202,0.00007062,10.00,calibration-file(no-undistort)
1783822911.165,detection_logs/frame_1783822911156.jpg,7,red,0.3293,1908.05,382.38,1896,368,24,66,1.071,7.862,0.00000962,0.00007063,10.00,calibration-file(no-undistort)
1783822911.228,detection_logs/frame_1783822911219.jpg,7,red,0.3092,1908.14,413.31,1896,385,24,65,0.851,7.863,0.00000764,0.00007064,10.00,calibration-file(no-undistort)
1784074681.511,detection_logs/frame_1784074681472.jpg,1,red,0.5112,1643.60,713.28,1570,672,146,86,-1.280,9.689,-35.36327350,149.16534373,10.00,calibration-file(no-undistort)
1784074681.512,detection_logs/frame_1784074681472.jpg,2,green,0.6533,1643.50,343.50,1570,300,148,88,1.347,9.688,-35.36324990,149.16534372,10.00,calibration-file(no-undistort)
1784074681.562,detection_logs/frame_1784074681550.jpg,1,red,0.5211,1635.94,717.64,1556,680,144,86,-1.311,10.057,-35.36327378,149.16534778,10.00,calibration-file(no-undistort)
1784074681.562,detection_logs/frame_1784074681550.jpg,2,green,0.6613,1634.94,348.54,1554,310,146,88,1.311,10.050,-35.36325022,149.16534770,10.00,calibration-file(no-undistort)
1784074681.625,detection_logs/frame_1784074681613.jpg,2,green,0.6664,1622.99,353.64,1546,312,144,88,1.275,9.959,-35.36325055,149.16534670,10.00,calibration-file(no-undistort)
1784074681.680,detection_logs/frame_1784074681668.jpg,2,green,0.6731,1608.47,352.80,1532,306,144,88,1.281,9.849,-35.36325049,149.16534549,10.00,calibration-file(no-undistort)
1784074681.753,detection_logs/frame_1784074681741.jpg,2,green,0.6793,1594.08,346.59,1520,296,142,88,1.325,9.740,-35.36325010,149.16534429,10.00,calibration-file(no-undistort)
1784074681.824,detection_logs/frame_1784074681811.jpg,2,green,0.6832,1583.53,341.82,1514,294,142,88,1.359,10.059,-35.36324979,149.16534781,10.00,calibration-file(no-undistort)
1784074681.896,detection_logs/frame_1784074681883.jpg,1,red,0.5440,1574.93,715.58,1502,672,138,88,-1.297,9.994,-35.36327365,149.16534709,10.00,calibration-file(no-undistort)
1784074681.897,detection_logs/frame_1784074681883.jpg,2,green,0.6911,1571.92,341.70,1502,300,140,88,1.360,9.971,-35.36324978,149.16534684,10.00,calibration-file(no-undistort)
1784074681.957,detection_logs/frame_1784074681938.jpg,1,red,0.5474,1561.32,719.72,1490,680,138,88,-1.326,9.891,-35.36327391,149.16534595,10.00,calibration-file(no-undistort)
1784074681.957,detection_logs/frame_1784074681938.jpg,2,green,0.6973,1559.67,345.27,1490,308,138,88,1.334,9.878,-35.36325001,149.16534582,10.00,calibration-file(no-undistort)
1784074682.025,detection_logs/frame_1784074682010.jpg,1,red,0.5479,1551.56,723.09,1484,684,138,88,-1.350,10.207,-35.36327413,149.16534944,10.00,calibration-file(no-undistort)
1784074682.025,detection_logs/frame_1784074682010.jpg,2,green,0.7037,1549.96,348.67,1484,310,138,88,1.310,10.195,-35.36325023,149.16534931,10.00,calibration-file(no-undistort)
1784074682.088,detection_logs/frame_1784074682075.jpg,1,red,0.5613,1540.58,722.60,1472,678,136,88,-1.346,10.124,-35.36327409,149.16534852,10.00,calibration-file(no-undistort)
1784074682.088,detection_logs/frame_1784074682075.jpg,2,green,0.7076,1539.11,348.19,1472,302,136,90,1.314,10.113,-35.36325020,149.16534840,10.00,calibration-file(no-undistort)
1784074682.166,detection_logs/frame_1784074682153.jpg,1,red,0.5781,1528.81,718.48,1460,670,134,86,-1.317,10.035,-35.36327383,149.16534754,10.00,calibration-file(no-undistort)
1784074682.166,detection_logs/frame_1784074682153.jpg,2,green,0.7133,1527.83,344.52,1460,294,136,90,1.340,10.027,-35.36324996,149.16534746,10.00,calibration-file(no-undistort)
1784074682.238,detection_logs/frame_1784074682226.jpg,1,red,0.5704,1519.10,714.86,1454,668,134,88,-1.291,9.961,-35.36327360,149.16534673,10.00,calibration-file(no-undistort)
1784074682.238,detection_logs/frame_1784074682226.jpg,2,green,0.7150,1518.64,340.97,1454,292,136,90,1.365,9.958,-35.36324974,149.16534669,10.00,calibration-file(no-undistort)
1784074682.303,detection_logs/frame_1784074682288.jpg,1,red,0.5773,1508.93,715.01,1444,674,132,88,-1.292,10.265,-35.36327361,149.16535008,10.00,calibration-file(no-undistort)
1784074682.303,detection_logs/frame_1784074682288.jpg,2,green,0.7234,1508.59,340.84,1444,298,132,90,1.366,10.263,-35.36324973,149.16535005,10.00,calibration-file(no-undistort)
1784074682.380,detection_logs/frame_1784074682368.jpg,1,red,0.5861,1498.73,718.56,1434,682,130,88,-1.318,10.188,-35.36327384,149.16534923,10.00,calibration-file(no-undistort)
1784074682.381,detection_logs/frame_1784074682368.jpg,2,green,0.7291,1497.85,344.13,1432,306,132,90,1.343,10.181,-35.36324994,149.16534915,10.00,calibration-file(no-undistort)
1784074682.443,detection_logs/frame_1784074682430.jpg,1,red,0.5864,1490.40,722.08,1428,684,130,88,-1.343,10.125,-35.36327406,149.16534853,10.00,calibration-file(no-undistort)
1784074682.443,detection_logs/frame_1784074682430.jpg,2,green,0.7333,1489.37,346.70,1428,306,130,90,1.324,10.117,-35.36325010,149.16534844,10.00,calibration-file(no-undistort)
1784074682.509,detection_logs/frame_1784074682493.jpg,1,red,0.5875,1480.46,722.00,1416,676,128,90,-1.342,10.050,-35.36327406,149.16534770,10.00,calibration-file(no-undistort)
1784074682.509,detection_logs/frame_1784074682493.jpg,2,green,0.7388,1479.78,346.20,1416,300,130,90,1.328,10.044,-35.36325007,149.16534764,10.00,calibration-file(no-undistort)
1784074682.574,detection_logs/frame_1784074682560.jpg,1,red,0.6015,1469.56,718.41,1404,670,128,88,-1.317,10.348,-35.36327383,149.16535099,10.00,calibration-file(no-undistort)
1784074682.574,detection_logs/frame_1784074682560.jpg,2,green,0.7472,1468.89,342.53,1404,292,128,90,1.354,10.343,-35.36324984,149.16535093,10.00,calibration-file(no-undistort)
1784074682.645,detection_logs/frame_1784074682631.jpg,1,red,0.6000,1459.56,715.58,1396,668,126,90,-1.297,10.272,-35.36327365,149.16535016,10.00,calibration-file(no-undistort)
1784074682.645,detection_logs/frame_1784074682631.jpg,2,green,0.7529,1459.03,338.95,1396,290,128,90,1.379,10.268,-35.36324961,149.16535011,10.00,calibration-file(no-undistort)
1784074682.706,detection_logs/frame_1784074682688.jpg,1,red,0.6080,1448.16,716.70,1384,676,124,90,-1.304,10.186,-35.36327372,149.16534920,10.00,calibration-file(no-undistort)
1784074682.706,detection_logs/frame_1784074682688.jpg,2,green,0.7583,1447.95,339.60,1384,298,126,90,1.375,10.184,-35.36324965,149.16534919,10.00,calibration-file(no-undistort)
1784074682.781,detection_logs/frame_1784074682768.jpg,1,red,0.6239,1436.70,720.56,1374,684,122,88,-1.332,10.099,-35.36327396,149.16534825,10.00,calibration-file(no-undistort)
1784074682.782,detection_logs/frame_1784074682768.jpg,2,green,0.7669,1435.97,343.47,1372,306,124,90,1.347,10.093,-35.36324990,149.16534819,10.00,calibration-file(no-undistort)
1784074682.854,detection_logs/frame_1784074682839.jpg,1,red,0.6253,1426.35,724.04,1366,686,122,88,-1.357,10.393,-35.36327419,149.16535148,10.00,calibration-file(no-undistort)
1784074682.854,detection_logs/frame_1784074682839.jpg,2,green,0.7724,1425.34,346.45,1364,306,124,90,1.326,10.385,-35.36325009,149.16535140,10.00,calibration-file(no-undistort)
1784074682.914,detection_logs/frame_1784074682902.jpg,1,red,0.6309,1413.45,723.31,1350,678,120,88,-1.351,10.295,-35.36327414,149.16535040,10.00,calibration-file(no-undistort)
1784074682.914,detection_logs/frame_1784074682902.jpg,2,green,0.7808,1412.18,345.42,1348,298,122,90,1.333,10.285,-35.36325002,149.16535030,10.00,calibration-file(no-undistort)
1784074682.984,detection_logs/frame_1784074682971.jpg,1,red,0.6458,1399.48,719.35,1336,670,118,88,-1.323,10.189,-35.36327389,149.16534924,10.00,calibration-file(no-undistort)
1784074682.984,detection_logs/frame_1784074682971.jpg,2,green,0.7863,1398.74,341.31,1336,290,120,90,1.363,10.183,-35.36324976,149.16534918,10.00,calibration-file(no-undistort)
1784074683.051,detection_logs/frame_1784074683036.jpg,1,red,0.6496,1386.10,716.52,1324,670,118,88,-1.303,10.088,-35.36327371,149.16534812,10.00,calibration-file(no-undistort)
1784074683.051,detection_logs/frame_1784074683036.jpg,2,green,0.7947,1385.56,338.21,1324,290,120,90,1.385,10.084,-35.36324956,149.16534808,10.00,calibration-file(no-undistort)
1784074683.114,detection_logs/frame_1784074683102.jpg,1,red,0.6559,1371.09,717.75,1308,678,116,88,-1.312,10.355,-35.36327379,149.16535107,10.00,calibration-file(no-undistort)
1784074683.114,detection_logs/frame_1784074683102.jpg,2,green,0.8014,1370.66,339.60,1308,298,118,92,1.375,10.352,-35.36324965,149.16535103,10.00,calibration-file(no-undistort)
1784074683.197,detection_logs/frame_1784074683184.jpg,2,green,0.8064,1356.12,343.62,1296,306,116,90,1.346,10.242,-35.36324991,149.16534982,10.00,calibration-file(no-undistort)
1784074683.258,detection_logs/frame_1784074683246.jpg,2,green,0.8152,1342.76,346.67,1286,306,114,90,1.325,10.140,-35.36325010,149.16534870,10.00,calibration-file(no-undistort)
1784074683.334,detection_logs/frame_1784074683317.jpg,1,red,0.6653,1327.66,718.44,1268,676,112,90,-1.317,10.407,-35.36327383,149.16535164,10.00,calibration-file(no-undistort)
1784074683.334,detection_logs/frame_1784074683317.jpg,2,green,0.8228,1327.11,345.66,1268,298,112,90,1.332,10.403,-35.36325004,149.16535159,10.00,calibration-file(no-undistort)
1784074683.427,detection_logs/frame_1784074683415.jpg,2,green,0.8284,1312.58,341.55,1256,290,112,90,1.361,10.293,-35.36324977,149.16535038,10.00,calibration-file(no-undistort)
1784074683.483,detection_logs/frame_1784074683470.jpg,1,red,0.6904,1299.31,716.07,1244,672,108,88,-1.300,10.192,-35.36327368,149.16534927,10.00,calibration-file(no-undistort)
1784074683.483,detection_logs/frame_1784074683470.jpg,2,green,0.8375,1298.56,339.22,1244,292,110,90,1.377,10.187,-35.36324963,149.16534921,10.00,calibration-file(no-undistort)
1784074683.537,detection_logs/frame_1784074683525.jpg,1,red,0.6936,1282.93,718.83,1226,680,108,88,-1.320,10.068,-35.36327385,149.16534791,10.00,calibration-file(no-undistort)
1784074683.537,detection_logs/frame_1784074683525.jpg,2,green,0.8442,1282.54,340.77,1226,300,108,90,1.366,10.065,-35.36324973,149.16534787,10.00,calibration-file(no-undistort)
1784074683.594,detection_logs/frame_1784074683582.jpg,1,red,0.7109,1267.53,723.11,1214,686,104,88,-1.350,10.342,-35.36327413,149.16535092,10.00,calibration-file(no-undistort)
1784074683.594,detection_logs/frame_1784074683582.jpg,2,green,0.8550,1267.04,344.46,1212,306,108,90,1.340,10.338,-35.36324996,149.16535088,10.00,calibration-file(no-undistort)
1784074683.780,detection_logs/frame_1784074683768.jpg,1,red,0.7128,1252.62,725.37,1200,684,104,88,-1.366,10.229,-35.36327427,149.16534967,10.00,calibration-file(no-undistort)
1784074683.780,detection_logs/frame_1784074683768.jpg,2,green,0.8576,1252.00,347.24,1200,306,104,90,1.320,10.224,-35.36325014,149.16534962,10.00,calibration-file(no-undistort)
1784074683.835,detection_logs/frame_1784074683820.jpg,1,red,0.7133,1235.77,723.17,1182,674,102,90,-1.350,10.101,-35.36327413,149.16534827,10.00,calibration-file(no-undistort)
1784074683.835,detection_logs/frame_1784074683820.jpg,2,green,0.8645,1234.92,345.21,1180,296,104,90,1.335,10.094,-35.36325001,149.16534820,10.00,calibration-file(no-undistort)
1784074683.912,detection_logs/frame_1784074683901.jpg,1,red,0.7178,1219.82,718.96,1168,668,100,90,-1.321,9.980,-35.36327386,149.16534693,10.00,calibration-file(no-undistort)
1784074683.912,detection_logs/frame_1784074683901.jpg,2,green,0.8721,1219.15,341.14,1168,290,102,90,1.364,9.975,-35.36324975,149.16534688,10.00,calibration-file(no-undistort)
1784074684.084,detection_logs/frame_1784074684066.jpg,2,green,0.8753,1210.04,338.88,1170,292,100,90,1.380,10.296,-35.36324960,149.16535042,10.00,calibration-file(no-undistort)
1784074684.148,detection_logs/frame_1784074684132.jpg,2,green,0.8785,1207.88,340.50,1176,300,100,90,1.368,10.280,-35.36324971,149.16535024,10.00,calibration-file(no-undistort)
1784074684.215,detection_logs/frame_1784074684202.jpg,2,green,0.8846,1211.47,343.85,1184,304,100,92,1.345,10.307,-35.36324992,149.16535054,10.00,calibration-file(no-undistort)
1784074684.280,detection_logs/frame_1784074684265.jpg,2,green,0.8841,1216.10,345.20,1186,302,98,90,1.335,10.342,-35.36325001,149.16535092,10.00,calibration-file(no-undistort)
1784074684.340,detection_logs/frame_1784074684327.jpg,2,green,0.8889,1217.42,342.52,1178,292,98,92,1.354,10.761,-35.36324984,149.16535553,10.00,calibration-file(no-undistort)
1784074684.418,detection_logs/frame_1784074684404.jpg,2,green,0.8955,1213.46,338.03,1166,286,94,92,1.386,10.731,-35.36324955,149.16535520,10.00,calibration-file(no-undistort)
1784074684.479,detection_logs/frame_1784074684466.jpg,2,green,0.9054,1200.17,336.73,1140,292,92,90,1.395,10.630,-35.36324947,149.16535409,10.00,calibration-file(no-undistort)
1784074684.548,detection_logs/frame_1784074684531.jpg,2,green,0.9170,1175.99,339.54,1104,300,90,92,1.375,10.447,-35.36324965,149.16535207,10.00,calibration-file(no-undistort)
1784074684.624,detection_logs/frame_1784074684611.jpg,2,green,0.9295,1140.46,344.19,1060,306,86,92,1.342,10.613,-35.36324994,149.16535391,10.00,calibration-file(no-undistort)
1784074684.691,detection_logs/frame_1784074684674.jpg,3,green,0.9354,1050.50,348.50,1008,304,86,90,1.312,9.931,-35.36325022,149.16534639,10.00,calibration-file(no-undistort)
1784074684.756,detection_logs/frame_1784074684740.jpg,3,green,0.9434,1021.28,344.47,952,296,82,90,1.340,9.709,-35.36324996,149.16534396,10.00,calibration-file(no-undistort)
1784074684.840,detection_logs/frame_1784074684826.jpg,4,green,0.9503,934.50,335.50,894,292,82,88,1.404,9.487,-35.36324939,149.16534151,10.00,calibration-file(no-undistort)
1784074684.894,detection_logs/frame_1784074684879.jpg,4,green,0.9577,905.79,337.51,838,296,80,88,1.390,9.270,-35.36324952,149.16533911,10.00,calibration-file(no-undistort)
1784074684.961,detection_logs/frame_1784074684947.jpg,4,green,0.9613,851.24,344.35,784,304,78,90,1.341,8.856,-35.36324995,149.16533455,10.00,calibration-file(no-undistort)
1784074685.027,detection_logs/frame_1784074685015.jpg,4,green,0.9651,793.19,350.60,736,308,78,90,1.297,8.416,-35.36325035,149.16532971,10.00,calibration-file(no-undistort)
1784074685.100,detection_logs/frame_1784074685088.jpg,4,green,0.9637,740.66,351.60,694,304,76,90,1.289,8.408,-35.36325042,149.16532962,10.00,calibration-file(no-undistort)
1784074685.160,detection_logs/frame_1784074685148.jpg,4,green,0.9665,695.01,346.87,658,294,74,90,1.323,8.062,-35.36325011,149.16532581,10.00,calibration-file(no-undistort)
1784074685.219,detection_logs/frame_1784074685207.jpg,4,green,0.9665,655.62,340.91,626,288,74,90,1.365,7.763,-35.36324973,149.16532252,10.00,calibration-file(no-undistort)
1784074685.291,detection_logs/frame_1784074685278.jpg,4,green,0.9627,624.36,338.24,604,290,74,92,1.384,7.526,-35.36324956,149.16531991,10.00,calibration-file(no-undistort)
1784074685.359,detection_logs/frame_1784074685344.jpg,4,green,0.9645,602.48,339.86,592,298,74,92,1.373,7.642,-35.36324967,149.16532118,10.00,calibration-file(no-undistort)
1784074685.423,detection_logs/frame_1784074685410.jpg,4,green,0.9690,592.98,343.16,596,304,72,90,1.349,7.570,-35.36324988,149.16532039,10.00,calibration-file(no-undistort)
1784074685.423,detection_logs/frame_1784074685410.jpg,5,red,0.8710,629.22,732.73,596,688,70,90,-1.418,7.845,-35.36327474,149.16532341,10.00,calibration-file(no-undistort)
1784074685.495,detection_logs/frame_1784074685481.jpg,5,red,0.8691,636.08,731.65,610,686,70,90,-1.411,7.897,-35.36327467,149.16532399,10.00,calibration-file(no-undistort)
1784074685.495,detection_logs/frame_1784074685481.jpg,6,green,0.9659,644.50,347.50,610,302,70,92,1.319,7.961,-35.36325015,149.16532469,10.00,calibration-file(no-undistort)
1784074685.554,detection_logs/frame_1784074685540.jpg,5,red,0.8695,653.61,725.36,630,676,70,90,-1.366,8.030,-35.36327427,149.16532545,10.00,calibration-file(no-undistort)
1784074685.554,detection_logs/frame_1784074685540.jpg,6,green,0.9668,655.08,343.47,630,294,72,92,1.347,8.041,-35.36324990,149.16532557,10.00,calibration-file(no-undistort)
1784074685.624,detection_logs/frame_1784074685612.jpg,5,red,0.8650,678.20,718.20,656,670,70,90,-1.315,8.361,-35.36327381,149.16532910,10.00,calibration-file(no-undistort)
1784074685.624,detection_logs/frame_1784074685612.jpg,6,green,0.9711,677.36,337.40,654,290,72,90,1.390,8.355,-35.36324951,149.16532903,10.00,calibration-file(no-undistort)
1784074685.690,detection_logs/frame_1784074685677.jpg,5,red,0.8759,705.25,714.95,682,672,70,88,-1.292,8.566,-35.36327361,149.16533136,10.00,calibration-file(no-undistort)
1784074685.690,detection_logs/frame_1784074685677.jpg,6,green,0.9711,705.44,335.26,682,292,70,90,1.406,8.568,-35.36324937,149.16533138,10.00,calibration-file(no-undistort)
1784074685.751,detection_logs/frame_1784074685737.jpg,5,red,0.8735,732.84,717.25,708,680,70,88,-1.308,8.776,-35.36327375,149.16533367,10.00,calibration-file(no-undistort)
1784074685.751,detection_logs/frame_1784074685737.jpg,6,green,0.9732,733.92,338.74,708,300,70,90,1.381,8.784,-35.36324960,149.16533376,10.00,calibration-file(no-undistort)
1784074685.825,detection_logs/frame_1784074685810.jpg,5,red,0.8839,759.98,721.93,734,686,68,88,-1.342,8.981,-35.36327405,149.16533593,10.00,calibration-file(no-undistort)
1784074685.825,detection_logs/frame_1784074685810.jpg,6,green,0.9739,761.95,343.98,734,306,70,90,1.344,8.996,-35.36324993,149.16533610,10.00,calibration-file(no-undistort)
1784074685.884,detection_logs/frame_1784074685872.jpg,5,red,0.8720,785.80,724.12,756,684,70,88,-1.357,9.222,-35.36327419,149.16533859,10.00,calibration-file(no-undistort)
1784074685.884,detection_logs/frame_1784074685872.jpg,6,green,0.9745,787.69,346.38,756,304,70,90,1.327,9.237,-35.36325008,149.16533875,10.00,calibration-file(no-undistort)
1784074685.948,detection_logs/frame_1784074685934.jpg,5,red,0.8851,809.91,722.28,778,676,68,88,-1.344,9.405,-35.36327407,149.16534060,10.00,calibration-file(no-undistort)
1784074685.948,detection_logs/frame_1784074685934.jpg,6,green,0.9701,812.00,344.82,778,296,70,92,1.338,9.421,-35.36324998,149.16534078,10.00,calibration-file(no-undistort)
1784074686.025,detection_logs/frame_1784074686011.jpg,6,green,0.9731,833.69,341.55,796,292,70,90,1.361,9.586,-35.36324978,149.16534259,10.00,calibration-file(no-undistort)
1784074686.090,detection_logs/frame_1784074686075.jpg,6,green,0.9739,853.60,340.03,814,294,70,90,1.372,9.736,-35.36324968,149.16534425,10.00,calibration-file(no-undistort)
1784074686.156,detection_logs/frame_1784074686143.jpg,6,green,0.9731,871.08,342.24,830,302,68,90,1.356,9.869,-35.36324982,149.16534571,10.00,calibration-file(no-undistort)
1784074686.225,detection_logs/frame_1784074686209.jpg,6,green,0.9745,885.66,346.35,842,308,68,90,1.327,9.979,-35.36325008,149.16534693,10.00,calibration-file(no-undistort)
1784074686.296,detection_logs/frame_1784074686282.jpg,6,green,0.9732,897.47,348.59,852,306,68,90,1.311,10.069,-35.36325022,149.16534791,10.00,calibration-file(no-undistort)
1784074686.363,detection_logs/frame_1784074686346.jpg,6,green,0.9749,906.22,346.90,858,298,70,90,1.323,10.135,-35.36325012,149.16534865,10.00,calibration-file(no-undistort)
1784074686.434,detection_logs/frame_1784074686418.jpg,6,green,0.9731,912.57,343.07,864,292,70,90,1.350,10.183,-35.36324987,149.16534918,10.00,calibration-file(no-undistort)
1784074686.505,detection_logs/frame_1784074686492.jpg,6,green,0.9731,917.04,340.15,870,292,68,90,1.371,10.217,-35.36324969,149.16534955,10.00,calibration-file(no-undistort)
1784074686.568,detection_logs/frame_1784074686554.jpg,6,green,0.9731,919.64,341.26,872,300,70,90,1.363,10.237,-35.36324976,149.16534977,10.00,calibration-file(no-undistort)
1784074686.642,detection_logs/frame_1784074686628.jpg,6,green,0.9749,920.75,345.44,874,308,70,90,1.333,10.245,-35.36325002,149.16534986,10.00,calibration-file(no-undistort)
1784074686.701,detection_logs/frame_1784074686688.jpg,6,green,0.9731,921.06,347.81,876,306,70,90,1.316,10.248,-35.36325017,149.16534989,10.00,calibration-file(no-undistort)
1784074686.777,detection_logs/frame_1784074686759.jpg,6,green,0.9737,920.24,346.28,876,298,70,90,1.327,10.242,-35.36325008,149.16534982,10.00,calibration-file(no-undistort)
1784074686.833,detection_logs/frame_1784074686820.jpg,6,green,0.9692,918.83,342.20,876,290,70,92,1.356,10.231,-35.36324982,149.16534970,10.00,calibration-file(no-undistort)
1784074686.902,detection_logs/frame_1784074686886.jpg,6,green,0.9732,916.79,339.52,876,292,68,90,1.375,10.215,-35.36324965,149.16534953,10.00,calibration-file(no-undistort)
1784074686.959,detection_logs/frame_1784074686943.jpg,6,green,0.9732,914.48,340.83,874,300,70,90,1.366,10.198,-35.36324973,149.16534934,10.00,calibration-file(no-undistort)
1784074687.042,detection_logs/frame_1784074687025.jpg,6,green,0.9745,911.72,345.18,872,308,70,90,1.335,10.177,-35.36325001,149.16534911,10.00,calibration-file(no-undistort)
1784074687.042,detection_logs/frame_1784074687025.jpg,7,red,0.8825,906.29,729.91,874,686,68,88,-1.398,10.136,-35.36327456,149.16534865,10.00,calibration-file(no-undistort)
1784074687.102,detection_logs/frame_1784074687089.jpg,6,green,0.9739,908.78,346.87,870,304,70,90,1.323,10.155,-35.36325011,149.16534886,10.00,calibration-file(no-undistort)
1784074687.102,detection_logs/frame_1784074687089.jpg,7,red,0.8684,904.89,728.67,870,682,68,90,-1.390,10.125,-35.36327448,149.16534854,10.00,calibration-file(no-undistort)
1784074687.171,detection_logs/frame_1784074687159.jpg,6,green,0.9731,905.40,344.83,868,296,68,90,1.338,10.156,-35.36324998,149.16534888,10.00,calibration-file(no-undistort)
1784074687.171,detection_logs/frame_1784074687159.jpg,7,red,0.8695,902.19,722.88,868,674,68,90,-1.348,10.132,-35.36327411,149.16534861,10.00,calibration-file(no-undistort)
1784074687.236,detection_logs/frame_1784074687223.jpg,6,green,0.9692,901.41,341.20,864,290,68,92,1.363,10.126,-35.36324975,149.16534854,10.00,calibration-file(no-undistort)
1784074687.236,detection_logs/frame_1784074687223.jpg,7,red,0.8820,898.32,716.35,864,670,68,88,-1.302,10.103,-35.36327370,149.16534829,10.00,calibration-file(no-undistort)
1784074687.429,detection_logs/frame_1784074687418.jpg,6,green,0.9731,897.04,338.88,860,292,68,90,1.380,10.093,-35.36324960,149.16534818,10.00,calibration-file(no-undistort)
1784074687.430,detection_logs/frame_1784074687418.jpg,7,red,0.8688,894.14,713.77,860,670,68,90,-1.284,10.071,-35.36327353,149.16534794,10.00,calibration-file(no-undistort)
1784074687.489,detection_logs/frame_1784074687476.jpg,6,green,0.9745,892.49,341.27,856,302,68,90,1.363,10.077,-35.36324976,149.16534800,10.00,calibration-file(no-undistort)
1784074687.489,detection_logs/frame_1784074687476.jpg,7,red,0.8828,890.13,716.96,856,680,68,88,-1.306,10.059,-35.36327374,149.16534780,10.00,calibration-file(no-undistort)
1784074687.552,detection_logs/frame_1784074687540.jpg,6,green,0.9739,888.27,345.61,852,308,70,90,1.332,10.045,-35.36325003,149.16534765,10.00,calibration-file(no-undistort)
1784074687.552,detection_logs/frame_1784074687540.jpg,7,red,0.8788,886.29,721.90,852,686,68,88,-1.341,10.030,-35.36327405,149.16534748,10.00,calibration-file(no-undistort)
1784074687.721,detection_logs/frame_1784074687709.jpg,6,green,0.9755,884.77,347.25,850,304,70,90,1.320,10.018,-35.36325014,149.16534736,10.00,calibration-file(no-undistort)
1784074687.721,detection_logs/frame_1784074687709.jpg,7,red,0.8698,883.05,724.12,850,682,68,90,-1.357,10.005,-35.36327419,149.16534721,10.00,calibration-file(no-undistort)
1784074687.795,detection_logs/frame_1784074687779.jpg,6,green,0.9749,881.85,345.15,848,296,70,90,1.335,9.996,-35.36325000,149.16534711,10.00,calibration-file(no-undistort)
1784074687.795,detection_logs/frame_1784074687779.jpg,7,red,0.8684,880.35,722.18,848,674,68,90,-1.343,9.985,-35.36327407,149.16534699,10.00,calibration-file(no-undistort)
1784074687.854,detection_logs/frame_1784074687841.jpg,6,green,0.9749,878.96,341.05,846,290,68,90,1.364,10.010,-35.36324974,149.16534727,10.00,calibration-file(no-undistort)
1784074687.854,detection_logs/frame_1784074687841.jpg,7,red,0.8691,877.89,718.35,846,668,68,90,-1.316,10.002,-35.36327382,149.16534718,10.00,calibration-file(no-undistort)
1784074687.931,detection_logs/frame_1784074687919.jpg,6,green,0.9732,876.08,339.57,842,294,70,90,1.375,9.989,-35.36324965,149.16534703,10.00,calibration-file(no-undistort)
1784074687.932,detection_logs/frame_1784074687919.jpg,7,red,0.8827,875.03,717.06,842,672,68,88,-1.307,9.981,-35.36327374,149.16534694,10.00,calibration-file(no-undistort)
1784074687.997,detection_logs/frame_1784074687984.jpg,6,green,0.9755,872.79,342.59,838,304,70,90,1.353,9.964,-35.36324984,149.16534675,10.00,calibration-file(no-undistort)
1784074687.997,detection_logs/frame_1784074687984.jpg,7,red,0.8818,871.90,719.98,838,682,68,88,-1.328,9.957,-35.36327393,149.16534668,10.00,calibration-file(no-undistort)
1784074688.062,detection_logs/frame_1784074688047.jpg,6,green,0.9746,869.18,345.76,834,306,70,90,1.331,9.936,-35.36325004,149.16534645,10.00,calibration-file(no-undistort)
1784074688.062,detection_logs/frame_1784074688047.jpg,7,red,0.8821,868.83,723.77,836,686,68,88,-1.355,9.934,-35.36327417,149.16534642,10.00,calibration-file(no-undistort)
1784074688.138,detection_logs/frame_1784074688122.jpg,6,green,0.9700,866.16,346.91,832,302,70,92,1.323,9.922,-35.36325012,149.16534630,10.00,calibration-file(no-undistort)
1784074688.138,detection_logs/frame_1784074688122.jpg,7,red,0.8811,865.94,725.01,832,682,68,88,-1.363,9.921,-35.36327425,149.16534628,10.00,calibration-file(no-undistort)
1784074688.191,detection_logs/frame_1784074688179.jpg,6,green,0.9755,863.98,344.05,832,294,68,90,1.343,9.906,-35.36324993,149.16534612,10.00,calibration-file(no-undistort)
1784074688.191,detection_logs/frame_1784074688179.jpg,7,red,0.8826,863.81,722.57,832,674,68,88,-1.346,9.905,-35.36327409,149.16534610,10.00,calibration-file(no-undistort)
1784074688.262,detection_logs/frame_1784074688247.jpg,6,green,0.9732,862.41,340.20,830,290,70,90,1.370,9.894,-35.36324969,149.16534599,10.00,calibration-file(no-undistort)
1784074688.262,detection_logs/frame_1784074688247.jpg,7,red,0.8808,862.14,718.55,830,668,68,88,-1.318,9.892,-35.36327384,149.16534597,10.00,calibration-file(no-undistort)
1784074688.344,detection_logs/frame_1784074688330.jpg,6,green,0.9749,860.87,338.96,828,294,70,90,1.379,9.882,-35.36324961,149.16534586,10.00,calibration-file(no-undistort)
1784074688.344,detection_logs/frame_1784074688330.jpg,7,red,0.8797,860.84,717.26,830,672,68,88,-1.308,9.882,-35.36327375,149.16534586,10.00,calibration-file(no-undistort)
1784074688.402,detection_logs/frame_1784074688389.jpg,6,green,0.9746,859.30,342.18,826,304,70,90,1.356,9.907,-35.36324982,149.16534613,10.00,calibration-file(no-undistort)
1784074688.402,detection_logs/frame_1784074688389.jpg,7,red,0.8814,859.20,720.10,826,682,68,88,-1.329,9.906,-35.36327394,149.16534612,10.00,calibration-file(no-undistort)
1784074688.469,detection_logs/frame_1784074688455.jpg,6,green,0.9745,857.67,346.31,824,308,70,90,1.327,9.894,-35.36325008,149.16534599,10.00,calibration-file(no-undistort)
1784074688.469,detection_logs/frame_1784074688455.jpg,7,red,0.8823,857.47,724.04,824,686,68,88,-1.357,9.893,-35.36327419,149.16534597,10.00,calibration-file(no-undistort)
1784074688.546,detection_logs/frame_1784074688530.jpg,6,green,0.9755,856.78,347.77,824,304,70,90,1.317,9.888,-35.36325017,149.16534592,10.00,calibration-file(no-undistort)
1784074688.546,detection_logs/frame_1784074688530.jpg,7,red,0.8823,856.45,725.33,824,682,68,88,-1.366,9.885,-35.36327427,149.16534589,10.00,calibration-file(no-undistort)
1784074688.620,detection_logs/frame_1784074688606.jpg,6,green,0.9701,859.61,345.11,832,294,70,92,1.336,9.918,-35.36325000,149.16534625,10.00,calibration-file(no-undistort)
1784074688.620,detection_logs/frame_1784074688606.jpg,7,red,0.8809,859.71,722.90,834,674,68,88,-1.349,9.919,-35.36327411,149.16534626,10.00,calibration-file(no-undistort)
1784074688.683,detection_logs/frame_1784074688670.jpg,6,green,0.9749,871.58,340.98,856,290,70,90,1.365,10.009,-35.36324974,149.16534725,10.00,calibration-file(no-undistort)
1784074688.683,detection_logs/frame_1784074688670.jpg,7,red,0.8684,871.63,719.07,856,668,68,90,-1.321,10.009,-35.36327387,149.16534726,10.00,calibration-file(no-undistort)
1784074688.751,detection_logs/frame_1784074688738.jpg,6,green,0.9698,894.17,339.09,890,292,70,92,1.378,10.180,-35.36324962,149.16534914,10.00,calibration-file(no-undistort)
1784074688.751,detection_logs/frame_1784074688738.jpg,7,red,0.8816,894.07,717.39,890,672,68,88,-1.309,10.179,-35.36327376,149.16534913,10.00,calibration-file(no-undistort)
1784074688.809,detection_logs/frame_1784074688796.jpg,6,green,0.9742,926.61,341.41,930,302,70,90,1.362,10.426,-35.36324977,149.16535185,10.00,calibration-file(no-undistort)
1784074688.809,detection_logs/frame_1784074688796.jpg,7,red,0.8712,927.00,719.98,932,680,68,90,-1.328,10.429,-35.36327393,149.16535188,10.00,calibration-file(no-undistort)
1784074688.886,detection_logs/frame_1784074688872.jpg,6,green,0.9731,966.48,344.89,972,306,70,90,1.337,10.774,-35.36324999,149.16535568,10.00,calibration-file(no-undistort)
1784074688.886,detection_logs/frame_1784074688872.jpg,7,red,0.8744,966.96,724.04,972,686,70,88,-1.357,10.777,-35.36327419,149.16535572,10.00,calibration-file(no-undistort)
1784074688.955,detection_logs/frame_1784074688942.jpg,6,green,0.9721,1006.18,345.10,1002,300,70,90,1.336,11.075,-35.36325000,149.16535899,10.00,calibration-file(no-undistort)
1784074688.955,detection_logs/frame_1784074688942.jpg,7,red,0.8771,1006.75,725.47,1002,682,70,88,-1.367,11.079,-35.36327428,149.16535904,10.00,calibration-file(no-undistort)
1784074689.020,detection_logs/frame_1784074689006.jpg,6,green,0.9711,1043.27,341.97,1028,292,70,90,1.358,11.356,-35.36324980,149.16536209,10.00,calibration-file(no-undistort)
1784074689.020,detection_logs/frame_1784074689006.jpg,7,red,0.8645,1043.68,723.49,1028,674,70,90,-1.353,11.359,-35.36327415,149.16536213,10.00,calibration-file(no-undistort)
1784074689.088,detection_logs/frame_1784074689074.jpg,6,green,0.9712,1074.53,337.97,1046,288,70,90,1.386,11.593,-35.36324955,149.16536470,10.00,calibration-file(no-undistort)
1784074689.088,detection_logs/frame_1784074689074.jpg,7,red,0.8675,1074.86,720.45,1046,670,70,90,-1.331,11.595,-35.36327396,149.16536473,10.00,calibration-file(no-undistort)
1784074689.156,detection_logs/frame_1784074689143.jpg,6,green,0.9711,1095.84,336.65,1050,292,72,90,1.396,11.845,-35.36324946,149.16536748,10.00,calibration-file(no-undistort)
1784074689.156,detection_logs/frame_1784074689143.jpg,7,red,0.8687,1096.10,719.72,1050,674,70,90,-1.326,11.847,-35.36327391,149.16536750,10.00,calibration-file(no-undistort)
1784074689.213,detection_logs/frame_1784074689200.jpg,6,green,0.9673,1107.62,339.46,1050,300,72,92,1.376,11.935,-35.36324964,149.16536846,10.00,calibration-file(no-undistort)
1784074689.213,detection_logs/frame_1784074689200.jpg,7,red,0.8904,1108.13,722.78,1052,684,68,88,-1.348,11.938,-35.36327411,149.16536851,10.00,calibration-file(no-undistort)
1784074689.293,detection_logs/frame_1784074689280.jpg,6,green,0.9712,1108.58,342.92,1040,304,72,90,1.351,11.942,-35.36324986,149.16536854,10.00,calibration-file(no-undistort)
1784074689.293,detection_logs/frame_1784074689280.jpg,7,red,0.8662,1109.20,726.45,1040,686,70,90,-1.374,11.946,-35.36327434,149.16536860,10.00,calibration-file(no-undistort)
1784074689.351,detection_logs/frame_1784074689338.jpg,8,red,0.8645,1053.73,725.75,1018,680,70,90,-1.369,11.526,-35.36327430,149.16536396,10.00,calibration-file(no-undistort)
1784074689.351,detection_logs/frame_1784074689338.jpg,9,green,0.9712,1052.50,344.50,1018,300,70,90,1.340,11.517,-35.36324996,149.16536386,10.00,calibration-file(no-undistort)
1784074689.419,detection_logs/frame_1784074689406.jpg,8,red,0.8712,1041.79,721.82,994,674,70,88,-1.341,11.653,-35.36327404,149.16536537,10.00,calibration-file(no-undistort)
1784074689.419,detection_logs/frame_1784074689406.jpg,9,green,0.9706,1040.91,340.47,994,292,72,90,1.369,11.647,-35.36324971,149.16536529,10.00,calibration-file(no-undistort)
1784074689.492,detection_logs/frame_1784074689479.jpg,8,red,0.8713,1014.82,716.50,964,670,70,88,-1.303,11.449,-35.36327371,149.16536312,10.00,calibration-file(no-undistort)
1784074689.493,detection_logs/frame_1784074689479.jpg,9,green,0.9690,1014.34,336.16,964,290,72,90,1.399,11.445,-35.36324943,149.16536308,10.00,calibration-file(no-undistort)
1784074689.551,detection_logs/frame_1784074689538.jpg,8,red,0.8692,977.44,716.16,926,674,70,88,-1.301,11.165,-35.36327368,149.16535999,10.00,calibration-file(no-undistort)
1784074689.551,detection_logs/frame_1784074689538.jpg,9,green,0.9669,976.83,337.38,924,296,74,90,1.391,11.161,-35.36324951,149.16535994,10.00,calibration-file(no-undistort)
1784074689.619,detection_logs/frame_1784074689605.jpg,8,red,0.8566,940.22,720.71,892,682,72,88,-1.333,10.883,-35.36327397,149.16535688,10.00,calibration-file(no-undistort)
1784074689.619,detection_logs/frame_1784074689605.jpg,9,green,0.9706,939.50,342.67,890,304,76,90,1.353,10.878,-35.36324985,149.16535683,10.00,calibration-file(no-undistort)
1784074689.692,detection_logs/frame_1784074689677.jpg,8,red,0.8355,903.09,724.74,856,684,74,90,-1.362,10.920,-35.36327423,149.16535728,10.00,calibration-file(no-undistort)
1784074689.692,detection_logs/frame_1784074689677.jpg,9,green,0.9682,902.74,347.35,856,308,76,88,1.320,10.917,-35.36325015,149.16535726,10.00,calibration-file(no-undistort)
1784074689.746,detection_logs/frame_1784074689734.jpg,8,red,0.8407,864.49,723.88,818,678,74,88,-1.355,10.627,-35.36327418,149.16535406,10.00,calibration-file(no-undistort)
1784074689.746,detection_logs/frame_1784074689734.jpg,9,green,0.9637,863.78,346.95,816,300,76,90,1.323,10.622,-35.36325012,149.16535400,10.00,calibration-file(no-undistort)
1784074689.833,detection_logs/frame_1784074689821.jpg,8,red,0.8316,828.37,719.65,786,670,76,88,-1.325,10.353,-35.36327391,149.16535104,10.00,calibration-file(no-undistort)
1784074689.833,detection_logs/frame_1784074689821.jpg,9,green,0.9589,827.53,343.04,784,292,78,90,1.350,10.347,-35.36324987,149.16535097,10.00,calibration-file(no-undistort)
1784074689.881,detection_logs/frame_1784074689867.jpg,8,red,0.8134,794.35,716.45,754,668,78,90,-1.303,10.449,-35.36327370,149.16535210,10.00,calibration-file(no-undistort)
1784074689.881,detection_logs/frame_1784074689867.jpg,9,green,0.9561,793.94,340.27,754,292,80,90,1.370,10.446,-35.36324969,149.16535207,10.00,calibration-file(no-undistort)
1784074689.947,detection_logs/frame_1784074689934.jpg,8,red,0.8134,760.44,717.01,720,676,80,88,-1.307,10.192,-35.36327374,149.16534927,10.00,calibration-file(no-undistort)
1784074689.948,detection_logs/frame_1784074689934.jpg,9,green,0.9525,760.15,340.79,720,298,80,90,1.366,10.190,-35.36324973,149.16534925,10.00,calibration-file(no-undistort)
1784074690.012,detection_logs/frame_1784074689999.jpg,8,red,0.7971,729.92,720.66,694,682,82,90,-1.333,9.961,-35.36327397,149.16534672,10.00,calibration-file(no-undistort)
1784074690.012,detection_logs/frame_1784074689999.jpg,9,green,0.9471,729.86,344.49,694,306,82,90,1.340,9.960,-35.36324996,149.16534672,10.00,calibration-file(no-undistort)
1784074690.078,detection_logs/frame_1784074690065.jpg,8,red,0.7888,702.83,724.05,670,684,84,90,-1.357,9.755,-35.36327419,149.16534446,10.00,calibration-file(no-undistort)
1784074690.078,detection_logs/frame_1784074690065.jpg,9,green,0.9443,702.93,347.65,670,308,84,88,1.318,9.756,-35.36325016,149.16534447,10.00,calibration-file(no-undistort)
1784074690.147,detection_logs/frame_1784074690134.jpg,8,red,0.7959,676.65,723.51,644,678,84,88,-1.353,9.920,-35.36327415,149.16534627,10.00,calibration-file(no-undistort)
1784074690.147,detection_logs/frame_1784074690134.jpg,9,green,0.9339,676.76,347.08,642,300,86,90,1.322,9.921,-35.36325013,149.16534628,10.00,calibration-file(no-undistort)
1784074690.214,detection_logs/frame_1784074690199.jpg,9,green,0.9319,653.40,343.30,620,292,88,90,1.348,9.744,-35.36324989,149.16534433,10.00,calibration-file(no-undistort)
1784074690.283,detection_logs/frame_1784074690269.jpg,9,green,0.9254,633.14,340.39,602,292,88,90,1.369,9.590,-35.36324970,149.16534264,10.00,calibration-file(no-undistort)
1784074690.360,detection_logs/frame_1784074690347.jpg,9,green,0.9195,613.75,340.68,580,298,90,90,1.367,9.443,-35.36324972,149.16534102,10.00,calibration-file(no-undistort)
1784074690.420,detection_logs/frame_1784074690407.jpg,9,green,0.9134,597.15,344.23,564,306,92,90,1.342,9.699,-35.36324995,149.16534384,10.00,calibration-file(no-undistort)
1784074690.488,detection_logs/frame_1784074690474.jpg,9,green,0.9100,583.56,346.96,552,306,92,90,1.322,9.596,-35.36325012,149.16534270,10.00,calibration-file(no-undistort)
1784074690.553,detection_logs/frame_1784074690540.jpg,9,green,0.9018,570.33,345.72,534,298,96,90,1.331,9.495,-35.36325004,149.16534160,10.00,calibration-file(no-undistort)
1784074690.622,detection_logs/frame_1784074690610.jpg,9,green,0.8935,559.45,342.27,524,292,96,90,1.356,9.413,-35.36324982,149.16534069,10.00,calibration-file(no-undistort)
1784074690.698,detection_logs/frame_1784074690684.jpg,9,green,0.8910,550.47,338.85,514,290,98,90,1.380,9.708,-35.36324960,149.16534394,10.00,calibration-file(no-undistort)
1784074690.762,detection_logs/frame_1784074690750.jpg,9,green,0.8822,540.21,338.79,498,296,100,90,1.380,9.630,-35.36324960,149.16534308,10.00,calibration-file(no-undistort)
1784074690.825,detection_logs/frame_1784074690810.jpg,9,green,0.8805,530.75,342.93,488,306,100,90,1.351,9.558,-35.36324986,149.16534229,10.00,calibration-file(no-undistort)
1784074690.898,detection_logs/frame_1784074690886.jpg,9,green,0.8757,522.12,346.13,478,306,102,90,1.328,9.493,-35.36325007,149.16534157,10.00,calibration-file(no-undistort)
1784074691.053,detection_logs/frame_1784074691039.jpg,9,green,0.8645,511.13,346.05,462,300,102,90,1.329,9.773,-35.36325006,149.16534465,10.00,calibration-file(no-undistort)
1784074691.158,detection_logs/frame_1784074691146.jpg,9,green,0.8613,501.88,342.65,454,292,104,90,1.353,9.703,-35.36324985,149.16534388,10.00,calibration-file(no-undistort)
1784074691.218,detection_logs/frame_1784074691208.jpg,9,green,0.8572,497.87,340.03,456,292,106,90,1.372,9.672,-35.36324968,149.16534355,10.00,calibration-file(no-undistort)
1784074691.394,detection_logs/frame_1784074691380.jpg,9,green,0.8576,499.29,341.34,464,300,104,90,1.362,10.046,-35.36324976,149.16534766,10.00,calibration-file(no-undistort)
1784074691.463,detection_logs/frame_1784074691450.jpg,9,green,0.8526,501.27,345.22,462,308,106,88,1.335,10.061,-35.36325001,149.16534783,10.00,calibration-file(no-undistort)
1784074691.521,detection_logs/frame_1784074691507.jpg,9,green,0.8520,502.92,348.95,460,310,106,88,1.308,10.074,-35.36325025,149.16534797,10.00,calibration-file(no-undistort)
1784074691.584,detection_logs/frame_1784074691571.jpg,9,green,0.8479,505.21,349.21,460,304,108,88,1.307,10.091,-35.36325026,149.16534816,10.00,calibration-file(no-undistort)
1784074691.657,detection_logs/frame_1784074691644.jpg,9,green,0.8442,507.77,345.99,460,296,110,88,1.329,10.492,-35.36325006,149.16535257,10.00,calibration-file(no-undistort)
1784074691.727,detection_logs/frame_1784074691714.jpg,9,green,0.8375,505.13,343.45,448,296,110,88,1.347,10.472,-35.36324990,149.16535235,10.00,calibration-file(no-undistort)
1784074691.794,detection_logs/frame_1784074691779.jpg,9,green,0.8297,494.89,344.76,426,304,112,88,1.338,10.394,-35.36324998,149.16535150,10.00,calibration-file(no-undistort)
1784074691.851,detection_logs/frame_1784074691837.jpg,9,green,0.8228,477.86,348.21,402,310,112,88,1.314,10.265,-35.36325020,149.16535007,10.00,calibration-file(no-undistort)
1784074691.923,detection_logs/frame_1784074691908.jpg,9,green,0.8103,452.10,350.78,366,310,116,88,1.295,10.478,-35.36325036,149.16535242,10.00,calibration-file(no-undistort)
1784074691.994,detection_logs/frame_1784074691982.jpg,9,green,0.7962,419.53,349.37,328,302,120,88,1.305,10.231,-35.36325027,149.16534970,10.00,calibration-file(no-undistort)
1784074692.056,detection_logs/frame_1784074692043.jpg,9,green,0.7861,384.95,344.55,298,292,120,90,1.340,9.969,-35.36324997,149.16534681,10.00,calibration-file(no-undistort)
1784074692.117,detection_logs/frame_1784074692105.jpg,9,green,0.7710,348.00,340.90,262,292,124,90,1.366,9.689,-35.36324973,149.16534373,10.00,calibration-file(no-undistort)
1784074692.193,detection_logs/frame_1784074692180.jpg,9,green,0.7570,310.31,340.70,228,298,126,90,1.367,9.839,-35.36324972,149.16534538,10.00,calibration-file(no-undistort)
1784074692.256,detection_logs/frame_1784074692242.jpg,9,green,0.7472,275.83,343.56,202,304,128,92,1.347,9.578,-35.36324990,149.16534250,10.00,calibration-file(no-undistort)
1784074695.784,detection_logs/frame_1784074695770.jpg,10,green,0.6539,1640.50,348.50,1568,304,146,90,1.312,25.179,-35.36325022,149.16551436,10.00,calibration-file(no-undistort)
1784074695.854,detection_logs/frame_1784074695840.jpg,10,green,0.6700,1627.40,344.47,1542,296,146,90,1.340,25.080,-35.36324996,149.16551327,10.00,calibration-file(no-undistort)
1784074695.921,detection_logs/frame_1784074695907.jpg,10,green,0.6795,1601.99,339.57,1518,294,142,88,1.375,24.887,-35.36324965,149.16551115,10.00,calibration-file(no-undistort)
1784074695.996,detection_logs/frame_1784074695980.jpg,10,green,0.6943,1571.66,339.29,1492,298,138,88,1.377,25.111,-35.36324963,149.16551362,10.00,calibration-file(no-undistort)
1784074696.059,detection_logs/frame_1784074696047.jpg,10,green,0.7037,1545.35,344.83,1472,308,138,88,1.338,24.912,-35.36324998,149.16551142,10.00,calibration-file(no-undistort)
1784074696.115,detection_logs/frame_1784074696104.jpg,10,green,0.7175,1522.73,349.72,1456,310,134,90,1.303,24.740,-35.36325030,149.16550953,10.00,calibration-file(no-undistort)
1784074696.192,detection_logs/frame_1784074696178.jpg,10,green,0.7213,1502.22,350.86,1438,306,134,90,1.295,24.585,-35.36325037,149.16550782,10.00,calibration-file(no-undistort)
1784074696.253,detection_logs/frame_1784074696239.jpg,10,green,0.7274,1486.92,347.97,1430,298,132,90,1.315,24.905,-35.36325018,149.16551134,10.00,calibration-file(no-undistort)
1784074696.320,detection_logs/frame_1784074696307.jpg,10,green,0.7333,1473.26,343.77,1418,294,130,88,1.345,24.801,-35.36324992,149.16551020,10.00,calibration-file(no-undistort)
1784074696.388,detection_logs/frame_1784074696375.jpg,10,green,0.7431,1459.41,342.42,1402,298,130,88,1.355,24.696,-35.36324983,149.16550904,10.00,calibration-file(no-undistort)
1784074696.388,detection_logs/frame_1784074696375.jpg,11,red,0.6050,1466.00,713.67,1402,672,128,86,-1.283,24.746,-35.36327353,149.16550959,10.00,calibration-file(no-undistort)
1784074696.458,detection_logs/frame_1784074696445.jpg,10,green,0.7486,1447.33,344.78,1392,306,128,88,1.338,25.022,-35.36324998,149.16551263,10.00,calibration-file(no-undistort)
1784074696.458,detection_logs/frame_1784074696445.jpg,11,red,0.5992,1461.08,718.03,1392,680,128,88,-1.314,25.126,-35.36327380,149.16551378,10.00,calibration-file(no-undistort)
1784074696.526,detection_logs/frame_1784074696514.jpg,10,green,0.7570,1435.62,348.22,1380,310,126,88,1.313,24.933,-35.36325020,149.16551166,10.00,calibration-file(no-undistort)
1784074696.526,detection_logs/frame_1784074696514.jpg,11,red,0.6054,1449.95,723.65,1380,684,126,88,-1.354,25.042,-35.36327416,149.16551285,10.00,calibration-file(no-undistort)
1784074696.592,detection_logs/frame_1784074696577.jpg,10,green,0.7626,1422.42,349.17,1364,306,124,88,1.307,24.833,-35.36325026,149.16551055,10.00,calibration-file(no-undistort)
1784074696.662,detection_logs/frame_1784074696648.jpg,10,green,0.7669,1410.80,346.16,1354,296,124,90,1.328,24.745,-35.36325007,149.16550958,10.00,calibration-file(no-undistort)
1784074696.663,detection_logs/frame_1784074696648.jpg,11,red,0.6162,1422.05,718.67,1354,672,124,88,-1.318,24.831,-35.36327384,149.16551052,10.00,calibration-file(no-undistort)
1784074696.729,detection_logs/frame_1784074696716.jpg,10,green,0.7766,1399.87,341.82,1344,292,122,88,1.359,25.071,-35.36324979,149.16551317,10.00,calibration-file(no-undistort)
1784074696.729,detection_logs/frame_1784074696716.jpg,11,red,0.6297,1407.34,713.43,1344,666,120,88,-1.281,25.128,-35.36327351,149.16551379,10.00,calibration-file(no-undistort)
1784074696.792,detection_logs/frame_1784074696779.jpg,10,green,0.7808,1387.35,340.62,1328,296,122,90,1.367,24.976,-35.36324972,149.16551212,10.00,calibration-file(no-undistort)
1784074696.792,detection_logs/frame_1784074696779.jpg,11,red,0.6350,1392.28,713.11,1328,672,120,88,-1.279,25.013,-35.36327349,149.16551254,10.00,calibration-file(no-undistort)
1784074696.868,detection_logs/frame_1784074696856.jpg,10,green,0.7864,1376.35,343.10,1320,304,120,90,1.350,24.893,-35.36324987,149.16551121,10.00,calibration-file(no-undistort)
1784074696.868,detection_logs/frame_1784074696856.jpg,11,red,0.6375,1380.10,716.59,1320,680,120,88,-1.304,24.921,-35.36327371,149.16551152,10.00,calibration-file(no-undistort)
1784074696.925,detection_logs/frame_1784074696913.jpg,10,green,0.7918,1365.24,346.70,1308,308,120,90,1.324,24.808,-35.36325010,149.16551028,10.00,calibration-file(no-undistort)
1784074696.925,detection_logs/frame_1784074696913.jpg,11,red,0.6455,1368.38,720.76,1310,684,118,88,-1.333,24.832,-35.36327398,149.16551054,10.00,calibration-file(no-undistort)
1784074696.997,detection_logs/frame_1784074696983.jpg,10,green,0.8006,1352.79,347.80,1294,304,118,90,1.316,25.104,-35.36325017,149.16551354,10.00,calibration-file(no-undistort)
1784074696.997,detection_logs/frame_1784074696983.jpg,11,red,0.6522,1355.43,722.02,1296,680,116,88,-1.342,25.124,-35.36327406,149.16551376,10.00,calibration-file(no-undistort)
1784074697.066,detection_logs/frame_1784074697054.jpg,10,green,0.8059,1342.50,344.52,1288,294,116,90,1.340,25.026,-35.36324996,149.16551268,10.00,calibration-file(no-undistort)
1784074697.067,detection_logs/frame_1784074697054.jpg,11,red,0.6555,1344.27,719.56,1288,672,116,88,-1.325,25.040,-35.36327390,149.16551283,10.00,calibration-file(no-undistort)
1784074697.136,detection_logs/frame_1784074697121.jpg,10,green,0.8109,1332.21,340.38,1278,290,114,90,1.369,24.948,-35.36324970,149.16551182,10.00,calibration-file(no-undistort)
1784074697.136,detection_logs/frame_1784074697121.jpg,11,red,0.6639,1333.21,716.22,1278,668,114,88,-1.301,24.956,-35.36327369,149.16551190,10.00,calibration-file(no-undistort)
1784074697.194,detection_logs/frame_1784074697181.jpg,10,green,0.8204,1320.25,339.75,1264,296,112,90,1.374,24.858,-35.36324966,149.16551082,10.00,calibration-file(no-undistort)
1784074697.194,detection_logs/frame_1784074697181.jpg,11,red,0.6731,1320.70,715.88,1264,674,112,88,-1.299,24.861,-35.36327367,149.16551086,10.00,calibration-file(no-undistort)
1784074697.266,detection_logs/frame_1784074697253.jpg,10,green,0.8254,1309.00,342.65,1254,304,112,90,1.353,25.163,-35.36324984,149.16551418,10.00,calibration-file(no-undistort)
1784074697.333,detection_logs/frame_1784074697321.jpg,10,green,0.8338,1297.90,346.54,1244,308,110,90,1.325,25.079,-35.36325009,149.16551325,10.00,calibration-file(no-undistort)
1784074697.334,detection_logs/frame_1784074697321.jpg,11,red,0.6800,1298.05,721.73,1244,686,110,88,-1.340,25.080,-35.36327404,149.16551327,10.00,calibration-file(no-undistort)
1784074697.404,detection_logs/frame_1784074697390.jpg,10,green,0.8391,1284.89,347.04,1228,302,110,90,1.322,24.980,-35.36325012,149.16551217,10.00,calibration-file(no-undistort)
1784074697.473,detection_logs/frame_1784074697458.jpg,10,green,0.8442,1273.26,344.07,1220,294,108,90,1.343,25.264,-35.36324994,149.16551530,10.00,calibration-file(no-undistort)
1784074697.473,detection_logs/frame_1784074697458.jpg,11,red,0.6992,1273.92,718.48,1220,672,106,88,-1.317,25.269,-35.36327383,149.16551535,10.00,calibration-file(no-undistort)
1784074697.534,detection_logs/frame_1784074697521.jpg,10,green,0.8520,1261.11,340.17,1208,290,106,90,1.371,25.172,-35.36324969,149.16551428,10.00,calibration-file(no-undistort)
1784074697.609,detection_logs/frame_1784074697596.jpg,10,green,0.8576,1247.76,339.70,1194,296,104,90,1.374,25.071,-35.36324966,149.16551317,10.00,calibration-file(no-undistort)
1784074697.672,detection_logs/frame_1784074697658.jpg,10,green,0.8667,1235.53,342.69,1184,304,104,90,1.353,24.978,-35.36324985,149.16551215,10.00,calibration-file(no-undistort)
1784074697.741,detection_logs/frame_1784074697728.jpg,10,green,0.8721,1222.99,346.24,1172,308,102,88,1.328,25.264,-35.36325007,149.16551530,10.00,calibration-file(no-undistort)
1784074697.817,detection_logs/frame_1784074697803.jpg,10,green,0.8791,1209.42,346.87,1158,302,100,90,1.323,25.161,-35.36325011,149.16551417,10.00,calibration-file(no-undistort)
1784074697.870,detection_logs/frame_1784074697858.jpg,10,green,0.8849,1197.10,343.60,1148,294,100,88,1.346,25.068,-35.36324991,149.16551314,10.00,calibration-file(no-undistort)
1784074697.935,detection_logs/frame_1784074697924.jpg,10,green,0.8889,1184.14,339.86,1136,290,96,90,1.373,24.970,-35.36324967,149.16551205,10.00,calibration-file(no-undistort)
1784074698.005,detection_logs/frame_1784074697992.jpg,10,green,0.8971,1169.11,339.51,1118,296,96,90,1.375,25.237,-35.36324964,149.16551500,10.00,calibration-file(no-undistort)
1784074698.081,detection_logs/frame_1784074698070.jpg,10,green,0.9051,1154.54,342.61,1106,304,94,90,1.353,25.127,-35.36324984,149.16551378,10.00,calibration-file(no-undistort)
1784074698.151,detection_logs/frame_1784074698137.jpg,10,green,0.9108,1140.01,345.82,1092,306,94,90,1.331,25.016,-35.36325005,149.16551257,10.00,calibration-file(no-undistort)
1784074698.217,detection_logs/frame_1784074698204.jpg,10,green,0.9189,1124.35,345.79,1076,300,92,90,1.331,24.898,-35.36325005,149.16551126,10.00,calibration-file(no-undistort)
1784074698.384,detection_logs/frame_1784074698373.jpg,10,green,0.9189,1110.68,342.44,1066,292,92,90,1.355,25.166,-35.36324983,149.16551422,10.00,calibration-file(no-undistort)
1784074698.472,detection_logs/frame_1784074698458.jpg,10,green,0.9254,1096.96,339.47,1054,292,88,88,1.376,25.062,-35.36324964,149.16551307,10.00,calibration-file(no-undistort)
1784074698.531,detection_logs/frame_1784074698517.jpg,10,green,0.9319,1082.38,340.12,1038,298,88,90,1.371,24.952,-35.36324968,149.16551186,10.00,calibration-file(no-undistort)
1784074698.697,detection_logs/frame_1784074698685.jpg,10,green,0.9354,1069.15,343.54,1028,306,86,88,1.347,24.851,-35.36324990,149.16551075,10.00,calibration-file(no-undistort)
1784074698.766,detection_logs/frame_1784074698753.jpg,10,green,0.9404,1055.34,347.35,1014,308,84,90,1.320,25.137,-35.36325015,149.16551390,10.00,calibration-file(no-undistort)
1784074698.832,detection_logs/frame_1784074698820.jpg,10,green,0.9443,1036.66,346.92,988,300,84,90,1.323,24.995,-35.36325012,149.16551234,10.00,calibration-file(no-undistort)
1784074698.910,detection_logs/frame_1784074698896.jpg,10,green,0.9525,1009.95,343.23,952,292,82,90,1.349,24.793,-35.36324988,149.16551011,10.00,calibration-file(no-undistort)
1784074698.910,detection_logs/frame_1784074698896.jpg,12,green,0.5448,1384.76,918.99,1328,868,108,104,-2.742,27.634,-35.36328663,149.16554141,10.00,calibration-file(no-undistort)
1784074698.980,detection_logs/frame_1784074698967.jpg,10,green,0.9580,974.27,340.38,908,292,80,90,1.369,24.904,-35.36324970,149.16551133,10.00,calibration-file(no-undistort)
1784074698.980,detection_logs/frame_1784074698967.jpg,12,green,0.5456,1359.67,918.92,1280,864,106,108,-2.741,27.825,-35.36328662,149.16554351,10.00,calibration-file(no-undistort)
1784074699.039,detection_logs/frame_1784074699026.jpg,10,green,0.9589,930.70,341.11,860,300,78,88,1.364,24.573,-35.36324975,149.16550769,10.00,calibration-file(no-undistort)
1784074699.040,detection_logs/frame_1784074699026.jpg,12,green,0.5482,1310.49,919.05,1230,868,104,104,-2.742,27.453,-35.36328663,149.16553941,10.00,calibration-file(no-undistort)
1784074699.112,detection_logs/frame_1784074699098.jpg,10,green,0.9637,881.51,344.58,810,306,78,90,1.339,24.201,-35.36324997,149.16550358,10.00,calibration-file(no-undistort)
1784074699.178,detection_logs/frame_1784074699165.jpg,10,green,0.9682,830.06,348.02,764,308,76,90,1.315,23.811,-35.36325019,149.16549929,10.00,calibration-file(no-undistort)
1784074699.178,detection_logs/frame_1784074699165.jpg,13,red,0.8391,800.94,729.39,764,686,76,88,-1.395,23.590,-35.36327453,149.16549685,10.00,calibration-file(no-undistort)
1784074699.250,detection_logs/frame_1784074699237.jpg,10,green,0.9682,779.70,346.90,722,300,76,88,1.323,23.746,-35.36325012,149.16549858,10.00,calibration-file(no-undistort)
1784074699.250,detection_logs/frame_1784074699237.jpg,13,red,0.8503,779.41,725.65,722,678,74,88,-1.368,23.744,-35.36327429,149.16549856,10.00,calibration-file(no-undistort)
1784074699.250,detection_logs/frame_1784074699237.jpg,14,green,0.5558,1141.30,916.17,1090,864,100,104,-2.722,26.488,-35.36328645,149.16552878,10.00,calibration-file(no-undistort)
1784074699.307,detection_logs/frame_1784074699295.jpg,10,green,0.9659,732.37,342.70,684,290,76,92,1.353,23.388,-35.36324985,149.16549463,10.00,calibration-file(no-undistort)
1784074699.307,detection_logs/frame_1784074699295.jpg,13,red,0.8627,740.63,718.88,686,672,72,88,-1.320,23.450,-35.36327386,149.16549532,10.00,calibration-file(no-undistort)
1784074699.307,detection_logs/frame_1784074699295.jpg,14,green,0.5552,1121.74,913.60,1052,856,100,106,-2.703,26.339,-35.36328628,149.16552714,10.00,calibration-file(no-undistort)
1784074699.380,detection_logs/frame_1784074699367.jpg,10,green,0.9669,691.36,339.10,656,290,74,90,1.378,23.077,-35.36324962,149.16549120,10.00,calibration-file(no-undistort)
1784074699.380,detection_logs/frame_1784074699367.jpg,13,red,0.8536,702.03,714.83,656,670,72,90,-1.291,23.158,-35.36327360,149.16549209,10.00,calibration-file(no-undistort)
1784074699.380,detection_logs/frame_1784074699367.jpg,14,green,0.5648,1090.22,908.85,1024,854,100,104,-2.670,26.101,-35.36328598,149.16552451,10.00,calibration-file(no-undistort)
1784074699.449,detection_logs/frame_1784074699434.jpg,10,green,0.9659,659.68,338.51,638,294,74,92,1.382,22.837,-35.36324958,149.16548856,10.00,calibration-file(no-undistort)
1784074699.449,detection_logs/frame_1784074699434.jpg,13,red,0.8536,672.94,716.47,638,676,72,90,-1.303,22.937,-35.36327370,149.16548966,10.00,calibration-file(no-undistort)
1784074699.449,detection_logs/frame_1784074699434.jpg,14,green,0.5565,1063.98,911.71,1008,862,100,104,-2.690,25.902,-35.36328616,149.16552232,10.00,calibration-file(no-undistort)
1784074699.512,detection_logs/frame_1784074699499.jpg,10,green,0.9671,640.09,341.46,634,302,72,92,1.362,22.933,-35.36324977,149.16548962,10.00,calibration-file(no-undistort)
1784074699.512,detection_logs/frame_1784074699499.jpg,12,green,0.5687,1059.49,920.52,1004,870,102,102,-2.753,26.113,-35.36328673,149.16552464,10.00,calibration-file(no-undistort)
1784074699.512,detection_logs/frame_1784074699499.jpg,13,red,0.8758,655.61,722.00,634,686,70,88,-1.342,23.051,-35.36327406,149.16549092,10.00,calibration-file(no-undistort)
1784074699.572,detection_logs/frame_1784074699557.jpg,13,red,0.8682,650.11,726.07,640,686,70,90,-1.371,23.009,-35.36327432,149.16549046,10.00,calibration-file(no-undistort)
1784074699.572,detection_logs/frame_1784074699557.jpg,15,green,0.9671,675.50,349.50,640,304,72,92,1.304,23.202,-35.36325028,149.16549258,10.00,calibration-file(no-undistort)
1784074699.653,detection_logs/frame_1784074699639.jpg,13,red,0.8681,655.28,725.69,654,680,72,88,-1.368,23.048,-35.36327429,149.16549089,10.00,calibration-file(no-undistort)
1784074699.654,detection_logs/frame_1784074699639.jpg,15,green,0.9706,683.06,345.97,656,298,70,90,1.329,23.259,-35.36325006,149.16549321,10.00,calibration-file(no-undistort)
1784074699.654,detection_logs/frame_1784074699639.jpg,16,green,0.5559,1077.90,920.70,1026,866,102,106,-2.754,26.252,-35.36328674,149.16552618,10.00,calibration-file(no-undistort)
1784074699.712,detection_logs/frame_1784074699699.jpg,13,red,0.8841,669.17,721.93,676,672,68,88,-1.342,23.154,-35.36327405,149.16549205,10.00,calibration-file(no-undistort)
1784074699.712,detection_logs/frame_1784074699699.jpg,15,green,0.9673,700.06,339.13,674,290,72,92,1.378,23.388,-35.36324962,149.16549463,10.00,calibration-file(no-undistort)
1784074699.712,detection_logs/frame_1784074699699.jpg,16,green,0.5589,1088.13,917.16,1046,860,102,104,-2.729,26.330,-35.36328651,149.16552704,10.00,calibration-file(no-undistort)
1784074699.781,detection_logs/frame_1784074699767.jpg,13,red,0.8830,689.57,718.33,698,670,68,88,-1.316,23.435,-35.36327382,149.16549515,10.00,calibration-file(no-undistort)
1784074699.781,detection_logs/frame_1784074699767.jpg,15,green,0.9672,721.76,334.16,696,288,70,92,1.413,23.679,-35.36324930,149.16549784,10.00,calibration-file(no-undistort)
1784074699.781,detection_logs/frame_1784074699767.jpg,16,green,0.5569,1109.83,913.58,1068,858,104,106,-2.703,26.621,-35.36328628,149.16553025,10.00,calibration-file(no-undistort)
1784074699.841,detection_logs/frame_1784074699828.jpg,13,red,0.8834,714.26,718.41,720,676,68,88,-1.317,23.622,-35.36327383,149.16549721,10.00,calibration-file(no-undistort)
1784074699.841,detection_logs/frame_1784074699828.jpg,15,green,0.9731,744.82,335.54,718,296,70,90,1.404,23.854,-35.36324939,149.16549977,10.00,calibration-file(no-undistort)
1784074699.907,detection_logs/frame_1784074699895.jpg,13,red,0.8841,740.80,721.79,740,684,68,88,-1.341,23.824,-35.36327404,149.16549943,10.00,calibration-file(no-undistort)
1784074699.908,detection_logs/frame_1784074699895.jpg,15,green,0.9727,768.05,340.64,740,304,70,90,1.367,24.030,-35.36324972,149.16550171,10.00,calibration-file(no-undistort)
1784074699.976,detection_logs/frame_1784074699963.jpg,13,red,0.8712,767.93,724.55,760,684,70,88,-1.360,24.029,-35.36327422,149.16550170,10.00,calibration-file(no-undistort)
1784074699.976,detection_logs/frame_1784074699963.jpg,15,green,0.9749,790.28,344.91,760,306,70,90,1.337,24.199,-35.36324999,149.16550356,10.00,calibration-file(no-undistort)
1784074700.049,detection_logs/frame_1784074700035.jpg,13,red,0.8827,793.68,723.91,778,678,68,88,-1.356,24.270,-35.36327418,149.16550435,10.00,calibration-file(no-undistort)
1784074700.049,detection_logs/frame_1784074700035.jpg,15,green,0.9698,810.97,344.67,778,298,70,92,1.339,24.401,-35.36324997,149.16550579,10.00,calibration-file(no-undistort)
1784074700.107,detection_logs/frame_1784074700094.jpg,13,red,0.8824,817.06,720.40,794,670,68,88,-1.331,24.447,-35.36327395,149.16550630,10.00,calibration-file(no-undistort)
1784074700.108,detection_logs/frame_1784074700094.jpg,15,green,0.9732,829.81,341.49,794,292,70,90,1.361,24.544,-35.36324977,149.16550736,10.00,calibration-file(no-undistort)
1784074700.108,detection_logs/frame_1784074700094.jpg,16,green,0.5377,1219.75,917.19,1170,866,106,106,-2.729,27.500,-35.36328651,149.16553993,10.00,calibration-file(no-undistort)
1784074700.176,detection_logs/frame_1784074700163.jpg,13,red,0.8810,837.58,717.36,808,670,68,88,-1.309,24.603,-35.36327376,149.16550801,10.00,calibration-file(no-undistort)
1784074700.176,detection_logs/frame_1784074700163.jpg,15,green,0.9692,846.55,338.79,808,290,70,92,1.380,24.671,-35.36324960,149.16550876,10.00,calibration-file(no-undistort)
1784074700.177,detection_logs/frame_1784074700163.jpg,16,green,0.5458,1239.94,919.53,1184,868,108,104,-2.746,27.653,-35.36328666,149.16554161,10.00,calibration-file(no-undistort)
1784074700.241,detection_logs/frame_1784074700227.jpg,13,red,0.8686,855.21,718.15,820,676,68,90,-1.315,24.746,-35.36327381,149.16550959,10.00,calibration-file(no-undistort)
1784074700.241,detection_logs/frame_1784074700227.jpg,15,green,0.9749,861.01,339.74,820,298,70,90,1.374,24.790,-35.36324966,149.16551007,10.00,calibration-file(no-undistort)
1784074700.315,detection_logs/frame_1784074700303.jpg,13,red,0.8686,870.21,722.06,832,684,68,90,-1.343,24.859,-35.36327406,149.16551084,10.00,calibration-file(no-undistort)
1784074700.315,detection_logs/frame_1784074700303.jpg,15,green,0.9749,873.90,343.77,832,306,70,90,1.345,24.887,-35.36324992,149.16551115,10.00,calibration-file(no-undistort)
1784074700.387,detection_logs/frame_1784074700374.jpg,13,red,0.8807,882.69,724.88,842,684,68,88,-1.363,24.954,-35.36327424,149.16551188,10.00,calibration-file(no-undistort)
1784074700.388,detection_logs/frame_1784074700374.jpg,15,green,0.9732,884.54,346.81,842,306,68,90,1.324,24.968,-35.36325011,149.16551203,10.00,calibration-file(no-undistort)
1784074700.448,detection_logs/frame_1784074700433.jpg,13,red,0.8804,892.65,724.17,850,678,68,88,-1.358,25.029,-35.36327420,149.16551271,10.00,calibration-file(no-undistort)
1784074700.449,detection_logs/frame_1784074700433.jpg,15,green,0.9737,893.67,346.58,850,300,70,90,1.325,25.037,-35.36325010,149.16551280,10.00,calibration-file(no-undistort)
1784074700.521,detection_logs/frame_1784074700508.jpg,13,red,0.8806,900.30,720.63,856,670,68,88,-1.332,25.087,-35.36327397,149.16551335,10.00,calibration-file(no-undistort)
1784074700.521,detection_logs/frame_1784074700508.jpg,15,green,0.9712,900.68,343.03,856,292,70,90,1.350,25.090,-35.36324987,149.16551338,10.00,calibration-file(no-undistort)
1784074700.591,detection_logs/frame_1784074700578.jpg,13,red,0.8789,905.94,717.67,862,670,68,88,-1.311,25.130,-35.36327378,149.16551382,10.00,calibration-file(no-undistort)
1784074700.591,detection_logs/frame_1784074700578.jpg,15,green,0.9745,905.91,340.29,862,292,68,90,1.370,25.130,-35.36324969,149.16551382,10.00,calibration-file(no-undistort)
1784074700.654,detection_logs/frame_1784074700641.jpg,13,red,0.8793,909.75,718.78,866,678,68,88,-1.319,25.159,-35.36327385,149.16551414,10.00,calibration-file(no-undistort)
1784074700.654,detection_logs/frame_1784074700641.jpg,15,green,0.9731,909.27,341.49,864,300,70,90,1.361,25.155,-35.36324977,149.16551410,10.00,calibration-file(no-undistort)
1784074700.730,detection_logs/frame_1784074700718.jpg,13,red,0.8680,911.68,722.68,868,684,68,90,-1.347,25.174,-35.36327410,149.16551430,10.00,calibration-file(no-undistort)
1784074700.730,detection_logs/frame_1784074700718.jpg,15,green,0.9745,911.06,344.90,866,306,70,90,1.337,25.169,-35.36324999,149.16551425,10.00,calibration-file(no-undistort)
1784074700.794,detection_logs/frame_1784074700781.jpg,13,red,0.8818,911.98,725.06,868,684,68,88,-1.364,25.185,-35.36327425,149.16551443,10.00,calibration-file(no-undistort)
1784074700.794,detection_logs/frame_1784074700781.jpg,15,green,0.9737,911.53,347.48,868,306,68,90,1.319,25.182,-35.36325015,149.16551439,10.00,calibration-file(no-undistort)
1784074700.866,detection_logs/frame_1784074700853.jpg,13,red,0.8826,911.26,723.57,868,676,68,88,-1.353,25.180,-35.36327416,149.16551437,10.00,calibration-file(no-undistort)
1784074700.866,detection_logs/frame_1784074700853.jpg,15,green,0.9727,911.26,346.10,868,298,70,90,1.329,25.180,-35.36325007,149.16551437,10.00,calibration-file(no-undistort)
1784074700.939,detection_logs/frame_1784074700928.jpg,13,red,0.8817,909.92,719.90,868,670,68,88,-1.327,25.169,-35.36327392,149.16551425,10.00,calibration-file(no-undistort)
1784074700.939,detection_logs/frame_1784074700928.jpg,15,green,0.9691,910.27,342.13,868,290,70,92,1.357,25.172,-35.36324981,149.16551428,10.00,calibration-file(no-undistort)
1784074701.005,detection_logs/frame_1784074700994.jpg,13,red,0.8814,908.25,717.38,868,670,68,88,-1.309,25.157,-35.36327376,149.16551411,10.00,calibration-file(no-undistort)
1784074701.005,detection_logs/frame_1784074700994.jpg,15,green,0.9730,908.94,339.52,868,292,70,90,1.375,25.162,-35.36324965,149.16551417,10.00,calibration-file(no-undistort)
1784074701.075,detection_logs/frame_1784074701063.jpg,13,red,0.8699,905.75,719.15,866,678,68,90,-1.322,25.156,-35.36327387,149.16551411,10.00,calibration-file(no-undistort)
1784074701.075,detection_logs/frame_1784074701063.jpg,15,green,0.9737,906.73,340.88,866,300,70,90,1.366,25.163,-35.36324973,149.16551419,10.00,calibration-file(no-undistort)
1784074701.142,detection_logs/frame_1784074701130.jpg,13,red,0.8840,902.73,723.28,864,686,68,88,-1.351,25.133,-35.36327414,149.16551385,10.00,calibration-file(no-undistort)
1784074701.142,detection_logs/frame_1784074701130.jpg,15,green,0.9745,903.61,345.24,864,308,68,90,1.335,25.140,-35.36325001,149.16551393,10.00,calibration-file(no-undistort)
1784074701.212,detection_logs/frame_1784074701195.jpg,13,red,0.8810,899.49,725.47,862,684,68,88,-1.367,25.108,-35.36327428,149.16551358,10.00,calibration-file(no-undistort)
1784074701.212,detection_logs/frame_1784074701195.jpg,15,green,0.9746,899.96,347.74,860,306,70,90,1.317,25.112,-35.36325017,149.16551362,10.00,calibration-file(no-undistort)
1784074701.289,detection_logs/frame_1784074701277.jpg,13,red,0.8793,896.23,723.78,860,676,68,88,-1.355,25.102,-35.36327417,149.16551351,10.00,calibration-file(no-undistort)
1784074701.289,detection_logs/frame_1784074701277.jpg,15,green,0.9698,896.46,345.90,858,296,70,92,1.330,25.104,-35.36325005,149.16551353,10.00,calibration-file(no-undistort)
1784074701.346,detection_logs/frame_1784074701334.jpg,13,red,0.8692,893.02,720.11,856,670,70,88,-1.329,25.078,-35.36327394,149.16551324,10.00,calibration-file(no-undistort)
1784074701.346,detection_logs/frame_1784074701334.jpg,15,green,0.9727,893.18,342.37,856,292,70,90,1.355,25.079,-35.36324983,149.16551326,10.00,calibration-file(no-undistort)
1784074701.416,detection_logs/frame_1784074701404.jpg,13,red,0.8805,890.06,718.05,856,672,68,88,-1.314,25.055,-35.36327380,149.16551300,10.00,calibration-file(no-undistort)
1784074701.416,detection_logs/frame_1784074701404.jpg,15,green,0.9692,890.16,340.10,854,292,70,92,1.371,25.056,-35.36324968,149.16551300,10.00,calibration-file(no-undistort)
1784074701.488,detection_logs/frame_1784074701475.jpg,13,red,0.8824,887.49,719.96,854,680,68,88,-1.328,25.036,-35.36327393,149.16551278,10.00,calibration-file(no-undistort)
1784074701.488,detection_logs/frame_1784074701475.jpg,15,green,0.9731,887.39,342.10,852,302,70,90,1.357,25.035,-35.36324981,149.16551277,10.00,calibration-file(no-undistort)
1784074701.558,detection_logs/frame_1784074701543.jpg,13,red,0.8838,885.20,723.87,852,686,68,88,-1.355,25.046,-35.36327418,149.16551289,10.00,calibration-file(no-undistort)
1784074701.558,detection_logs/frame_1784074701543.jpg,15,green,0.9745,885.25,346.12,852,308,68,90,1.328,25.046,-35.36325007,149.16551289,10.00,calibration-file(no-undistort)
1784074701.623,detection_logs/frame_1784074701611.jpg,13,red,0.8693,882.71,725.66,850,682,68,90,-1.368,25.027,-35.36327429,149.16551268,10.00,calibration-file(no-undistort)
1784074701.623,detection_logs/frame_1784074701611.jpg,15,green,0.9745,882.78,347.53,848,304,70,90,1.318,25.027,-35.36325016,149.16551269,10.00,calibration-file(no-undistort)
1784074701.695,detection_logs/frame_1784074701681.jpg,13,red,0.8686,879.89,723.72,846,674,68,90,-1.354,25.005,-35.36327417,149.16551245,10.00,calibration-file(no-undistort)
1784074701.695,detection_logs/frame_1784074701681.jpg,15,green,0.9755,880.08,345.26,846,296,68,90,1.335,25.007,-35.36325001,149.16551246,10.00,calibration-file(no-undistort)
1784074701.764,detection_logs/frame_1784074701749.jpg,13,red,0.8804,876.90,719.90,842,670,68,88,-1.327,24.983,-35.36327392,149.16551220,10.00,calibration-file(no-undistort)
1784074701.764,detection_logs/frame_1784074701749.jpg,15,green,0.9698,877.20,341.45,842,290,70,92,1.362,24.985,-35.36324977,149.16551222,10.00,calibration-file(no-undistort)
1784074701.844,detection_logs/frame_1784074701828.jpg,13,red,0.8806,874.00,717.78,840,672,68,88,-1.312,24.979,-35.36327379,149.16551215,10.00,calibration-file(no-undistort)
1784074701.844,detection_logs/frame_1784074701828.jpg,15,green,0.9739,874.61,339.00,840,292,70,90,1.379,24.983,-35.36324961,149.16551221,10.00,calibration-file(no-undistort)
1784074701.893,detection_logs/frame_1784074701881.jpg,13,red,0.8823,871.21,719.84,838,680,68,88,-1.327,24.958,-35.36327392,149.16551192,10.00,calibration-file(no-undistort)
1784074701.893,detection_logs/frame_1784074701881.jpg,15,green,0.9750,871.84,341.30,838,302,68,90,1.363,24.962,-35.36324976,149.16551197,10.00,calibration-file(no-undistort)
1784074701.956,detection_logs/frame_1784074701945.jpg,13,red,0.8825,868.80,723.63,836,686,68,88,-1.354,24.939,-35.36327416,149.16551172,10.00,calibration-file(no-undistort)
1784074701.956,detection_logs/frame_1784074701945.jpg,15,green,0.9760,869.35,345.58,836,308,68,90,1.332,24.944,-35.36325003,149.16551177,10.00,calibration-file(no-undistort)
1784074702.147,detection_logs/frame_1784074702136.jpg,13,red,0.8829,866.88,725.11,834,682,68,88,-1.364,24.925,-35.36327426,149.16551156,10.00,calibration-file(no-undistort)
1784074702.147,detection_logs/frame_1784074702136.jpg,15,green,0.9749,867.47,347.20,834,304,70,90,1.321,24.929,-35.36325014,149.16551161,10.00,calibration-file(no-undistort)
1784074702.213,detection_logs/frame_1784074702201.jpg,13,red,0.8813,865.07,722.91,832,674,68,88,-1.349,24.938,-35.36327411,149.16551171,10.00,calibration-file(no-undistort)
1784074702.213,detection_logs/frame_1784074702201.jpg,15,green,0.9749,865.64,345.08,832,296,70,90,1.336,24.943,-35.36325000,149.16551176,10.00,calibration-file(no-undistort)
1784074702.362,detection_logs/frame_1784074702351.jpg,13,red,0.8796,863.25,718.95,830,668,68,88,-1.320,24.924,-35.36327386,149.16551156,10.00,calibration-file(no-undistort)
1784074702.362,detection_logs/frame_1784074702351.jpg,15,green,0.9749,863.82,340.98,830,290,70,90,1.365,24.929,-35.36324974,149.16551160,10.00,calibration-file(no-undistort)
1784074702.445,detection_logs/frame_1784074702433.jpg,13,red,0.8798,861.47,717.38,828,672,68,88,-1.309,24.911,-35.36327376,149.16551141,10.00,calibration-file(no-undistort)
1784074702.445,detection_logs/frame_1784074702433.jpg,15,green,0.9749,862.00,339.50,828,294,70,90,1.375,24.915,-35.36324964,149.16551145,10.00,calibration-file(no-undistort)
1784074702.515,detection_logs/frame_1784074702496.jpg,13,red,0.8829,862.62,720.21,834,682,68,88,-1.329,24.920,-35.36327394,149.16551150,10.00,calibration-file(no-undistort)
1784074702.515,detection_logs/frame_1784074702496.jpg,15,green,0.9755,862.95,342.54,834,304,68,90,1.354,24.922,-35.36324984,149.16551153,10.00,calibration-file(no-undistort)
1784074702.590,detection_logs/frame_1784074702577.jpg,13,red,0.8831,870.99,724.28,852,686,68,88,-1.358,24.992,-35.36327420,149.16551230,10.00,calibration-file(no-undistort)
1784074702.591,detection_logs/frame_1784074702577.jpg,15,green,0.9750,871.17,346.52,852,308,68,90,1.326,24.994,-35.36325009,149.16551232,10.00,calibration-file(no-undistort)
1784074702.651,detection_logs/frame_1784074702636.jpg,13,red,0.8825,890.39,725.44,884,682,68,88,-1.367,25.139,-35.36327428,149.16551392,10.00,calibration-file(no-undistort)
1784074702.651,detection_logs/frame_1784074702636.jpg,15,green,0.9755,890.68,347.07,884,302,70,90,1.322,25.142,-35.36325013,149.16551395,10.00,calibration-file(no-undistort)
1784074702.722,detection_logs/frame_1784074702708.jpg,13,red,0.8717,922.54,723.02,928,674,70,88,-1.349,25.383,-35.36327412,149.16551661,10.00,calibration-file(no-undistort)
1784074702.722,detection_logs/frame_1784074702708.jpg,15,green,0.9732,922.64,344.14,928,294,70,90,1.342,25.384,-35.36324994,149.16551662,10.00,calibration-file(no-undistort)
1784074702.787,detection_logs/frame_1784074702772.jpg,17,red,0.8610,1010.93,715.05,976,670,70,90,-1.293,26.053,-35.36327361,149.16552399,10.00,calibration-file(no-undistort)
1784074702.787,detection_logs/frame_1784074702772.jpg,18,green,0.9749,1011.50,334.50,976,290,72,90,1.411,26.057,-35.36324932,149.16552404,10.00,calibration-file(no-undistort)
1784074702.854,detection_logs/frame_1784074702842.jpg,17,red,0.8650,1033.84,717.27,1022,674,70,90,-1.309,26.272,-35.36327375,149.16552640,10.00,calibration-file(no-undistort)
1784074702.854,detection_logs/frame_1784074702842.jpg,18,green,0.9673,1034.17,336.01,1022,292,70,92,1.400,26.275,-35.36324942,149.16552643,10.00,calibration-file(no-undistort)
1784074702.930,detection_logs/frame_1784074702917.jpg,17,red,0.8692,1075.04,724.85,1062,684,70,90,-1.362,26.585,-35.36327424,149.16552984,10.00,calibration-file(no-undistort)
1784074702.930,detection_logs/frame_1784074702917.jpg,18,green,0.9682,1074.65,341.87,1060,300,72,92,1.359,26.582,-35.36324980,149.16552981,10.00,calibration-file(no-undistort)
1784074702.992,detection_logs/frame_1784074702979.jpg,17,red,0.8720,1110.03,731.47,1082,688,70,90,-1.409,26.850,-35.36327466,149.16553277,10.00,calibration-file(no-undistort)
1784074702.993,detection_logs/frame_1784074702979.jpg,18,green,0.9712,1109.74,346.99,1082,304,72,90,1.322,26.848,-35.36325012,149.16553274,10.00,calibration-file(no-undistort)
1784074703.057,detection_logs/frame_1784074703042.jpg,17,red,0.8731,1131.62,732.38,1090,684,70,90,-1.416,27.132,-35.36327472,149.16553587,10.00,calibration-file(no-undistort)
1784074703.057,detection_logs/frame_1784074703042.jpg,18,green,0.9672,1131.34,346.89,1090,298,72,92,1.323,27.129,-35.36325012,149.16553584,10.00,calibration-file(no-undistort)
1784074703.127,detection_logs/frame_1784074703113.jpg,17,red,0.8706,1140.14,728.56,1086,676,70,90,-1.389,27.196,-35.36327448,149.16553658,10.00,calibration-file(no-undistort)
1784074703.128,detection_logs/frame_1784074703113.jpg,18,green,0.9673,1139.72,342.56,1086,290,72,92,1.354,27.193,-35.36324984,149.16553654,10.00,calibration-file(no-undistort)
1784074703.191,detection_logs/frame_1784074703176.jpg,17,red,0.8669,1133.12,724.23,1064,672,70,90,-1.358,27.143,-35.36327420,149.16553599,10.00,calibration-file(no-undistort)
1784074703.191,detection_logs/frame_1784074703176.jpg,18,green,0.9679,1132.67,338.77,1064,288,72,92,1.381,27.140,-35.36324960,149.16553596,10.00,calibration-file(no-undistort)
1784074703.259,detection_logs/frame_1784074703245.jpg,13,red,0.8665,1065.62,721.60,1036,676,70,90,-1.339,26.631,-35.36327403,149.16553036,10.00,calibration-file(no-undistort)
1784074703.259,detection_logs/frame_1784074703245.jpg,15,green,0.9712,1064.52,339.07,1036,294,70,90,1.379,26.623,-35.36324962,149.16553026,10.00,calibration-file(no-undistort)
1784074703.323,detection_logs/frame_1784074703310.jpg,13,red,0.8732,1058.43,725.22,1002,684,70,88,-1.365,26.813,-35.36327426,149.16553236,10.00,calibration-file(no-undistort)
1784074703.323,detection_logs/frame_1784074703310.jpg,15,green,0.9731,1056.76,342.83,1000,302,72,90,1.352,26.800,-35.36324986,149.16553222,10.00,calibration-file(no-undistort)
1784074703.385,detection_logs/frame_1784074703373.jpg,19,red,0.8485,994.17,729.68,958,684,72,90,-1.397,26.326,-35.36327455,149.16552699,10.00,calibration-file(no-undistort)
1784074703.385,detection_logs/frame_1784074703373.jpg,20,green,0.9746,992.50,350.50,956,306,74,90,1.297,26.313,-35.36325035,149.16552685,10.00,calibration-file(no-undistort)
1784074703.459,detection_logs/frame_1784074703447.jpg,19,red,0.8554,973.30,726.02,916,678,72,88,-1.371,26.167,-35.36327431,149.16552525,10.00,calibration-file(no-undistort)
1784074703.459,detection_logs/frame_1784074703447.jpg,20,green,0.9740,972.35,346.97,916,300,74,88,1.322,26.160,-35.36325012,149.16552517,10.00,calibration-file(no-undistort)
1784074703.521,detection_logs/frame_1784074703509.jpg,19,red,0.8555,934.52,718.22,878,670,72,88,-1.315,25.873,-35.36327382,149.16552201,10.00,calibration-file(no-undistort)
1784074703.521,detection_logs/frame_1784074703509.jpg,20,green,0.9717,933.84,340.13,876,292,76,90,1.371,25.868,-35.36324968,149.16552195,10.00,calibration-file(no-undistort)
1784074703.594,detection_logs/frame_1784074703581.jpg,19,red,0.8424,888.17,713.83,834,670,74,88,-1.284,25.858,-35.36327354,149.16552184,10.00,calibration-file(no-undistort)
1784074703.594,detection_logs/frame_1784074703581.jpg,20,green,0.9711,888.15,336.32,834,292,76,90,1.398,25.858,-35.36324944,149.16552184,10.00,calibration-file(no-undistort)
1784074703.668,detection_logs/frame_1784074703656.jpg,19,red,0.8329,844.31,715.47,796,676,76,88,-1.296,25.525,-35.36327364,149.16551817,10.00,calibration-file(no-undistort)
1784074703.668,detection_logs/frame_1784074703656.jpg,20,green,0.9681,844.32,338.34,796,300,76,88,1.384,25.525,-35.36324957,149.16551818,10.00,calibration-file(no-undistort)
1784074703.727,detection_logs/frame_1784074703714.jpg,19,red,0.8298,805.52,720.37,764,684,76,88,-1.331,25.231,-35.36327395,149.16551494,10.00,calibration-file(no-undistort)
1784074703.727,detection_logs/frame_1784074703714.jpg,20,green,0.9633,805.87,343.79,764,308,78,88,1.345,25.234,-35.36324992,149.16551496,10.00,calibration-file(no-undistort)
1784074703.792,detection_logs/frame_1784074703779.jpg,19,red,0.8033,768.40,723.98,728,684,80,90,-1.356,24.950,-35.36327418,149.16551184,10.00,calibration-file(no-undistort)
1784074703.792,detection_logs/frame_1784074703779.jpg,20,green,0.9613,768.76,347.31,728,308,80,88,1.320,24.953,-35.36325014,149.16551187,10.00,calibration-file(no-undistort)
1784074703.861,detection_logs/frame_1784074703849.jpg,19,red,0.8107,734.04,723.11,698,678,80,88,-1.350,25.052,-35.36327413,149.16551297,10.00,calibration-file(no-undistort)
1784074703.861,detection_logs/frame_1784074703849.jpg,20,green,0.9527,734.22,346.11,696,300,82,88,1.329,25.054,-35.36325007,149.16551298,10.00,calibration-file(no-undistort)
1784074703.926,detection_logs/frame_1784074703912.jpg,19,red,0.8013,704.57,719.18,674,670,82,88,-1.322,24.829,-35.36327388,149.16551051,10.00,calibration-file(no-undistort)
1784074703.926,detection_logs/frame_1784074703912.jpg,20,green,0.9503,704.31,341.83,672,292,82,88,1.359,24.827,-35.36324979,149.16551048,10.00,calibration-file(no-undistort)
1784074704.004,detection_logs/frame_1784074703992.jpg,19,red,0.7929,677.00,716.53,646,670,84,88,-1.303,24.620,-35.36327371,149.16550820,10.00,calibration-file(no-undistort)
1784074704.004,detection_logs/frame_1784074703992.jpg,20,green,0.9434,677.09,339.20,646,292,84,90,1.378,24.621,-35.36324963,149.16550821,10.00,calibration-file(no-undistort)
1784074704.063,detection_logs/frame_1784074704050.jpg,19,red,0.7876,652.29,717.81,622,678,86,88,-1.312,24.814,-35.36327379,149.16551034,10.00,calibration-file(no-undistort)
1784074704.063,detection_logs/frame_1784074704050.jpg,20,green,0.9382,652.49,339.83,622,298,86,90,1.373,24.816,-35.36324967,149.16551036,10.00,calibration-file(no-undistort)
1784074704.132,detection_logs/frame_1784074704120.jpg,19,red,0.7713,631.76,721.75,604,684,88,90,-1.340,24.658,-35.36327404,149.16550862,10.00,calibration-file(no-undistort)
1784074704.132,detection_logs/frame_1784074704120.jpg,20,green,0.9319,632.04,343.67,604,306,88,90,1.346,24.660,-35.36324991,149.16550865,10.00,calibration-file(no-undistort)
1784074704.209,detection_logs/frame_1784074704196.jpg,19,red,0.7775,612.68,725.08,584,686,88,88,-1.364,24.514,-35.36327425,149.16550703,10.00,calibration-file(no-undistort)
1784074704.209,detection_logs/frame_1784074704196.jpg,20,green,0.9271,612.80,346.61,582,306,90,90,1.325,24.515,-35.36325010,149.16550704,10.00,calibration-file(no-undistort)
1784074704.269,detection_logs/frame_1784074704258.jpg,20,green,0.9232,595.35,345.52,564,298,90,90,1.333,24.382,-35.36325003,149.16550558,10.00,calibration-file(no-undistort)
1784074704.345,detection_logs/frame_1784074704331.jpg,20,green,0.9167,581.73,341.38,552,290,92,90,1.362,24.669,-35.36324976,149.16550875,10.00,calibration-file(no-undistort)
1784074704.411,detection_logs/frame_1784074704396.jpg,20,green,0.9104,568.25,339.05,534,292,94,90,1.379,24.567,-35.36324962,149.16550762,10.00,calibration-file(no-undistort)
1784074704.474,detection_logs/frame_1784074704460.jpg,20,green,0.9037,557.73,340.61,524,300,96,90,1.368,24.487,-35.36324972,149.16550674,10.00,calibration-file(no-undistort)
1784074704.545,detection_logs/frame_1784074704532.jpg,20,green,0.8997,549.52,344.33,516,306,96,90,1.341,24.425,-35.36324995,149.16550606,10.00,calibration-file(no-undistort)
1784074704.615,detection_logs/frame_1784074704601.jpg,20,green,0.8910,539.92,347.14,500,306,98,90,1.321,24.725,-35.36325013,149.16550936,10.00,calibration-file(no-undistort)
1784074704.678,detection_logs/frame_1784074704665.jpg,20,green,0.8823,530.97,345.13,490,296,98,90,1.335,24.657,-35.36325000,149.16550861,10.00,calibration-file(no-undistort)
1784074704.754,detection_logs/frame_1784074704739.jpg,20,green,0.8757,522.32,341.09,478,290,102,90,1.364,24.591,-35.36324975,149.16550789,10.00,calibration-file(no-undistort)
1784074704.820,detection_logs/frame_1784074704805.jpg,20,green,0.8674,511.70,338.84,462,292,104,90,1.380,24.511,-35.36324960,149.16550700,10.00,calibration-file(no-undistort)
1784074704.890,detection_logs/frame_1784074704876.jpg,20,green,0.8635,500.71,340.48,450,300,104,90,1.369,24.791,-35.36324971,149.16551008,10.00,calibration-file(no-undistort)
1784074704.950,detection_logs/frame_1784074704936.jpg,20,green,0.8556,490.58,344.24,440,306,106,90,1.342,24.714,-35.36324995,149.16550924,10.00,calibration-file(no-undistort)
1784074705.025,detection_logs/frame_1784074705012.jpg,20,green,0.8498,478.29,346.29,424,304,106,90,1.327,24.621,-35.36325008,149.16550821,10.00,calibration-file(no-undistort)
1784074705.090,detection_logs/frame_1784074705075.jpg,20,green,0.8442,467.14,344.52,414,296,108,90,1.340,24.536,-35.36324996,149.16550728,10.00,calibration-file(no-undistort)
1784074705.157,detection_logs/frame_1784074705144.jpg,20,green,0.8375,456.09,341.08,402,290,110,92,1.364,24.806,-35.36324974,149.16551025,10.00,calibration-file(no-undistort)
1784074705.220,detection_logs/frame_1784074705207.jpg,20,green,0.8318,443.49,339.69,386,294,112,90,1.374,24.711,-35.36324966,149.16550920,10.00,calibration-file(no-undistort)
1784074705.295,detection_logs/frame_1784074705280.jpg,20,green,0.8245,431.75,341.95,376,302,112,90,1.358,24.622,-35.36324980,149.16550822,10.00,calibration-file(no-undistort)
1784074705.368,detection_logs/frame_1784074705356.jpg,20,green,0.8204,420.28,346.14,364,308,114,90,1.328,24.907,-35.36325007,149.16551136,10.00,calibration-file(no-undistort)
1784074705.431,detection_logs/frame_1784074705419.jpg,20,green,0.8137,406.61,348.45,346,306,116,90,1.312,24.803,-35.36325022,149.16551022,10.00,calibration-file(no-undistort)
1784074705.500,detection_logs/frame_1784074705486.jpg,20,green,0.8059,394.12,346.02,336,296,116,90,1.329,24.709,-35.36325006,149.16550918,10.00,calibration-file(no-undistort)
1784074705.500,detection_logs/frame_1784074705486.jpg,21,red,0.6596,392.65,716.52,336,674,116,88,-1.303,24.698,-35.36327371,149.16550906,10.00,calibration-file(no-undistort)
1784074705.564,detection_logs/frame_1784074705550.jpg,20,green,0.8006,382.17,342.04,324,290,118,92,1.357,24.618,-35.36324981,149.16550818,10.00,calibration-file(no-undistort)
1784074705.564,detection_logs/frame_1784074705550.jpg,21,red,0.6575,387.59,713.80,326,668,116,88,-1.284,24.659,-35.36327353,149.16550863,10.00,calibration-file(no-undistort)
1784074705.746,detection_logs/frame_1784074705733.jpg,20,green,0.7918,369.43,340.24,310,294,118,90,1.370,24.885,-35.36324969,149.16551112,10.00,calibration-file(no-undistort)
1784074705.747,detection_logs/frame_1784074705733.jpg,21,red,0.6441,375.18,713.72,310,672,118,88,-1.283,24.928,-35.36327353,149.16551160,10.00,calibration-file(no-undistort)
1784074705.814,detection_logs/frame_1784074705799.jpg,20,green,0.7914,360.10,342.20,306,302,118,90,1.356,24.814,-35.36324982,149.16551034,10.00,calibration-file(no-undistort)
1784074705.874,detection_logs/frame_1784074705860.jpg,20,green,0.7906,358.54,346.59,314,310,120,88,1.325,24.802,-35.36325010,149.16551021,10.00,calibration-file(no-undistort)
1784074705.963,detection_logs/frame_1784074705951.jpg,20,green,0.7947,362.22,349.07,322,308,120,88,1.307,24.830,-35.36325025,149.16551052,10.00,calibration-file(no-undistort)
1784074706.121,detection_logs/frame_1784074706108.jpg,20,green,0.7864,364.26,347.58,316,300,122,88,1.318,25.218,-35.36325016,149.16551479,10.00,calibration-file(no-undistort)
1784074706.121,detection_logs/frame_1784074706108.jpg,21,red,0.6387,371.86,712.40,318,670,118,88,-1.274,25.275,-35.36327344,149.16551542,10.00,calibration-file(no-undistort)
1784074706.197,detection_logs/frame_1784074706180.jpg,20,green,0.7848,363.43,344.70,308,296,122,88,1.339,25.211,-35.36324998,149.16551472,10.00,calibration-file(no-undistort)
1784074706.198,detection_logs/frame_1784074706180.jpg,22,green,0.5453,790.06,916.39,732,866,114,106,-2.723,28.446,-35.36328646,149.16555034,10.00,calibration-file(no-undistort)
1784074706.252,detection_logs/frame_1784074706238.jpg,20,green,0.7767,361.01,344.08,302,300,122,88,1.343,25.193,-35.36324994,149.16551451,10.00,calibration-file(no-undistort)
1784074706.252,detection_logs/frame_1784074706238.jpg,21,red,0.6304,363.52,711.26,302,670,122,86,-1.266,25.212,-35.36327337,149.16551472,10.00,calibration-file(no-undistort)
1784074706.317,detection_logs/frame_1784074706302.jpg,20,green,0.7808,358.10,346.86,298,308,122,88,1.323,25.171,-35.36325011,149.16551427,10.00,calibration-file(no-undistort)
1784074706.398,detection_logs/frame_1784074706385.jpg,20,green,0.7669,350.38,350.97,282,314,124,86,1.294,25.503,-35.36325038,149.16551793,10.00,calibration-file(no-undistort)
1784074706.459,detection_logs/frame_1784074706447.jpg,20,green,0.7570,335.08,351.96,256,308,126,88,1.287,25.387,-35.36325044,149.16551665,10.00,calibration-file(no-undistort)
1784074706.528,detection_logs/frame_1784074706514.jpg,20,green,0.7472,314.33,348.50,230,298,128,88,1.312,25.229,-35.36325022,149.16551492,10.00,calibration-file(no-undistort)
1784074706.593,detection_logs/frame_1784074706577.jpg,20,green,0.7313,286.29,344.15,194,294,132,88,1.342,25.453,-35.36324994,149.16551737,10.00,calibration-file(no-undistort)
1784074706.593,detection_logs/frame_1784074706577.jpg,23,green,0.5415,683.70,915.86,628,864,112,108,-2.719,28.465,-35.36328643,149.16555056,10.00,calibration-file(no-undistort)
1784074708.469,detection_logs/frame_1784074708458.jpg,24,green,0.5421,887.10,118.65,868,108,46,18,2.945,32.967,-35.36323555,149.16560015,10.00,calibration-file(no-undistort)
1784074709.869,detection_logs/frame_1784074709858.jpg,25,green,0.5494,724.19,120.44,704,108,48,20,2.932,33.302,-35.36323566,149.16560384,10.00,calibration-file(no-undistort)
1784074709.941,detection_logs/frame_1784074709931.jpg,25,green,0.5262,726.37,120.52,710,108,48,20,2.931,33.319,-35.36323567,149.16560403,10.00,calibration-file(no-undistort)
1784074710.205,detection_logs/frame_1784074710191.jpg,26,green,0.6601,1640.50,340.50,1568,294,146,94,1.368,40.648,-35.36324971,149.16568476,10.00,calibration-file(no-undistort)
1784074710.281,detection_logs/frame_1784074710266.jpg,26,green,0.6838,1618.84,345.03,1528,304,140,92,1.336,40.929,-35.36325000,149.16568786,10.00,calibration-file(no-undistort)
1784074710.342,detection_logs/frame_1784074710328.jpg,26,green,0.7037,1580.31,347.40,1492,302,138,92,1.319,40.637,-35.36325015,149.16568464,10.00,calibration-file(no-undistort)
1784074710.406,detection_logs/frame_1784074710393.jpg,26,green,0.7175,1535.91,343.81,1454,294,134,92,1.345,40.300,-35.36324992,149.16568093,10.00,calibration-file(no-undistort)
1784074710.489,detection_logs/frame_1784074710476.jpg,26,green,0.7333,1493.91,338.87,1420,290,130,90,1.380,40.454,-35.36324960,149.16568262,10.00,calibration-file(no-undistort)
1784074710.559,detection_logs/frame_1784074710546.jpg,26,green,0.7486,1457.51,338.46,1392,296,128,88,1.383,40.178,-35.36324958,149.16567958,10.00,calibration-file(no-undistort)
1784074710.627,detection_logs/frame_1784074710613.jpg,26,green,0.7679,1423.45,342.48,1362,304,126,90,1.354,39.920,-35.36324983,149.16567674,10.00,calibration-file(no-undistort)
1784074710.687,detection_logs/frame_1784074710676.jpg,26,green,0.7821,1392.12,347.38,1336,310,122,88,1.319,39.682,-35.36325015,149.16567412,10.00,calibration-file(no-undistort)
1784074710.766,detection_logs/frame_1784074710753.jpg,26,green,0.7962,1366.33,349.86,1318,308,120,88,1.302,39.950,-35.36325030,149.16567707,10.00,calibration-file(no-undistort)
1784074710.832,detection_logs/frame_1784074710819.jpg,26,green,0.8059,1343.02,347.34,1298,298,116,88,1.320,39.773,-35.36325014,149.16567512,10.00,calibration-file(no-undistort)
1784074710.898,detection_logs/frame_1784074710884.jpg,26,green,0.8144,1323.76,342.90,1282,292,116,88,1.351,39.627,-35.36324986,149.16567351,10.00,calibration-file(no-undistort)
1784074710.963,detection_logs/frame_1784074710950.jpg,26,green,0.8206,1309.26,341.19,1272,296,114,88,1.363,39.517,-35.36324975,149.16567230,10.00,calibration-file(no-undistort)
1784074711.037,detection_logs/frame_1784074711023.jpg,26,green,0.8337,1295.53,344.02,1256,306,112,88,1.343,39.849,-35.36324993,149.16567596,10.00,calibration-file(no-undistort)
1784074711.099,detection_logs/frame_1784074711087.jpg,26,green,0.8430,1283.60,347.83,1244,310,110,88,1.316,39.758,-35.36325018,149.16567496,10.00,calibration-file(no-undistort)
1784074711.157,detection_logs/frame_1784074711147.jpg,26,green,0.8483,1273.45,349.05,1234,306,108,88,1.308,39.681,-35.36325025,149.16567411,10.00,calibration-file(no-undistort)
1784074711.230,detection_logs/frame_1784074711219.jpg,26,green,0.8556,1261.89,346.22,1218,296,106,90,1.328,39.594,-35.36325007,149.16567315,10.00,calibration-file(no-undistort)
1784074711.296,detection_logs/frame_1784074711284.jpg,26,green,0.8629,1250.97,341.97,1206,292,106,88,1.358,39.938,-35.36324980,149.16567693,10.00,calibration-file(no-undistort)
1784074711.367,detection_logs/frame_1784074711355.jpg,26,green,0.8703,1240.73,340.42,1196,296,104,88,1.369,39.860,-35.36324970,149.16567608,10.00,calibration-file(no-undistort)
1784074711.432,detection_logs/frame_1784074711422.jpg,26,green,0.8757,1228.43,342.61,1180,304,102,88,1.353,39.767,-35.36324984,149.16567505,10.00,calibration-file(no-undistort)
1784074711.504,detection_logs/frame_1784074711493.jpg,26,green,0.8814,1215.64,346.79,1166,310,102,88,1.324,39.670,-35.36325011,149.16567398,10.00,calibration-file(no-undistort)
1784074711.581,detection_logs/frame_1784074711567.jpg,26,green,0.8882,1204.05,347.52,1158,304,98,88,1.318,39.990,-35.36325016,149.16567752,10.00,calibration-file(no-undistort)
1784074711.661,detection_logs/frame_1784074711650.jpg,26,green,0.8934,1191.73,344.76,1144,296,98,88,1.338,39.897,-35.36324998,149.16567649,10.00,calibration-file(no-undistort)
1784074711.721,detection_logs/frame_1784074711708.jpg,26,green,0.8997,1180.01,341.00,1134,292,96,88,1.365,39.808,-35.36324974,149.16567551,10.00,calibration-file(no-undistort)
1784074711.795,detection_logs/frame_1784074711781.jpg,26,green,0.9039,1169.12,339.02,1124,294,96,88,1.379,40.116,-35.36324961,149.16567890,10.00,calibration-file(no-undistort)
1784074711.795,detection_logs/frame_1784074711781.jpg,27,red,0.7428,1171.74,715.82,1122,672,96,88,-1.298,40.136,-35.36327366,149.16567912,10.00,calibration-file(no-undistort)
1784074711.861,detection_logs/frame_1784074711848.jpg,26,green,0.9121,1157.21,341.71,1110,304,96,88,1.360,40.026,-35.36324978,149.16567790,10.00,calibration-file(no-undistort)
1784074711.861,detection_logs/frame_1784074711848.jpg,27,red,0.7487,1164.63,720.74,1110,682,94,88,-1.333,40.082,-35.36327398,149.16567852,10.00,calibration-file(no-undistort)
1784074711.936,detection_logs/frame_1784074711923.jpg,26,green,0.9170,1146.49,345.46,1102,308,94,88,1.333,39.944,-35.36325002,149.16567701,10.00,calibration-file(no-undistort)
1784074712.004,detection_logs/frame_1784074711991.jpg,26,green,0.9206,1136.25,346.69,1094,304,90,88,1.324,39.867,-35.36325010,149.16567615,10.00,calibration-file(no-undistort)
1784074712.075,detection_logs/frame_1784074712059.jpg,26,green,0.9258,1125.12,343.49,1080,294,92,88,1.347,40.173,-35.36324990,149.16567952,10.00,calibration-file(no-undistort)
1784074712.152,detection_logs/frame_1784074712140.jpg,26,green,0.9313,1114.88,339.80,1072,290,90,90,1.373,40.095,-35.36324966,149.16567867,10.00,calibration-file(no-undistort)
1784074712.214,detection_logs/frame_1784074712202.jpg,26,green,0.9319,1104.49,338.69,1062,294,88,90,1.381,40.016,-35.36324959,149.16567780,10.00,calibration-file(no-undistort)
1784074712.275,detection_logs/frame_1784074712262.jpg,26,green,0.9382,1092.34,341.62,1048,304,86,88,1.360,39.924,-35.36324978,149.16567679,10.00,calibration-file(no-undistort)
1784074712.358,detection_logs/frame_1784074712347.jpg,26,green,0.9404,1080.89,345.13,1038,306,86,90,1.335,40.228,-35.36325000,149.16568013,10.00,calibration-file(no-undistort)
1784074712.418,detection_logs/frame_1784074712406.jpg,26,green,0.9466,1067.97,346.14,1024,302,84,90,1.328,40.130,-35.36325007,149.16567905,10.00,calibration-file(no-undistort)
1784074712.481,detection_logs/frame_1784074712468.jpg,26,green,0.9503,1048.38,343.57,996,294,82,90,1.347,39.981,-35.36324990,149.16567742,10.00,calibration-file(no-undistort)
1784074712.556,detection_logs/frame_1784074712544.jpg,26,green,0.9561,1019.48,339.95,956,290,82,90,1.372,39.762,-35.36324967,149.16567500,10.00,calibration-file(no-undistort)
1784074712.621,detection_logs/frame_1784074712608.jpg,26,green,0.9581,981.55,339.27,912,296,78,88,1.377,39.865,-35.36324963,149.16567613,10.00,calibration-file(no-undistort)
1784074712.689,detection_logs/frame_1784074712677.jpg,26,green,0.9633,935.84,342.89,862,306,78,88,1.351,39.519,-35.36324986,149.16567232,10.00,calibration-file(no-undistort)
1784074712.752,detection_logs/frame_1784074712741.jpg,26,green,0.9629,885.06,346.89,812,308,78,90,1.323,39.134,-35.36325012,149.16566808,10.00,calibration-file(no-undistort)
1784074712.817,detection_logs/frame_1784074712806.jpg,26,green,0.9669,832.51,347.81,766,304,76,88,1.316,38.735,-35.36325017,149.16566369,10.00,calibration-file(no-undistort)
1784074712.891,detection_logs/frame_1784074712879.jpg,26,green,0.9670,781.45,344.73,724,294,76,90,1.338,38.702,-35.36324998,149.16566332,10.00,calibration-file(no-undistort)
1784074713.048,detection_logs/frame_1784074713037.jpg,26,green,0.9659,733.73,340.29,686,288,76,92,1.370,38.340,-35.36324969,149.16565934,10.00,calibration-file(no-undistort)
1784074713.139,detection_logs/frame_1784074713127.jpg,26,green,0.9645,691.74,338.99,656,294,74,90,1.379,38.022,-35.36324961,149.16565583,10.00,calibration-file(no-undistort)
1784074713.202,detection_logs/frame_1784074713190.jpg,26,green,0.9660,658.63,340.97,636,300,74,92,1.365,37.771,-35.36324974,149.16565307,10.00,calibration-file(no-undistort)
1784074713.364,detection_logs/frame_1784074713354.jpg,26,green,0.9665,637.30,344.59,630,306,72,90,1.339,37.864,-35.36324997,149.16565409,10.00,calibration-file(no-undistort)
1784074713.446,detection_logs/frame_1784074713435.jpg,26,green,0.9690,628.80,345.71,634,302,72,90,1.331,37.799,-35.36325004,149.16565338,10.00,calibration-file(no-undistort)
1784074713.506,detection_logs/frame_1784074713494.jpg,28,green,0.9660,684.50,337.50,650,292,70,92,1.390,38.221,-35.36324952,149.16565803,10.00,calibration-file(no-undistort)
1784074713.574,detection_logs/frame_1784074713561.jpg,28,green,0.9673,694.07,335.49,668,288,72,92,1.404,38.430,-35.36324939,149.16566033,10.00,calibration-file(no-undistort)
1784074713.574,detection_logs/frame_1784074713561.jpg,29,red,0.8764,702.95,714.36,670,670,70,88,-1.288,38.497,-35.36327357,149.16566107,10.00,calibration-file(no-undistort)
1784074713.651,detection_logs/frame_1784074713639.jpg,28,green,0.9682,714.98,336.25,692,292,70,92,1.399,38.589,-35.36324944,149.16566207,10.00,calibration-file(no-undistort)
1784074713.651,detection_logs/frame_1784074713639.jpg,29,red,0.8639,714.17,715.81,692,672,70,90,-1.298,38.582,-35.36327366,149.16566201,10.00,calibration-file(no-undistort)
1784074713.709,detection_logs/frame_1784074713693.jpg,28,green,0.9731,740.60,342.09,716,302,70,90,1.357,38.783,-35.36324981,149.16566421,10.00,calibration-file(no-undistort)
1784074713.709,detection_logs/frame_1784074713693.jpg,29,red,0.8724,736.59,721.73,716,680,68,90,-1.340,38.752,-35.36327404,149.16566388,10.00,calibration-file(no-undistort)
1784074713.778,detection_logs/frame_1784074713767.jpg,28,green,0.9727,765.63,348.62,738,308,70,90,1.311,38.973,-35.36325023,149.16566630,10.00,calibration-file(no-undistort)
1784074713.778,detection_logs/frame_1784074713767.jpg,29,red,0.8836,761.94,728.03,738,686,68,88,-1.385,38.945,-35.36327444,149.16566600,10.00,calibration-file(no-undistort)
1784074713.847,detection_logs/frame_1784074713833.jpg,28,green,0.9739,788.78,350.28,758,304,70,90,1.299,39.221,-35.36325033,149.16566904,10.00,calibration-file(no-undistort)
1784074713.847,detection_logs/frame_1784074713833.jpg,29,red,0.8806,786.28,728.95,760,682,68,88,-1.392,39.202,-35.36327450,149.16566883,10.00,calibration-file(no-undistort)
1784074713.913,detection_logs/frame_1784074713900.jpg,28,green,0.9692,810.30,346.87,778,294,68,92,1.323,39.384,-35.36325011,149.16567083,10.00,calibration-file(no-undistort)
1784074713.913,detection_logs/frame_1784074713900.jpg,29,red,0.8810,808.28,725.10,778,674,68,88,-1.364,39.369,-35.36327425,149.16567067,10.00,calibration-file(no-undistort)
1784074713.981,detection_logs/frame_1784074713970.jpg,28,green,0.9692,829.93,342.66,794,290,70,92,1.353,39.533,-35.36324985,149.16567247,10.00,calibration-file(no-undistort)
1784074713.981,detection_logs/frame_1784074713970.jpg,29,red,0.8822,827.86,720.58,794,670,68,88,-1.332,39.517,-35.36327397,149.16567230,10.00,calibration-file(no-undistort)
1784074714.043,detection_logs/frame_1784074714030.jpg,28,green,0.9732,847.08,340.92,808,294,70,90,1.365,39.663,-35.36324973,149.16567391,10.00,calibration-file(no-undistort)
1784074714.043,detection_logs/frame_1784074714030.jpg,29,red,0.8768,845.39,718.83,810,672,68,88,-1.320,39.650,-35.36327385,149.16567376,10.00,calibration-file(no-undistort)
1784074714.116,detection_logs/frame_1784074714104.jpg,28,green,0.9731,862.14,343.81,822,304,68,90,1.345,39.795,-35.36324992,149.16567536,10.00,calibration-file(no-undistort)
1784074714.116,detection_logs/frame_1784074714104.jpg,29,red,0.8798,860.46,721.50,822,682,68,88,-1.339,39.782,-35.36327402,149.16567522,10.00,calibration-file(no-undistort)
1784074714.182,detection_logs/frame_1784074714172.jpg,28,green,0.9732,874.98,347.55,832,308,70,90,1.318,39.892,-35.36325016,149.16567644,10.00,calibration-file(no-undistort)
1784074714.183,detection_logs/frame_1784074714172.jpg,29,red,0.8840,873.35,725.21,832,686,68,88,-1.365,39.880,-35.36327426,149.16567630,10.00,calibration-file(no-undistort)
1784074714.254,detection_logs/frame_1784074714239.jpg,28,green,0.9745,885.91,348.63,842,304,70,90,1.311,39.975,-35.36325023,149.16567735,10.00,calibration-file(no-undistort)
1784074714.254,detection_logs/frame_1784074714239.jpg,29,red,0.8833,884.21,726.15,842,682,68,88,-1.372,39.962,-35.36327432,149.16567721,10.00,calibration-file(no-undistort)
1784074714.341,detection_logs/frame_1784074714329.jpg,28,green,0.9745,894.79,346.05,850,296,70,90,1.329,40.042,-35.36325006,149.16567809,10.00,calibration-file(no-undistort)
1784074714.399,detection_logs/frame_1784074714387.jpg,28,green,0.9692,901.94,341.98,858,290,68,92,1.358,40.097,-35.36324980,149.16567869,10.00,calibration-file(no-undistort)
1784074714.461,detection_logs/frame_1784074714449.jpg,28,green,0.9745,907.25,340.13,862,294,70,90,1.371,40.137,-35.36324968,149.16567913,10.00,calibration-file(no-undistort)
1784074714.534,detection_logs/frame_1784074714522.jpg,28,green,0.9731,911.01,342.88,866,304,70,90,1.351,40.165,-35.36324986,149.16567944,10.00,calibration-file(no-undistort)
1784074714.609,detection_logs/frame_1784074714597.jpg,28,green,0.9732,913.47,346.66,870,308,68,90,1.325,40.184,-35.36325010,149.16567965,10.00,calibration-file(no-undistort)
1784074714.670,detection_logs/frame_1784074714657.jpg,28,green,0.9732,914.80,347.07,872,302,68,90,1.322,40.194,-35.36325013,149.16567976,10.00,calibration-file(no-undistort)
1784074714.745,detection_logs/frame_1784074714734.jpg,28,green,0.9731,915.11,344.06,872,294,70,90,1.343,40.197,-35.36324994,149.16567979,10.00,calibration-file(no-undistort)
1784074714.807,detection_logs/frame_1784074714795.jpg,28,green,0.9692,914.49,340.53,872,290,70,92,1.368,40.192,-35.36324971,149.16567973,10.00,calibration-file(no-undistort)
1784074714.877,detection_logs/frame_1784074714865.jpg,28,green,0.9727,912.55,339.94,870,296,70,90,1.372,40.195,-35.36324967,149.16567977,10.00,calibration-file(no-undistort)
1784074714.935,detection_logs/frame_1784074714919.jpg,28,green,0.9730,909.83,342.84,868,304,70,90,1.352,40.175,-35.36324986,149.16567955,10.00,calibration-file(no-undistort)
1784074715.007,detection_logs/frame_1784074714995.jpg,28,green,0.9745,906.70,345.92,866,306,70,90,1.330,40.151,-35.36325005,149.16567928,10.00,calibration-file(no-undistort)
1784074715.076,detection_logs/frame_1784074715065.jpg,28,green,0.9731,903.03,345.80,864,300,68,90,1.331,40.123,-35.36325005,149.16567898,10.00,calibration-file(no-undistort)
1784074715.145,detection_logs/frame_1784074715132.jpg,28,green,0.9698,899.11,342.79,860,292,70,92,1.352,40.121,-35.36324985,149.16567895,10.00,calibration-file(no-undistort)
1784074715.213,detection_logs/frame_1784074715202.jpg,28,green,0.9697,895.52,339.69,858,290,70,92,1.374,40.093,-35.36324966,149.16567865,10.00,calibration-file(no-undistort)
1784074715.289,detection_logs/frame_1784074715275.jpg,28,green,0.9697,892.28,339.84,856,296,70,92,1.373,40.069,-35.36324967,149.16567838,10.00,calibration-file(no-undistort)
1784074713.980,detection_logs/frame_1784074713969.jpg,28,green,0.9731,888.97,343.69,854,306,68,90,1.346,40.044,-35.36324991,149.16567810,10.00,calibration-file(no-undistort)
1784074714.037,detection_logs/frame_1784074714022.jpg,28,green,0.9745,886.45,347.45,852,308,70,90,1.319,40.043,-35.36325015,149.16567809,10.00,calibration-file(no-undistort)
1784074714.111,detection_logs/frame_1784074714100.jpg,28,green,0.9746,883.33,347.77,848,302,70,90,1.317,40.019,-35.36325017,149.16567783,10.00,calibration-file(no-undistort)
1784074714.173,detection_logs/frame_1784074714161.jpg,28,green,0.9739,880.59,344.64,846,294,70,90,1.339,39.998,-35.36324997,149.16567760,10.00,calibration-file(no-undistort)
1784074714.247,detection_logs/frame_1784074714232.jpg,28,green,0.9698,877.33,340.98,842,290,70,92,1.365,39.974,-35.36324974,149.16567733,10.00,calibration-file(no-undistort)
1784074714.315,detection_logs/frame_1784074714304.jpg,28,green,0.9755,874.50,341.07,840,298,70,90,1.364,39.970,-35.36324974,149.16567730,10.00,calibration-file(no-undistort)
1784074714.375,detection_logs/frame_1784074714364.jpg,28,green,0.9750,872.00,344.47,838,306,70,90,1.340,39.951,-35.36324996,149.16567709,10.00,calibration-file(no-undistort)
1784074714.446,detection_logs/frame_1784074714436.jpg,28,green,0.9746,869.75,347.88,836,308,70,90,1.316,39.934,-35.36325018,149.16567690,10.00,calibration-file(no-undistort)
1784074714.513,detection_logs/frame_1784074714500.jpg,28,green,0.9749,867.67,347.15,834,300,70,90,1.321,39.946,-35.36325013,149.16567702,10.00,calibration-file(no-undistort)
1784074714.513,detection_logs/frame_1784074714500.jpg,30,red,0.8689,868.16,723.03,834,678,68,90,-1.349,39.950,-35.36327412,149.16567707,10.00,calibration-file(no-undistort)
1784074714.589,detection_logs/frame_1784074714577.jpg,28,green,0.9749,865.70,343.26,832,292,70,90,1.349,39.931,-35.36324988,149.16567686,10.00,calibration-file(no-undistort)
1784074714.589,detection_logs/frame_1784074714577.jpg,30,red,0.8683,866.92,719.11,832,670,68,90,-1.322,39.940,-35.36327387,149.16567696,10.00,calibration-file(no-undistort)
1784074714.652,detection_logs/frame_1784074714642.jpg,28,green,0.9755,863.40,339.49,830,290,68,90,1.376,39.913,-35.36324964,149.16567667,10.00,calibration-file(no-undistort)
1784074714.652,detection_logs/frame_1784074714642.jpg,30,red,0.8793,864.49,715.19,830,670,68,88,-1.294,39.922,-35.36327362,149.16567676,10.00,calibration-file(no-undistort)
1784074714.715,detection_logs/frame_1784074714703.jpg,28,green,0.9761,861.22,339.96,828,298,68,90,1.372,39.897,-35.36324967,149.16567649,10.00,calibration-file(no-undistort)
1784074714.715,detection_logs/frame_1784074714703.jpg,30,red,0.8799,861.98,717.05,828,676,68,88,-1.307,39.903,-35.36327374,149.16567655,10.00,calibration-file(no-undistort)
1784074714.787,detection_logs/frame_1784074714776.jpg,28,green,0.9765,859.14,343.69,826,306,68,90,1.346,39.899,-35.36324991,149.16567651,10.00,calibration-file(no-undistort)
1784074714.787,detection_logs/frame_1784074714776.jpg,30,red,0.8807,859.74,722.87,826,684,68,88,-1.348,39.904,-35.36327411,149.16567656,10.00,calibration-file(no-undistort)
1784074714.852,detection_logs/frame_1784074714842.jpg,28,green,0.9787,857.53,346.57,824,306,70,90,1.325,39.887,-35.36325010,149.16567638,10.00,calibration-file(no-undistort)
1784074714.852,detection_logs/frame_1784074714842.jpg,30,red,0.8814,857.90,726.86,824,686,68,88,-1.377,39.890,-35.36327437,149.16567641,10.00,calibration-file(no-undistort)
1784074714.918,detection_logs/frame_1784074714907.jpg,28,green,0.9778,856.66,346.26,824,300,70,90,1.327,39.881,-35.36325008,149.16567631,10.00,calibration-file(no-undistort)
1784074714.919,detection_logs/frame_1784074714907.jpg,30,red,0.8806,856.89,726.45,824,680,68,88,-1.374,39.882,-35.36327434,149.16567632,10.00,calibration-file(no-undistort)
1784074714.990,detection_logs/frame_1784074714978.jpg,28,green,0.9790,856.31,342.71,824,292,70,90,1.353,39.878,-35.36324985,149.16567628,10.00,calibration-file(no-undistort)
1784074714.990,detection_logs/frame_1784074714978.jpg,30,red,0.8794,856.56,722.46,824,672,68,88,-1.345,39.880,-35.36327409,149.16567630,10.00,calibration-file(no-undistort)
1784074715.052,detection_logs/frame_1784074715038.jpg,28,green,0.9790,856.31,339.19,824,290,70,90,1.378,39.887,-35.36324962,149.16567638,10.00,calibration-file(no-undistort)
1784074715.052,detection_logs/frame_1784074715038.jpg,30,red,0.8796,856.48,718.85,824,670,68,88,-1.320,39.888,-35.36327386,149.16567639,10.00,calibration-file(no-undistort)
1784074715.120,detection_logs/frame_1784074715108.jpg,28,green,0.9832,856.51,339.44,824,298,70,88,1.376,39.889,-35.36324964,149.16567639,10.00,calibration-file(no-undistort)
1784074715.120,detection_logs/frame_1784074715108.jpg,30,red,0.8771,856.56,719.33,824,676,68,88,-1.323,39.889,-35.36327389,149.16567640,10.00,calibration-file(no-undistort)
1784074715.184,detection_logs/frame_1784074715172.jpg,28,green,0.9852,856.43,342.99,824,306,68,88,1.351,39.888,-35.36324987,149.16567639,10.00,calibration-file(no-undistort)
1784074715.184,detection_logs/frame_1784074715172.jpg,30,red,0.8661,856.34,722.92,822,684,70,88,-1.349,39.887,-35.36327412,149.16567638,10.00,calibration-file(no-undistort)
1784074715.252,detection_logs/frame_1784074715242.jpg,28,green,0.9854,856.07,345.73,822,306,70,88,1.331,39.885,-35.36325004,149.16567636,10.00,calibration-file(no-undistort)
1784074715.324,detection_logs/frame_1784074715314.jpg,28,green,0.9852,855.10,345.33,820,300,70,88,1.334,39.905,-35.36325002,149.16567658,10.00,calibration-file(no-undistort)
1784074715.324,detection_logs/frame_1784074715314.jpg,30,red,0.8875,855.06,723.51,822,680,68,86,-1.353,39.905,-35.36327415,149.16567657,10.00,calibration-file(no-undistort)
1784074715.391,detection_logs/frame_1784074715379.jpg,28,green,0.9837,854.46,341.71,820,292,70,88,1.360,39.900,-35.36324979,149.16567652,10.00,calibration-file(no-undistort)
1784074715.391,detection_logs/frame_1784074715379.jpg,30,red,0.8865,854.65,719.98,822,672,68,86,-1.328,39.902,-35.36327393,149.16567654,10.00,calibration-file(no-undistort)
1784074715.461,detection_logs/frame_1784074715450.jpg,28,green,0.9844,854.08,338.95,820,292,70,88,1.379,39.897,-35.36324961,149.16567649,10.00,calibration-file(no-undistort)
1784074715.461,detection_logs/frame_1784074715450.jpg,30,red,0.8757,854.16,717.34,820,670,68,88,-1.309,39.898,-35.36327376,149.16567650,10.00,calibration-file(no-undistort)
1784074715.535,detection_logs/frame_1784074715521.jpg,28,green,0.9854,853.89,339.38,820,298,70,88,1.376,39.896,-35.36324964,149.16567647,10.00,calibration-file(no-undistort)
1784074715.535,detection_logs/frame_1784074715521.jpg,30,red,0.8767,853.95,718.59,820,678,68,88,-1.318,39.896,-35.36327384,149.16567648,10.00,calibration-file(no-undistort)
1784074715.593,detection_logs/frame_1784074715581.jpg,28,green,0.9867,854.24,343.04,822,306,68,88,1.350,39.899,-35.36324987,149.16567650,10.00,calibration-file(no-undistort)
1784074715.593,detection_logs/frame_1784074715581.jpg,30,red,0.8770,854.25,722.56,822,684,68,88,-1.346,39.899,-35.36327409,149.16567650,10.00,calibration-file(no-undistort)
1784074715.659,detection_logs/frame_1784074715648.jpg,28,green,0.9860,854.97,345.85,822,306,70,88,1.330,39.904,-35.36325005,149.16567656,10.00,calibration-file(no-undistort)
1784074715.659,detection_logs/frame_1784074715648.jpg,30,red,0.8774,854.88,725.97,822,686,68,88,-1.370,39.903,-35.36327431,149.16567656,10.00,calibration-file(no-undistort)
1784074715.733,detection_logs/frame_1784074715721.jpg,28,green,0.9855,855.95,345.47,824,300,68,88,1.333,39.911,-35.36325003,149.16567665,10.00,calibration-file(no-undistort)
1784074715.733,detection_logs/frame_1784074715721.jpg,30,red,0.8767,855.94,725.60,824,678,68,88,-1.368,39.911,-35.36327429,149.16567664,10.00,calibration-file(no-undistort)
1784074715.798,detection_logs/frame_1784074715786.jpg,28,green,0.9837,857.09,341.85,824,292,70,88,1.359,39.920,-35.36324979,149.16567674,10.00,calibration-file(no-undistort)
1784074715.799,detection_logs/frame_1784074715786.jpg,30,red,0.8750,857.24,721.94,826,670,68,88,-1.342,39.921,-35.36327405,149.16567675,10.00,calibration-file(no-undistort)
1784074715.867,detection_logs/frame_1784074715856.jpg,28,green,0.9850,858.70,339.08,826,292,70,88,1.378,39.932,-35.36324962,149.16567688,10.00,calibration-file(no-undistort)
1784074715.867,detection_logs/frame_1784074715856.jpg,30,red,0.8751,858.52,718.99,826,670,68,88,-1.321,39.931,-35.36327386,149.16567686,10.00,calibration-file(no-undistort)
1784074715.930,detection_logs/frame_1784074715921.jpg,28,green,0.9850,859.84,339.49,826,298,70,88,1.376,39.941,-35.36324964,149.16567697,10.00,calibration-file(no-undistort)
1784074715.930,detection_logs/frame_1784074715921.jpg,30,red,0.8761,859.69,719.66,826,678,68,88,-1.326,39.940,-35.36327391,149.16567696,10.00,calibration-file(no-undistort)
1784074716.002,detection_logs/frame_1784074715989.jpg,28,green,0.9855,860.99,343.13,828,306,68,88,1.350,39.950,-35.36324988,149.16567707,10.00,calibration-file(no-undistort)
1784074716.002,detection_logs/frame_1784074715989.jpg,30,red,0.8770,860.85,723.22,828,684,68,88,-1.351,39.949,-35.36327413,149.16567706,10.00,calibration-file(no-undistort)
1784074716.079,detection_logs/frame_1784074716069.jpg,28,green,0.9851,862.12,346.71,828,308,70,88,1.324,39.958,-35.36325010,149.16567716,10.00,calibration-file(no-undistort)
1784074716.079,detection_logs/frame_1784074716069.jpg,30,red,0.8770,861.87,726.34,828,686,68,88,-1.373,39.956,-35.36327433,149.16567714,10.00,calibration-file(no-undistort)
1784074716.136,detection_logs/frame_1784074716123.jpg,28,green,0.9854,862.84,346.11,828,300,70,88,1.328,39.964,-35.36325007,149.16567722,10.00,calibration-file(no-undistort)
1784074716.137,detection_logs/frame_1784074716123.jpg,30,red,0.8774,862.84,725.52,830,678,68,88,-1.367,39.964,-35.36327428,149.16567722,10.00,calibration-file(no-undistort)
1784074716.204,detection_logs/frame_1784074716193.jpg,28,green,0.9836,863.64,342.29,830,292,68,88,1.356,39.970,-35.36324982,149.16567729,10.00,calibration-file(no-undistort)
1784074716.204,detection_logs/frame_1784074716193.jpg,30,red,0.8771,863.65,721.58,830,670,68,88,-1.339,39.970,-35.36327403,149.16567729,10.00,calibration-file(no-undistort)
1784074716.268,detection_logs/frame_1784074716252.jpg,28,green,0.9837,864.50,339.36,830,292,70,88,1.376,39.976,-35.36324964,149.16567736,10.00,calibration-file(no-undistort)
1784074716.268,detection_logs/frame_1784074716252.jpg,30,red,0.8770,864.31,718.64,830,670,68,88,-1.318,39.975,-35.36327384,149.16567734,10.00,calibration-file(no-undistort)
1784074716.342,detection_logs/frame_1784074716331.jpg,28,green,0.9832,865.02,340.45,830,300,70,88,1.369,39.980,-35.36324970,149.16567740,10.00,calibration-file(no-undistort)
1784074716.342,detection_logs/frame_1784074716331.jpg,30,red,0.8784,864.81,719.45,830,678,68,88,-1.324,39.979,-35.36327389,149.16567739,10.00,calibration-file(no-undistort)
1784074716.414,detection_logs/frame_1784074716402.jpg,28,green,0.9835,865.28,343.79,830,306,70,88,1.345,39.982,-35.36324992,149.16567743,10.00,calibration-file(no-undistort)
1784074716.414,detection_logs/frame_1784074716402.jpg,30,red,0.8792,865.32,722.92,832,684,68,88,-1.349,39.983,-35.36327412,149.16567743,10.00,calibration-file(no-undistort)
1784074716.482,detection_logs/frame_1784074716470.jpg,28,green,0.9835,866.17,346.34,832,306,70,88,1.327,39.989,-35.36325008,149.16567750,10.00,calibration-file(no-undistort)
1784074716.482,detection_logs/frame_1784074716470.jpg,30,red,0.8766,866.19,725.58,832,684,68,88,-1.368,39.989,-35.36327428,149.16567750,10.00,calibration-file(no-undistort)
1784074716.543,detection_logs/frame_1784074716529.jpg,28,green,0.9779,870.74,345.36,842,298,70,90,1.334,40.024,-35.36325002,149.16567788,10.00,calibration-file(no-undistort)
1784074716.543,detection_logs/frame_1784074716529.jpg,30,red,0.8659,871.07,724.48,844,676,68,90,-1.360,40.026,-35.36327421,149.16567791,10.00,calibration-file(no-undistort)
1784074716.714,detection_logs/frame_1784074716702.jpg,28,green,0.9816,883.64,341.69,866,292,70,88,1.360,40.121,-35.36324978,149.16567896,10.00,calibration-file(no-undistort)
1784074716.714,detection_logs/frame_1784074716702.jpg,30,red,0.8807,884.23,720.63,868,670,68,88,-1.332,40.126,-35.36327397,149.16567901,10.00,calibration-file(no-undistort)
1784074716.808,detection_logs/frame_1784074716795.jpg,28,green,0.9774,907.40,339.31,902,292,70,90,1.377,40.302,-35.36324963,149.16568094,10.00,calibration-file(no-undistort)
1784074716.808,detection_logs/frame_1784074716795.jpg,30,red,0.8810,907.37,718.49,902,672,68,88,-1.317,40.301,-35.36327383,149.16568094,10.00,calibration-file(no-undistort)
1784074716.866,detection_logs/frame_1784074716855.jpg,28,green,0.9766,940.42,340.82,942,300,70,90,1.366,40.552,-35.36324973,149.16568370,10.00,calibration-file(no-undistort)
1784074716.867,detection_logs/frame_1784074716855.jpg,30,red,0.8837,940.64,720.28,944,680,68,88,-1.330,40.553,-35.36327395,149.16568372,10.00,calibration-file(no-undistort)
1784074717.036,detection_logs/frame_1784074717023.jpg,31,red,0.8737,1025.54,731.30,992,686,68,90,-1.408,41.206,-35.36327465,149.16569091,10.00,calibration-file(no-undistort)
1784074717.037,detection_logs/frame_1784074717023.jpg,32,green,0.9732,1025.50,350.50,990,306,72,90,1.297,41.206,-35.36325035,149.16569091,10.00,calibration-file(no-undistort)
1784074717.107,detection_logs/frame_1784074717095.jpg,31,red,0.8678,1052.68,731.30,1044,686,70,90,-1.408,41.412,-35.36327465,149.16569318,10.00,calibration-file(no-undistort)
1784074717.107,detection_logs/frame_1784074717095.jpg,32,green,0.9712,1052.70,349.49,1044,304,72,90,1.304,41.412,-35.36325028,149.16569318,10.00,calibration-file(no-undistort)
1784074717.183,detection_logs/frame_1784074717172.jpg,33,green,0.4671,620.18,941.00,592,914,54,50,-2.898,38.133,-35.36328803,149.16565706,10.00,calibration-file(no-undistort)
1784074717.183,detection_logs/frame_1784074717172.jpg,34,red,0.8621,1135.77,724.60,1100,680,72,90,-1.361,42.042,-35.36327422,149.16570011,10.00,calibration-file(no-undistort)
1784074717.183,detection_logs/frame_1784074717172.jpg,35,green,0.9634,1135.50,339.50,1100,294,72,92,1.375,42.040,-35.36324964,149.16570009,10.00,calibration-file(no-undistort)
1784074717.245,detection_logs/frame_1784074717231.jpg,34,red,0.8793,1158.50,721.94,1146,674,70,90,-1.342,42.214,-35.36327405,149.16570201,10.00,calibration-file(no-undistort)
1784074717.245,detection_logs/frame_1784074717231.jpg,35,green,0.9606,1158.17,335.47,1144,286,74,92,1.404,42.212,-35.36324939,149.16570198,10.00,calibration-file(no-undistort)
1784074717.307,detection_logs/frame_1784074717294.jpg,34,red,0.8704,1191.35,720.80,1170,676,72,90,-1.334,42.581,-35.36327398,149.16570606,10.00,calibration-file(no-undistort)
1784074717.307,detection_logs/frame_1784074717294.jpg,35,green,0.9566,1191.05,331.74,1170,284,74,94,1.431,42.579,-35.36324915,149.16570603,10.00,calibration-file(no-undistort)
1784074717.384,detection_logs/frame_1784074717370.jpg,34,red,0.8522,1212.99,724.66,1176,682,74,92,-1.361,42.745,-35.36327423,149.16570786,10.00,calibration-file(no-undistort)
1784074717.384,detection_logs/frame_1784074717370.jpg,35,green,0.9608,1212.33,333.89,1176,292,74,92,1.415,42.740,-35.36324929,149.16570781,10.00,calibration-file(no-undistort)
1784074717.384,detection_logs/frame_1784074717370.jpg,36,green,0.4423,700.63,938.74,672,912,52,48,-2.882,38.861,-35.36328789,149.16566508,10.00,calibration-file(no-undistort)
1784074717.448,detection_logs/frame_1784074717434.jpg,33,green,0.4521,673.81,946.37,654,918,52,50,-2.936,38.658,-35.36328838,149.16566284,10.00,calibration-file(no-undistort)
1784074717.448,detection_logs/frame_1784074717434.jpg,34,red,0.8606,1212.76,730.02,1158,688,72,92,-1.399,42.744,-35.36327457,149.16570784,10.00,calibration-file(no-undistort)
1784074717.448,detection_logs/frame_1784074717434.jpg,35,green,0.9626,1211.45,339.68,1156,300,74,92,1.374,42.734,-35.36324966,149.16570773,10.00,calibration-file(no-undistort)
1784074717.514,detection_logs/frame_1784074717501.jpg,31,red,0.8629,1154.30,731.58,1118,686,72,90,-1.410,42.300,-35.36327467,149.16570296,10.00,calibration-file(no-undistort)
1784074717.515,detection_logs/frame_1784074717501.jpg,32,green,0.9626,1153.40,345.55,1118,300,74,92,1.332,42.294,-35.36325003,149.16570289,10.00,calibration-file(no-undistort)
1784074717.515,detection_logs/frame_1784074717501.jpg,33,green,0.4471,660.68,946.81,618,918,52,48,-2.939,38.558,-35.36328840,149.16566174,10.00,calibration-file(no-undistort)
1784074717.574,detection_logs/frame_1784074717560.jpg,28,green,0.9642,1100.74,337.50,1068,292,72,92,1.390,42.167,-35.36324952,149.16570149,10.00,calibration-file(no-undistort)
1784074717.574,detection_logs/frame_1784074717560.jpg,30,red,0.8607,1101.58,721.06,1068,676,72,90,-1.335,42.173,-35.36327400,149.16570156,10.00,calibration-file(no-undistort)
1784074717.574,detection_logs/frame_1784074717560.jpg,37,green,0.4540,598.47,936.98,570,910,54,48,-2.870,38.359,-35.36328778,149.16565954,10.00,calibration-file(no-undistort)
1784074717.642,detection_logs/frame_1784074717628.jpg,37,green,0.4531,567.76,936.03,510,906,52,50,-2.863,38.126,-35.36328772,149.16565698,10.00,calibration-file(no-undistort)
1784074717.642,detection_logs/frame_1784074717628.jpg,38,red,0.8539,1041.47,714.18,1004,670,74,88,-1.287,41.717,-35.36327356,149.16569654,10.00,calibration-file(no-undistort)
1784074717.642,detection_logs/frame_1784074717628.jpg,39,green,0.9659,1040.50,333.50,1004,288,74,92,1.418,41.710,-35.36324926,149.16569646,10.00,calibration-file(no-undistort)
1784074717.718,detection_logs/frame_1784074717706.jpg,38,red,0.8537,1007.61,715.74,938,674,72,88,-1.298,41.461,-35.36327366,149.16569371,10.00,calibration-file(no-undistort)
1784074717.718,detection_logs/frame_1784074717706.jpg,39,green,0.9645,1007.25,336.02,938,294,74,90,1.400,41.458,-35.36324942,149.16569368,10.00,calibration-file(no-undistort)
1784074717.778,detection_logs/frame_1784074717764.jpg,40,red,0.8454,913.67,726.00,876,682,74,88,-1.371,40.749,-35.36327431,149.16568587,10.00,calibration-file(no-undistort)
1784074717.778,detection_logs/frame_1784074717764.jpg,41,green,0.9637,913.50,348.50,876,304,76,90,1.312,40.747,-35.36325022,149.16568585,10.00,calibration-file(no-undistort)
1784074717.846,detection_logs/frame_1784074717833.jpg,40,red,0.8326,883.47,727.52,816,686,76,88,-1.381,40.910,-35.36327441,149.16568764,10.00,calibration-file(no-undistort)
1784074717.846,detection_logs/frame_1784074717833.jpg,41,green,0.9633,883.28,350.51,816,308,76,90,1.297,40.908,-35.36325035,149.16568763,10.00,calibration-file(no-undistort)
1784074717.925,detection_logs/frame_1784074717909.jpg,42,red,0.8311,797.93,722.25,760,678,76,88,-1.344,40.261,-35.36327407,149.16568050,10.00,calibration-file(no-undistort)
1784074717.925,detection_logs/frame_1784074717909.jpg,43,green,0.9539,797.50,346.50,758,302,80,90,1.326,40.258,-35.36325009,149.16568046,10.00,calibration-file(no-undistort)
1784074717.978,detection_logs/frame_1784074717964.jpg,42,red,0.8232,776.31,718.07,716,670,78,88,-1.314,40.098,-35.36327381,149.16567870,10.00,calibration-file(no-undistort)
1784074717.978,detection_logs/frame_1784074717964.jpg,43,green,0.9525,775.84,341.46,714,292,82,90,1.362,40.094,-35.36324977,149.16567866,10.00,calibration-file(no-undistort)
1784074718.050,detection_logs/frame_1784074718036.jpg,43,green,0.9414,735.56,336.36,674,290,82,90,1.398,40.224,-35.36324944,149.16568009,10.00,calibration-file(no-undistort)
1784074718.123,detection_logs/frame_1784074718111.jpg,43,green,0.9355,691.26,337.20,634,296,86,90,1.392,39.888,-35.36324950,149.16567639,10.00,calibration-file(no-undistort)
1784074718.186,detection_logs/frame_1784074718173.jpg,43,green,0.9317,654.77,342.34,608,304,86,90,1.355,39.612,-35.36324983,149.16567335,10.00,calibration-file(no-undistort)
1784074718.258,detection_logs/frame_1784074718244.jpg,43,green,0.9254,623.09,346.48,580,306,90,90,1.326,39.372,-35.36325009,149.16567070,10.00,calibration-file(no-undistort)
1784074718.327,detection_logs/frame_1784074718313.jpg,43,green,0.9167,595.07,345.77,556,298,90,92,1.331,39.586,-35.36325004,149.16567306,10.00,calibration-file(no-undistort)
1784074718.388,detection_logs/frame_1784074718372.jpg,43,green,0.9104,572.28,341.27,538,290,92,90,1.363,39.413,-35.36324976,149.16567116,10.00,calibration-file(no-undistort)
1784074718.462,detection_logs/frame_1784074718448.jpg,43,green,0.9037,552.81,337.71,520,288,94,92,1.388,39.266,-35.36324953,149.16566953,10.00,calibration-file(no-undistort)
1784074718.522,detection_logs/frame_1784074718507.jpg,43,green,0.8955,535.49,338.14,502,296,96,90,1.385,39.134,-35.36324956,149.16566808,10.00,calibration-file(no-undistort)
1784074718.593,detection_logs/frame_1784074718579.jpg,43,green,0.8903,522.76,341.85,492,304,98,90,1.359,39.437,-35.36324979,149.16567142,10.00,calibration-file(no-undistort)
1784074718.654,detection_logs/frame_1784074718641.jpg,43,green,0.8849,511.13,345.47,478,306,98,90,1.333,39.349,-35.36325003,149.16567045,10.00,calibration-file(no-undistort)
1784074718.723,detection_logs/frame_1784074718711.jpg,43,green,0.8762,499.57,345.30,462,298,100,92,1.334,39.261,-35.36325001,149.16566948,10.00,calibration-file(no-undistort)
1784074718.795,detection_logs/frame_1784074718782.jpg,43,green,0.8698,490.16,342.22,452,292,102,90,1.356,39.190,-35.36324982,149.16566870,10.00,calibration-file(no-undistort)
1784074718.859,detection_logs/frame_1784074718845.jpg,43,green,0.8612,480.48,339.03,438,290,104,90,1.379,39.507,-35.36324961,149.16567219,10.00,calibration-file(no-undistort)
1784074718.919,detection_logs/frame_1784074718908.jpg,43,green,0.8550,469.92,339.09,424,296,104,90,1.378,39.427,-35.36324962,149.16567131,10.00,calibration-file(no-undistort)
1784074718.998,detection_logs/frame_1784074718985.jpg,43,green,0.8526,461.32,342.87,416,304,106,92,1.351,39.362,-35.36324986,149.16567059,10.00,calibration-file(no-undistort)
1784074719.056,detection_logs/frame_1784074719044.jpg,43,green,0.8465,452.44,346.17,404,306,108,90,1.328,39.294,-35.36325007,149.16566985,10.00,calibration-file(no-undistort)
1784074719.135,detection_logs/frame_1784074719122.jpg,43,green,0.8408,442.39,346.15,390,300,110,90,1.328,39.599,-35.36325007,149.16567321,10.00,calibration-file(no-undistort)
1784074719.203,detection_logs/frame_1784074719189.jpg,43,green,0.8338,434.16,342.77,384,292,110,90,1.352,39.537,-35.36324985,149.16567252,10.00,calibration-file(no-undistort)
1784074719.274,detection_logs/frame_1784074719260.jpg,43,green,0.8252,425.23,339.35,372,290,112,90,1.376,39.469,-35.36324963,149.16567178,10.00,calibration-file(no-undistort)
1784074719.345,detection_logs/frame_1784074719332.jpg,43,green,0.8204,416.09,339.65,362,296,112,92,1.374,39.754,-35.36324965,149.16567491,10.00,calibration-file(no-undistort)
1784074719.425,detection_logs/frame_1784074719413.jpg,43,green,0.8192,408.74,343.61,356,306,114,90,1.346,39.698,-35.36324991,149.16567430,10.00,calibration-file(no-undistort)
1784074719.500,detection_logs/frame_1784074719488.jpg,43,green,0.8137,400.29,347.44,344,308,116,90,1.319,39.634,-35.36325015,149.16567359,10.00,calibration-file(no-undistort)
1784074719.500,detection_logs/frame_1784074719488.jpg,44,red,0.6662,400.21,728.83,344,686,114,88,-1.391,39.634,-35.36327449,149.16567359,10.00,calibration-file(no-undistort)
1784074719.566,detection_logs/frame_1784074719553.jpg,43,green,0.8097,391.33,347.81,334,302,116,90,1.316,39.566,-35.36325017,149.16567285,10.00,calibration-file(no-undistort)
1784074719.566,detection_logs/frame_1784074719553.jpg,45,green,0.4845,1704.59,182.60,1692,160,36,32,2.490,49.522,-35.36323963,149.16578252,10.00,calibration-file(no-undistort)
1784074719.632,detection_logs/frame_1784074719618.jpg,43,green,0.8014,383.97,343.90,328,292,118,90,1.344,39.865,-35.36324992,149.16567613,10.00,calibration-file(no-undistort)
1784074719.707,detection_logs/frame_1784074719692.jpg,43,green,0.7954,374.99,340.05,316,290,118,90,1.372,39.797,-35.36324968,149.16567538,10.00,calibration-file(no-undistort)
1784074719.707,detection_logs/frame_1784074719692.jpg,44,red,0.6463,378.11,713.94,316,668,118,88,-1.285,39.820,-35.36327354,149.16567564,10.00,calibration-file(no-undistort)
1784074719.776,detection_logs/frame_1784074719762.jpg,43,green,0.7914,365.56,341.23,306,300,118,90,1.363,39.725,-35.36324975,149.16567459,10.00,calibration-file(no-undistort)
1784074719.777,detection_logs/frame_1784074719762.jpg,44,red,0.6453,366.74,715.11,306,676,118,88,-1.293,39.734,-35.36327362,149.16567469,10.00,calibration-file(no-undistort)
1784074719.841,detection_logs/frame_1784074719829.jpg,43,green,0.7863,357.00,345.05,298,308,120,88,1.336,39.660,-35.36325000,149.16567388,10.00,calibration-file(no-undistort)
1784074719.842,detection_logs/frame_1784074719829.jpg,44,red,0.6392,357.13,719.30,298,684,118,88,-1.323,39.661,-35.36327388,149.16567389,10.00,calibration-file(no-undistort)
1784074719.917,detection_logs/frame_1784074719904.jpg,43,green,0.7861,346.31,348.35,284,308,120,90,1.313,39.951,-35.36325021,149.16567709,10.00,calibration-file(no-undistort)
1784074719.917,detection_logs/frame_1784074719904.jpg,44,red,0.6266,345.49,722.16,282,684,122,88,-1.343,39.945,-35.36327407,149.16567702,10.00,calibration-file(no-undistort)
1784074719.980,detection_logs/frame_1784074719966.jpg,43,green,0.7808,336.03,347.92,274,302,122,88,1.316,39.873,-35.36325018,149.16567623,10.00,calibration-file(no-undistort)
1784074720.043,detection_logs/frame_1784074720028.jpg,43,green,0.7766,325.31,343.82,262,292,124,90,1.345,39.792,-35.36324992,149.16567533,10.00,calibration-file(no-undistort)
1784074720.043,detection_logs/frame_1784074720028.jpg,46,red,0.4674,1723.50,525.50,1672,486,56,82,0.054,50.392,-35.36326152,149.16579209,10.00,calibration-file(no-undistort)
1784074720.128,detection_logs/frame_1784074720114.jpg,43,green,0.7710,312.31,340.27,246,292,124,88,1.370,39.694,-35.36324969,149.16567425,10.00,calibration-file(no-undistort)
1784074720.128,detection_logs/frame_1784074720114.jpg,46,red,0.5491,1719.22,525.25,1656,486,72,80,0.056,50.360,-35.36326150,149.16579174,10.00,calibration-file(no-undistort)
1784074720.189,detection_logs/frame_1784074720174.jpg,43,green,0.7724,300.05,341.30,236,300,124,90,1.363,39.964,-35.36324976,149.16567722,10.00,calibration-file(no-undistort)
1784074720.347,detection_logs/frame_1784074720335.jpg,43,green,0.7709,287.26,345.02,222,308,126,88,1.336,39.867,-35.36325000,149.16567615,10.00,calibration-file(no-undistort)
1784074720.437,detection_logs/frame_1784074720422.jpg,43,green,0.7626,271.31,347.87,202,308,126,88,1.316,39.746,-35.36325018,149.16567482,10.00,calibration-file(no-undistort)
1784074720.508,detection_logs/frame_1784074720491.jpg,43,green,0.7583,257.10,347.52,192,302,126,88,1.319,39.638,-35.36325016,149.16567364,10.00,calibration-file(no-undistort)
1784074720.579,detection_logs/frame_1784074720567.jpg,43,green,0.7646,250.75,343.91,198,294,126,88,1.344,39.971,-35.36324993,149.16567731,10.00,calibration-file(no-undistort)
1784074720.579,detection_logs/frame_1784074720567.jpg,47,green,0.5031,1689.77,525.96,1612,486,114,80,0.051,50.881,-35.36326154,149.16579748,10.00,calibration-file(no-undistort)
1784074720.746,detection_logs/frame_1784074720731.jpg,43,green,0.7649,249.47,341.94,202,296,126,88,1.358,39.962,-35.36324980,149.16567720,10.00,calibration-file(no-undistort)
1784074720.810,detection_logs/frame_1784074720796.jpg,43,green,0.7649,248.92,343.33,200,304,124,86,1.348,39.958,-35.36324989,149.16567715,10.00,calibration-file(no-undistort)
1784074720.892,detection_logs/frame_1784074720876.jpg,43,green,0.7649,247.78,347.67,194,312,126,86,1.317,40.339,-35.36325017,149.16568136,10.00,calibration-file(no-undistort)
1784074720.892,detection_logs/frame_1784074720876.jpg,47,green,0.5157,1684.87,536.57,1610,498,112,82,-0.025,51.234,-35.36326222,149.16580137,10.00,calibration-file(no-undistort)
1784074720.950,detection_logs/frame_1784074720936.jpg,43,green,0.7669,247.13,351.32,192,314,126,84,1.291,40.334,-35.36325040,149.16568130,10.00,calibration-file(no-undistort)
1784074720.950,detection_logs/frame_1784074720936.jpg,47,green,0.5189,1683.20,540.27,1608,500,114,82,-0.051,51.221,-35.36326246,149.16580123,10.00,calibration-file(no-undistort)
1784074721.024,detection_logs/frame_1784074721011.jpg,47,green,0.5185,1679.36,537.98,1602,492,114,82,-0.035,51.192,-35.36326231,149.16580091,10.00,calibration-file(no-undistort)
1784074721.087,detection_logs/frame_1784074721073.jpg,47,green,0.9223,1667.12,533.19,1620,490,72,72,-0.001,51.099,-35.36326201,149.16579989,10.00,calibration-file(no-undistort)
1784074721.216,detection_logs/frame_1784074721202.jpg,47,green,0.9298,1622.46,533.59,1560,498,70,72,-0.003,51.187,-35.36326203,149.16580086,10.00,calibration-file(no-undistort)
1784074721.289,detection_logs/frame_1784074721274.jpg,47,green,0.5673,1582.42,536.65,1482,500,106,80,-0.025,50.884,-35.36326223,149.16579751,10.00,calibration-file(no-undistort)
1784074721.350,detection_logs/frame_1784074721334.jpg,47,green,0.5851,1540.99,538.51,1444,500,104,80,-0.038,50.570,-35.36326235,149.16579405,10.00,calibration-file(no-undistort)
1784074721.418,detection_logs/frame_1784074721403.jpg,47,green,0.5947,1501.11,536.27,1412,492,102,80,-0.023,50.721,-35.36326220,149.16579572,10.00,calibration-file(no-undistort)
1784074721.483,detection_logs/frame_1784074721470.jpg,47,green,0.6172,1460.76,532.10,1376,488,100,76,0.007,50.415,-35.36326194,149.16579235,10.00,calibration-file(no-undistort)
1784074721.625,detection_logs/frame_1784074721610.jpg,47,green,0.6296,1390.96,532.12,1320,496,96,76,0.007,49.886,-35.36326194,149.16578652,10.00,calibration-file(no-undistort)
1784074721.697,detection_logs/frame_1784074721682.jpg,47,green,0.6347,1356.33,535.71,1292,502,96,78,-0.019,50.096,-35.36326217,149.16578883,10.00,calibration-file(no-undistort)
1784074721.900,detection_logs/frame_1784074721882.jpg,47,green,0.9595,1279.88,529.09,1260,490,66,70,0.028,49.516,-35.36326174,149.16578245,10.00,calibration-file(no-undistort)
1784074721.982,detection_logs/frame_1784074721965.jpg,47,green,0.6618,1263.26,526.37,1218,486,92,78,0.048,49.826,-35.36326157,149.16578586,10.00,calibration-file(no-undistort)
1784074722.168,detection_logs/frame_1784074722157.jpg,47,green,0.9595,1216.51,532.61,1202,504,66,70,0.003,49.907,-35.36326197,149.16578676,10.00,calibration-file(no-undistort)
1784074722.301,detection_logs/frame_1784074722288.jpg,47,green,0.9522,1194.08,528.29,1174,490,66,70,0.034,49.737,-35.36326169,149.16578488,10.00,calibration-file(no-undistort)
1784074722.511,detection_logs/frame_1784074722497.jpg,47,green,0.9522,1157.57,535.96,1132,506,66,70,-0.020,49.860,-35.36326218,149.16578623,10.00,calibration-file(no-undistort)
1784074722.653,detection_logs/frame_1784074722640.jpg,47,green,0.9522,1138.83,532.47,1112,494,68,70,0.004,49.718,-35.36326196,149.16578467,10.00,calibration-file(no-undistort)
1784074722.719,detection_logs/frame_1784074722703.jpg,47,green,0.9522,1128.81,528.74,1098,490,68,70,0.031,50.050,-35.36326172,149.16578833,10.00,calibration-file(no-undistort)
1784074722.795,detection_logs/frame_1784074722782.jpg,47,green,0.9522,1118.84,527.39,1088,492,68,70,0.041,49.975,-35.36326164,149.16578750,10.00,calibration-file(no-undistort)
1784074722.863,detection_logs/frame_1784074722850.jpg,47,green,0.7621,1109.23,530.23,1064,498,82,76,0.020,49.902,-35.36326182,149.16578670,10.00,calibration-file(no-undistort)
1784074722.938,detection_logs/frame_1784074722918.jpg,47,green,0.7497,1097.42,534.35,1050,502,80,78,-0.009,49.812,-35.36326208,149.16578571,10.00,calibration-file(no-undistort)
1784074722.995,detection_logs/frame_1784074722981.jpg,47,green,0.7577,1086.20,536.60,1040,500,80,78,-0.025,50.118,-35.36326222,149.16578907,10.00,calibration-file(no-undistort)
1784074723.073,detection_logs/frame_1784074723061.jpg,47,green,0.9522,1074.77,534.90,1042,496,66,70,-0.013,50.031,-35.36326212,149.16578812,10.00,calibration-file(no-undistort)
1784074723.129,detection_logs/frame_1784074723115.jpg,47,green,0.7723,1061.17,531.04,1012,486,80,78,0.015,49.928,-35.36326187,149.16578698,10.00,calibration-file(no-undistort)
1784074723.205,detection_logs/frame_1784074723193.jpg,47,green,0.7901,1042.74,528.52,990,488,76,76,0.033,50.179,-35.36326171,149.16578974,10.00,calibration-file(no-undistort)
1784074723.280,detection_logs/frame_1784074723264.jpg,47,green,0.7761,1017.63,530.03,956,496,78,78,0.022,49.988,-35.36326180,149.16578765,10.00,calibration-file(no-undistort)
1784074723.343,detection_logs/frame_1784074723331.jpg,47,green,0.7808,984.29,534.01,916,502,76,78,-0.006,49.736,-35.36326206,149.16578486,10.00,calibration-file(no-undistort)
1784074723.420,detection_logs/frame_1784074723409.jpg,47,green,0.8276,943.41,534.92,872,498,74,80,-0.013,49.426,-35.36326212,149.16578145,10.00,calibration-file(no-undistort)
1784074723.490,detection_logs/frame_1784074723478.jpg,47,green,0.8005,897.25,533.58,824,492,76,78,-0.003,49.439,-35.36326203,149.16578159,10.00,calibration-file(no-undistort)
1784074723.546,detection_logs/frame_1784074723534.jpg,47,green,0.8209,847.45,530.08,778,486,76,78,0.021,49.061,-35.36326181,149.16577744,10.00,calibration-file(no-undistort)
1784074723.618,detection_logs/frame_1784074723605.jpg,47,green,0.9599,798.19,527.85,744,490,66,72,0.037,48.688,-35.36326167,149.16577332,10.00,calibration-file(no-undistort)
1784074723.682,detection_logs/frame_1784074723669.jpg,47,green,0.9522,750.98,529.50,704,498,68,72,0.026,48.330,-35.36326177,149.16576938,10.00,calibration-file(no-undistort)
1784074723.756,detection_logs/frame_1784074723744.jpg,47,green,0.9522,708.19,533.67,672,506,66,70,-0.004,48.305,-35.36326204,149.16576911,10.00,calibration-file(no-undistort)
1784074723.818,detection_logs/frame_1784074723807.jpg,47,green,0.9520,672.98,536.42,648,504,68,72,-0.024,48.038,-35.36326221,149.16576617,10.00,calibration-file(no-undistort)
1784074723.892,detection_logs/frame_1784074723879.jpg,47,green,0.9522,648.68,535.15,638,496,68,72,-0.015,47.854,-35.36326213,149.16576414,10.00,calibration-file(no-undistort)
1784074724.037,detection_logs/frame_1784074724024.jpg,47,green,0.9522,636.28,531.64,638,490,68,72,0.010,47.760,-35.36326191,149.16576310,10.00,calibration-file(no-undistort)
1784074724.151,detection_logs/frame_1784074724140.jpg,48,green,0.9520,683.50,525.50,650,490,68,72,0.054,48.299,-35.36326152,149.16576904,10.00,calibration-file(no-undistort)
1784074724.203,detection_logs/frame_1784074724191.jpg,48,green,0.9522,692.57,529.03,668,498,68,70,0.029,48.368,-35.36326174,149.16576980,10.00,calibration-file(no-undistort)
1784074724.379,detection_logs/frame_1784074724366.jpg,49,blue,0.9280,723.00,539.50,690,504,70,72,-0.046,48.599,-35.36326241,149.16577234,10.00,calibration-file(no-undistort)
1784074724.456,detection_logs/frame_1784074724438.jpg,49,blue,0.9290,734.84,539.25,712,504,70,74,-0.044,48.779,-35.36326239,149.16577433,10.00,calibration-file(no-undistort)
1784074724.514,detection_logs/frame_1784074724501.jpg,49,blue,0.9522,756.93,534.67,734,496,70,72,-0.011,48.947,-35.36326210,149.16577618,10.00,calibration-file(no-undistort)
1784074724.572,detection_logs/frame_1784074724560.jpg,49,blue,0.9293,781.33,528.75,756,488,68,74,0.031,49.132,-35.36326172,149.16577821,10.00,calibration-file(no-undistort)
1784074724.647,detection_logs/frame_1784074724635.jpg,49,blue,0.9522,804.48,524.83,776,488,68,74,0.059,49.307,-35.36326147,149.16578015,10.00,calibration-file(no-undistort)
1784074724.712,detection_logs/frame_1784074724698.jpg,49,blue,0.9293,824.54,526.05,792,496,68,74,0.050,49.505,-35.36326155,149.16578232,10.00,calibration-file(no-undistort)
1784074724.780,detection_logs/frame_1784074724768.jpg,49,blue,0.9478,842.21,530.48,806,502,70,74,0.019,49.639,-35.36326183,149.16578380,10.00,calibration-file(no-undistort)
1784074724.845,detection_logs/frame_1784074724832.jpg,49,blue,0.9277,858.00,533.66,818,502,70,74,-0.004,49.759,-35.36326204,149.16578512,10.00,calibration-file(no-undistort)
1784074724.916,detection_logs/frame_1784074724904.jpg,49,blue,0.9064,870.64,532.69,830,496,70,74,0.003,49.854,-35.36326197,149.16578617,10.00,calibration-file(no-undistort)
1784074724.981,detection_logs/frame_1784074724967.jpg,49,blue,0.9287,881.55,529.31,840,488,70,74,0.027,49.937,-35.36326176,149.16578708,10.00,calibration-file(no-undistort)
1784074725.054,detection_logs/frame_1784074725040.jpg,49,blue,0.9064,891.76,527.08,848,490,70,74,0.043,50.014,-35.36326162,149.16578794,10.00,calibration-file(no-undistort)
1784074725.127,detection_logs/frame_1784074725111.jpg,49,blue,0.9522,899.37,529.39,856,498,68,74,0.026,50.072,-35.36326176,149.16578857,10.00,calibration-file(no-undistort)
1784074725.194,detection_logs/frame_1784074725182.jpg,49,blue,0.9595,905.42,533.65,862,504,68,74,-0.004,50.118,-35.36326204,149.16578908,10.00,calibration-file(no-undistort)
1784074725.263,detection_logs/frame_1784074725250.jpg,49,blue,0.9293,909.71,536.25,866,504,68,74,-0.022,50.151,-35.36326220,149.16578944,10.00,calibration-file(no-undistort)
1784074725.333,detection_logs/frame_1784074725320.jpg,49,blue,0.9262,913.16,535.41,868,496,70,74,-0.016,50.177,-35.36326215,149.16578972,10.00,calibration-file(no-undistort)
1784074725.395,detection_logs/frame_1784074725381.jpg,49,blue,0.9064,915.13,532.07,870,488,70,74,0.007,50.192,-35.36326193,149.16578989,10.00,calibration-file(no-undistort)
1784074725.473,detection_logs/frame_1784074725460.jpg,49,blue,0.9293,915.24,529.08,872,490,68,74,0.029,50.192,-35.36326174,149.16578990,10.00,calibration-file(no-undistort)
1784074725.538,detection_logs/frame_1784074725524.jpg,49,blue,0.9516,913.58,530.32,870,498,68,72,0.020,50.198,-35.36326182,149.16578996,10.00,calibration-file(no-undistort)
1784074725.608,detection_logs/frame_1784074725594.jpg,49,blue,0.9291,911.23,533.56,868,504,70,74,-0.003,50.180,-35.36326203,149.16578976,10.00,calibration-file(no-undistort)
1784074725.689,detection_logs/frame_1784074725674.jpg,49,blue,0.9278,908.80,536.22,866,504,70,72,-0.022,50.162,-35.36326220,149.16578956,10.00,calibration-file(no-undistort)
1784074725.750,detection_logs/frame_1784074725732.jpg,49,blue,0.9287,905.89,534.92,864,496,70,72,-0.013,50.140,-35.36326212,149.16578932,10.00,calibration-file(no-undistort)
1784074725.824,detection_logs/frame_1784074725809.jpg,49,blue,0.9522,902.59,531.01,864,488,68,74,0.015,50.133,-35.36326187,149.16578924,10.00,calibration-file(no-undistort)
1784074725.897,detection_logs/frame_1784074725884.jpg,49,blue,0.9147,899.66,528.49,860,490,70,74,0.033,50.111,-35.36326171,149.16578900,10.00,calibration-file(no-undistort)
1784074725.962,detection_logs/frame_1784074725946.jpg,49,blue,0.9522,896.05,529.87,858,498,70,72,0.023,50.083,-35.36326179,149.16578869,10.00,calibration-file(no-undistort)
1784074726.032,detection_logs/frame_1784074726019.jpg,49,blue,0.9513,892.73,533.83,856,504,70,74,-0.005,50.067,-35.36326205,149.16578852,10.00,calibration-file(no-undistort)
1784074726.101,detection_logs/frame_1784074726089.jpg,49,blue,0.9522,889.74,536.45,854,504,70,72,-0.024,50.045,-35.36326221,149.16578827,10.00,calibration-file(no-undistort)
1784074726.169,detection_logs/frame_1784074726155.jpg,49,blue,0.9299,887.04,535.30,852,494,70,74,-0.016,50.024,-35.36326214,149.16578804,10.00,calibration-file(no-undistort)
1784074726.234,detection_logs/frame_1784074726220.jpg,49,blue,0.9293,884.16,531.90,850,488,68,74,0.009,50.002,-35.36326192,149.16578780,10.00,calibration-file(no-undistort)
1784074726.306,detection_logs/frame_1784074726291.jpg,49,blue,0.9287,880.57,529.50,846,490,70,74,0.026,50.011,-35.36326177,149.16578790,10.00,calibration-file(no-undistort)
1784074726.386,detection_logs/frame_1784074726372.jpg,49,blue,0.9516,877.67,530.58,844,498,68,72,0.018,49.989,-35.36326184,149.16578766,10.00,calibration-file(no-undistort)
1784074726.440,detection_logs/frame_1784074726428.jpg,49,blue,0.9503,874.71,534.26,840,504,70,74,-0.008,49.967,-35.36326207,149.16578741,10.00,calibration-file(no-undistort)
1784074726.499,detection_logs/frame_1784074726487.jpg,49,blue,0.9064,872.72,536.50,838,504,70,74,-0.024,49.952,-35.36326222,149.16578725,10.00,calibration-file(no-undistort)
1784074726.578,detection_logs/frame_1784074726567.jpg,49,blue,0.9520,870.65,535.07,838,496,68,72,-0.014,49.963,-35.36326213,149.16578737,10.00,calibration-file(no-undistort)
1784074726.645,detection_logs/frame_1784074726632.jpg,49,blue,0.9595,868.68,531.07,836,488,68,74,0.014,49.948,-35.36326187,149.16578721,10.00,calibration-file(no-undistort)
1784074726.710,detection_logs/frame_1784074726697.jpg,49,blue,0.9357,865.78,528.45,832,490,70,72,0.033,49.926,-35.36326170,149.16578697,10.00,calibration-file(no-undistort)
1784074726.785,detection_logs/frame_1784074726773.jpg,49,blue,0.9595,863.37,529.41,830,496,68,74,0.026,49.908,-35.36326176,149.16578676,10.00,calibration-file(no-undistort)
1784074726.860,detection_logs/frame_1784074726845.jpg,49,blue,0.9516,861.13,533.08,828,504,68,72,0.000,49.909,-35.36326200,149.16578678,10.00,calibration-file(no-undistort)
1784074726.929,detection_logs/frame_1784074726916.jpg,49,blue,0.9516,859.02,535.89,826,504,68,72,-0.020,49.893,-35.36326218,149.16578660,10.00,calibration-file(no-undistort)
1784074727.010,detection_logs/frame_1784074726991.jpg,49,blue,0.9595,857.81,534.31,826,494,68,74,-0.009,49.884,-35.36326208,149.16578650,10.00,calibration-file(no-undistort)
1784074727.078,detection_logs/frame_1784074727062.jpg,49,blue,0.9293,857.24,529.99,826,488,68,74,0.022,49.889,-35.36326180,149.16578655,10.00,calibration-file(no-undistort)
1784074727.149,detection_logs/frame_1784074727135.jpg,49,blue,0.9064,857.31,527.55,824,490,70,74,0.039,49.890,-35.36326165,149.16578656,10.00,calibration-file(no-undistort)
1784074727.208,detection_logs/frame_1784074727196.jpg,49,blue,0.9211,857.22,529.19,824,498,70,74,0.028,49.889,-35.36326175,149.16578655,10.00,calibration-file(no-undistort)
1784074727.280,detection_logs/frame_1784074727269.jpg,49,blue,0.9595,856.72,533.43,824,504,68,74,-0.002,49.885,-35.36326202,149.16578651,10.00,calibration-file(no-undistort)
1784074727.351,detection_logs/frame_1784074727336.jpg,49,blue,0.9595,855.70,535.84,822,502,68,74,-0.019,49.905,-35.36326218,149.16578672,10.00,calibration-file(no-undistort)
1784074727.413,detection_logs/frame_1784074727401.jpg,49,blue,0.9299,854.67,534.13,820,492,70,74,-0.007,49.897,-35.36326207,149.16578664,10.00,calibration-file(no-undistort)
1784074727.484,detection_logs/frame_1784074727471.jpg,49,blue,0.9522,853.63,529.71,820,486,68,74,0.024,49.889,-35.36326178,149.16578655,10.00,calibration-file(no-undistort)
1784074727.560,detection_logs/frame_1784074727548.jpg,49,blue,0.9516,853.00,527.58,820,490,68,72,0.039,49.884,-35.36326165,149.16578650,10.00,calibration-file(no-undistort)
1784074727.722,detection_logs/frame_1784074727710.jpg,49,blue,0.8995,852.47,529.11,820,498,70,74,0.028,49.889,-35.36326175,149.16578655,10.00,calibration-file(no-undistort)
1784074727.819,detection_logs/frame_1784074727805.jpg,50,red,0.9522,854.50,541.50,822,506,66,72,-0.060,49.904,-35.36326254,149.16578672,10.00,calibration-file(no-undistort)
1784074727.885,detection_logs/frame_1784074727870.jpg,50,red,0.9522,855.00,541.00,822,506,68,70,-0.056,49.908,-35.36326250,149.16578677,10.00,calibration-file(no-undistort)
1784074728.046,detection_logs/frame_1784074728033.jpg,50,red,0.9522,855.40,535.93,822,498,68,70,-0.020,49.911,-35.36326218,149.16578680,10.00,calibration-file(no-undistort)
1784074728.142,detection_logs/frame_1784074728128.jpg,50,red,0.9516,855.59,528.88,822,490,68,72,0.030,49.913,-35.36326173,149.16578682,10.00,calibration-file(no-undistort)
1784074728.213,detection_logs/frame_1784074728200.jpg,50,red,0.9444,856.74,524.07,824,488,68,72,0.064,49.921,-35.36326142,149.16578691,10.00,calibration-file(no-undistort)
1784074728.304,detection_logs/frame_1784074728289.jpg,50,red,0.9442,857.39,525.07,824,494,68,74,0.057,49.926,-35.36326149,149.16578697,10.00,calibration-file(no-undistort)
1784074728.371,detection_logs/frame_1784074728355.jpg,50,red,0.9522,858.21,529.72,824,502,70,74,0.024,49.933,-35.36326178,149.16578703,10.00,calibration-file(no-undistort)
1784074728.441,detection_logs/frame_1784074728421.jpg,50,red,0.9372,859.13,533.87,826,504,68,74,-0.005,49.940,-35.36326205,149.16578711,10.00,calibration-file(no-undistort)
1784074728.509,detection_logs/frame_1784074728496.jpg,50,red,0.9372,860.11,535.10,826,500,70,74,-0.014,49.947,-35.36326213,149.16578719,10.00,calibration-file(no-undistort)
1784074728.579,detection_logs/frame_1784074728566.jpg,50,red,0.9372,861.13,532.25,828,492,68,72,0.006,49.955,-35.36326195,149.16578728,10.00,calibration-file(no-undistort)
1784074728.654,detection_logs/frame_1784074728639.jpg,50,red,0.9372,862.18,528.11,828,486,70,74,0.035,49.954,-35.36326168,149.16578727,10.00,calibration-file(no-undistort)
1784074728.722,detection_logs/frame_1784074728710.jpg,50,red,0.9372,863.64,526.74,830,490,70,74,0.045,49.965,-35.36326159,149.16578739,10.00,calibration-file(no-undistort)
1784074728.804,detection_logs/frame_1784074728790.jpg,50,red,0.9294,864.59,529.10,830,498,70,74,0.028,49.972,-35.36326175,149.16578747,10.00,calibration-file(no-undistort)
1784074728.874,detection_logs/frame_1784074728860.jpg,50,red,0.9221,865.96,533.43,832,504,70,74,-0.002,49.982,-35.36326202,149.16578758,10.00,calibration-file(no-undistort)
1784074728.941,detection_logs/frame_1784074728928.jpg,50,red,0.9294,867.23,535.90,832,502,72,74,-0.020,49.992,-35.36326218,149.16578769,10.00,calibration-file(no-undistort)
1784074729.016,detection_logs/frame_1784074729000.jpg,50,red,0.9294,868.01,534.41,832,494,72,74,-0.009,49.998,-35.36326208,149.16578775,10.00,calibration-file(no-undistort)
1784074729.080,detection_logs/frame_1784074729067.jpg,50,red,0.9214,868.43,530.35,832,486,72,76,0.020,50.001,-35.36326182,149.16578779,10.00,calibration-file(no-undistort)
1784074729.153,detection_logs/frame_1784074729138.jpg,50,red,0.9214,868.60,527.26,832,486,72,76,0.041,50.002,-35.36326163,149.16578780,10.00,calibration-file(no-undistort)
1784074729.235,detection_logs/frame_1784074729219.jpg,50,red,0.9221,868.59,528.66,832,494,72,78,0.031,50.002,-35.36326172,149.16578780,10.00,calibration-file(no-undistort)
1784074729.296,detection_logs/frame_1784074729283.jpg,50,red,0.9143,868.49,532.67,832,502,72,76,0.003,50.001,-35.36326197,149.16578779,10.00,calibration-file(no-undistort)
1784074729.368,detection_logs/frame_1784074729354.jpg,50,red,0.9141,868.33,536.12,832,502,72,78,-0.022,50.000,-35.36326219,149.16578778,10.00,calibration-file(no-undistort)
1784074729.443,detection_logs/frame_1784074729427.jpg,50,red,0.9143,868.56,535.40,832,494,74,78,-0.016,50.002,-35.36326215,149.16578780,10.00,calibration-file(no-undistort)
1784074729.516,detection_logs/frame_1784074729497.jpg,50,red,0.9143,868.69,531.48,832,486,74,78,0.011,49.994,-35.36326190,149.16578771,10.00,calibration-file(no-undistort)
1784074729.595,detection_logs/frame_1784074729576.jpg,50,red,0.9070,868.75,527.67,832,484,74,78,0.039,49.994,-35.36326165,149.16578771,10.00,calibration-file(no-undistort)
1784074729.669,detection_logs/frame_1784074729656.jpg,50,red,0.9062,869.56,527.31,834,490,74,78,0.041,50.001,-35.36326163,149.16578778,10.00,calibration-file(no-undistort)
1784074729.743,detection_logs/frame_1784074729728.jpg,50,red,0.8992,870.14,531.21,834,500,74,78,0.013,50.005,-35.36326188,149.16578783,10.00,calibration-file(no-undistort)
1784074729.817,detection_logs/frame_1784074729803.jpg,50,red,0.8992,871.32,535.84,836,504,74,78,-0.019,50.014,-35.36326218,149.16578793,10.00,calibration-file(no-undistort)
1784074729.886,detection_logs/frame_1784074729873.jpg,50,red,0.8992,872.14,537.64,836,500,74,78,-0.032,50.020,-35.36326229,149.16578800,10.00,calibration-file(no-undistort)
1784074729.940,detection_logs/frame_1784074729927.jpg,50,red,0.8913,872.67,535.20,836,490,74,80,-0.015,50.024,-35.36326213,149.16578804,10.00,calibration-file(no-undistort)
1784074730.017,detection_logs/frame_1784074730005.jpg,50,red,0.8913,872.56,530.79,834,484,76,80,0.016,50.005,-35.36326185,149.16578783,10.00,calibration-file(no-undistort)
1784074730.100,detection_logs/frame_1784074730085.jpg,50,red,0.8912,873.20,528.26,836,486,76,80,0.034,50.010,-35.36326169,149.16578789,10.00,calibration-file(no-undistort)
1784074730.153,detection_logs/frame_1784074730139.jpg,50,red,0.8920,874.42,530.08,838,494,76,82,0.021,50.019,-35.36326181,149.16578799,10.00,calibration-file(no-undistort)
1784074730.218,detection_logs/frame_1784074730204.jpg,50,red,0.8842,875.25,534.00,838,500,76,82,-0.006,50.025,-35.36326206,149.16578806,10.00,calibration-file(no-undistort)
1784074730.282,detection_logs/frame_1784074730268.jpg,50,red,0.8839,876.57,536.17,840,498,76,82,-0.022,50.035,-35.36326220,149.16578817,10.00,calibration-file(no-undistort)
1784074730.349,detection_logs/frame_1784074730333.jpg,50,red,0.8842,877.05,534.48,838,490,78,82,-0.010,50.039,-35.36326209,149.16578821,10.00,calibration-file(no-undistort)
1784074730.420,detection_logs/frame_1784074730405.jpg,50,red,0.8769,876.88,529.88,838,482,76,82,0.023,50.038,-35.36326179,149.16578819,10.00,calibration-file(no-undistort)
1784074730.483,detection_logs/frame_1784074730469.jpg,50,red,0.8769,876.65,527.23,838,484,76,82,0.042,50.036,-35.36326163,149.16578817,10.00,calibration-file(no-undistort)
1784074778.691,detection_logs/frame_1784074778659.jpg,1,green,0.3856,1204.45,859.26,1138,790,134,138,-3.074,1.829,-35.36328962,149.16525715,10.00,calibration-file(no-undistort)
1784074778.743,detection_logs/frame_1784074778731.jpg,1,green,0.3857,1183.05,832.74,1098,740,128,136,-3.298,2.076,-35.36329162,149.16525986,10.00,calibration-file(no-undistort)
1784074778.819,detection_logs/frame_1784074778807.jpg,1,green,0.3950,1151.27,786.44,1072,696,128,134,-2.969,1.835,-35.36328867,149.16525721,10.00,calibration-file(no-undistort)
1784074778.873,detection_logs/frame_1784074778860.jpg,1,green,0.3958,1124.91,736.23,1056,652,130,136,-2.612,1.635,-35.36328546,149.16525501,10.00,calibration-file(no-undistort)
1784074778.942,detection_logs/frame_1784074778929.jpg,1,green,0.3943,1110.99,697.45,1054,628,130,136,-2.337,1.529,-35.36328299,149.16525385,10.00,calibration-file(no-undistort)
1784074779.003,detection_logs/frame_1784074778991.jpg,1,green,0.3980,1108.55,671.78,1060,616,132,134,-2.611,1.792,-35.36328545,149.16525674,10.00,calibration-file(no-undistort)
1784074779.074,detection_logs/frame_1784074779062.jpg,1,green,0.3977,1113.17,648.73,1070,594,132,136,-2.447,1.827,-35.36328398,149.16525713,10.00,calibration-file(no-undistort)
1784074779.141,detection_logs/frame_1784074779130.jpg,1,green,0.3879,1122.51,628.18,1082,574,132,136,-2.301,1.898,-35.36328267,149.16525791,10.00,calibration-file(no-undistort)
1784074779.205,detection_logs/frame_1784074779193.jpg,1,green,0.3941,1136.51,607.65,1096,550,134,136,-2.578,2.149,-35.36328516,149.16526068,10.00,calibration-file(no-undistort)
1784074779.271,detection_logs/frame_1784074779258.jpg,1,green,0.3879,1153.07,584.10,1110,522,136,136,-2.411,2.275,-35.36328366,149.16526206,10.00,calibration-file(no-undistort)
1784074779.337,detection_logs/frame_1784074779324.jpg,1,green,0.3810,1171.85,564.96,1126,508,136,136,-2.275,2.417,-35.36328243,149.16526363,10.00,calibration-file(no-undistort)
1784074779.403,detection_logs/frame_1784074779391.jpg,1,green,0.3820,1191.39,552.19,1142,502,136,136,-2.184,2.566,-35.36328162,149.16526526,10.00,calibration-file(no-undistort)
1784074779.467,detection_logs/frame_1784074779456.jpg,1,green,0.3776,1210.46,539.84,1156,486,138,138,-2.096,2.710,-35.36328083,149.16526685,10.00,calibration-file(no-undistort)
1784074779.650,detection_logs/frame_1784074779640.jpg,1,green,0.3765,1231.06,527.85,1174,472,138,136,-2.445,2.930,-35.36328397,149.16526927,10.00,calibration-file(no-undistort)
1784074779.709,detection_logs/frame_1784074779698.jpg,1,green,0.3681,1250.96,517.48,1190,460,138,138,-2.371,3.081,-35.36328330,149.16527094,10.00,calibration-file(no-undistort)
1784074779.865,detection_logs/frame_1784074779854.jpg,1,green,0.3694,1270.60,510.19,1206,456,140,138,-2.320,3.230,-35.36328284,149.16527258,10.00,calibration-file(no-undistort)
1784074779.946,detection_logs/frame_1784074779934.jpg,1,green,0.3668,1289.21,506.72,1222,454,140,138,-2.696,3.353,-35.36328622,149.16527393,10.00,calibration-file(no-undistort)
1784074780.018,detection_logs/frame_1784074780006.jpg,1,green,0.3599,1306.94,505.88,1238,454,140,138,-2.690,3.487,-35.36328616,149.16527541,10.00,calibration-file(no-undistort)
1784074780.080,detection_logs/frame_1784074780067.jpg,1,green,0.3597,1324.75,507.53,1254,454,142,140,-2.702,3.622,-35.36328627,149.16527690,10.00,calibration-file(no-undistort)
1784074780.149,detection_logs/frame_1784074780136.jpg,1,green,0.3615,1341.58,507.87,1268,450,144,140,-2.704,3.750,-35.36328629,149.16527830,10.00,calibration-file(no-undistort)
1784074780.214,detection_logs/frame_1784074780203.jpg,1,green,0.3593,1357.31,501.79,1282,432,144,140,-3.073,3.851,-35.36328960,149.16527942,10.00,calibration-file(no-undistort)
1784074780.293,detection_logs/frame_1784074780279.jpg,1,green,0.3581,1371.55,487.98,1294,406,144,140,-2.974,3.959,-35.36328872,149.16528061,10.00,calibration-file(no-undistort)
1784074780.345,detection_logs/frame_1784074780333.jpg,1,green,0.3524,1383.35,471.32,1304,388,144,140,-2.856,4.048,-35.36328766,149.16528159,10.00,calibration-file(no-undistort)
1784074780.411,detection_logs/frame_1784074780399.jpg,1,green,0.3509,1393.91,452.74,1314,370,144,140,-2.724,4.128,-35.36328647,149.16528247,10.00,calibration-file(no-undistort)
1784074780.474,detection_logs/frame_1784074780462.jpg,1,green,0.3522,1402.82,429.30,1322,342,144,142,-2.981,4.132,-35.36328878,149.16528252,10.00,calibration-file(no-undistort)
1784074780.551,detection_logs/frame_1784074780538.jpg,1,green,0.3479,1410.03,402.84,1328,316,146,140,-2.793,4.187,-35.36328709,149.16528312,10.00,calibration-file(no-undistort)
1784074780.628,detection_logs/frame_1784074780612.jpg,1,green,0.3403,1416.87,371.10,1336,280,146,142,-2.567,4.239,-35.36328506,149.16528369,10.00,calibration-file(no-undistort)
1784074780.689,detection_logs/frame_1784074780676.jpg,1,green,0.3342,1422.97,336.43,1342,246,146,142,-2.744,4.239,-35.36328665,149.16528370,10.00,calibration-file(no-undistort)
1784074780.752,detection_logs/frame_1784074780738.jpg,1,green,0.3373,1426.86,306.52,1344,228,148,142,-2.531,4.269,-35.36328474,149.16528403,10.00,calibration-file(no-undistort)
1784074780.818,detection_logs/frame_1784074780806.jpg,1,green,0.3314,1430.05,283.49,1348,216,148,144,-2.368,4.293,-35.36328327,149.16528429,10.00,calibration-file(no-undistort)
1784074780.881,detection_logs/frame_1784074780867.jpg,1,green,0.3276,1432.61,262.47,1352,198,146,144,-2.218,4.313,-35.36328193,149.16528450,10.00,calibration-file(no-undistort)
1784074780.961,detection_logs/frame_1784074780946.jpg,1,green,0.3369,1433.82,243.80,1352,182,148,142,-2.498,4.295,-35.36328444,149.16528431,10.00,calibration-file(no-undistort)
1784074781.024,detection_logs/frame_1784074781009.jpg,1,green,0.3344,1434.31,222.85,1352,156,150,144,-2.349,4.298,-35.36328310,149.16528435,10.00,calibration-file(no-undistort)
1784074781.097,detection_logs/frame_1784074781083.jpg,1,green,0.3307,1434.55,200.81,1354,132,148,142,-2.192,4.300,-35.36328169,149.16528437,10.00,calibration-file(no-undistort)
1784074781.145,detection_logs/frame_1784074781133.jpg,1,green,0.3343,1433.65,183.67,1352,122,150,144,-2.070,4.293,-35.36328060,149.16528429,10.00,calibration-file(no-undistort)
1784074781.209,detection_logs/frame_1784074781197.jpg,1,green,0.3408,1431.35,174.59,1350,122,148,144,-2.407,4.249,-35.36328362,149.16528380,10.00,calibration-file(no-undistort)
1784074781.298,detection_logs/frame_1784074781283.jpg,1,green,0.3351,1428.10,165.34,1348,110,146,142,-2.341,4.224,-35.36328303,149.16528353,10.00,calibration-file(no-undistort)
1784074782.414,detection_logs/frame_1784074782403.jpg,2,green,0.4224,1352.85,177.69,1282,118,138,124,-4.555,3.681,-35.36330292,149.16527754,10.00,calibration-file(no-undistort)
1784074782.486,detection_logs/frame_1784074782472.jpg,2,green,0.4250,1352.89,183.91,1282,132,138,124,-4.677,3.681,-35.36330401,149.16527755,10.00,calibration-file(no-undistort)
1784074782.547,detection_logs/frame_1784074782534.jpg,2,green,0.4327,1353.97,187.66,1284,130,136,124,-4.704,3.689,-35.36330425,149.16527764,10.00,calibration-file(no-undistort)
1784074782.616,detection_logs/frame_1784074782605.jpg,2,green,0.4273,1354.71,187.08,1284,126,136,122,-4.699,3.695,-35.36330422,149.16527770,10.00,calibration-file(no-undistort)
1784074782.688,detection_logs/frame_1784074782677.jpg,2,green,0.4318,1352.97,178.96,1282,112,136,124,-4.642,3.682,-35.36330370,149.16527755,10.00,calibration-file(no-undistort)
1784074795.390,detection_logs/frame_1784074795378.jpg,3,red,0.5186,1611.68,324.75,1540,280,142,88,-10.520,13.695,-35.36335650,149.16538786,10.00,calibration-file(no-undistort)
1784074797.335,detection_logs/frame_1784074797323.jpg,4,red,0.7196,1241.46,352.61,1190,308,102,88,-10.718,14.093,-35.36335828,149.16539224,10.00,calibration-file(no-undistort)
1784074799.039,detection_logs/frame_1784074799027.jpg,5,green,0.1703,1659.60,454.72,1602,378,116,156,-11.443,19.750,-35.36336480,149.16545456,10.00,calibration-file(no-undistort)
1784074799.107,detection_logs/frame_1784074799093.jpg,5,green,0.1604,1654.97,456.37,1588,378,112,156,-11.455,19.715,-35.36336490,149.16545417,10.00,calibration-file(no-undistort)
1784074799.176,detection_logs/frame_1784074799165.jpg,5,green,0.1810,1636.68,452.29,1564,370,114,158,-11.426,19.577,-35.36336464,149.16545265,10.00,calibration-file(no-undistort)
1784074799.244,detection_logs/frame_1784074799233.jpg,5,green,0.1832,1614.87,446.94,1546,366,116,156,-11.388,19.411,-35.36336430,149.16545082,10.00,calibration-file(no-undistort)
1784074799.324,detection_logs/frame_1784074799313.jpg,5,green,0.1784,1595.80,444.31,1534,368,116,156,-11.369,19.702,-35.36336413,149.16545403,10.00,calibration-file(no-undistort)
1784074799.389,detection_logs/frame_1784074799376.jpg,5,green,0.1668,1581.29,448.57,1522,378,110,158,-11.400,19.592,-35.36336440,149.16545282,10.00,calibration-file(no-undistort)
1784074799.439,detection_logs/frame_1784074799428.jpg,5,green,0.1675,1567.09,455.45,1508,386,112,156,-11.448,19.485,-35.36336484,149.16545163,10.00,calibration-file(no-undistort)
1784074799.505,detection_logs/frame_1784074799492.jpg,5,green,0.1626,1556.57,459.32,1500,384,112,156,-11.476,19.405,-35.36336509,149.16545076,10.00,calibration-file(no-undistort)
1784074799.574,detection_logs/frame_1784074799562.jpg,5,green,0.1666,1543.56,457.76,1484,376,112,156,-11.465,19.733,-35.36336499,149.16545437,10.00,calibration-file(no-undistort)
1784074799.642,detection_logs/frame_1784074799631.jpg,5,green,0.1657,1530.77,453.70,1472,370,112,156,-11.436,19.636,-35.36336473,149.16545330,10.00,calibration-file(no-undistort)
1784074799.716,detection_logs/frame_1784074799704.jpg,5,green,0.1670,1518.64,452.68,1462,374,114,156,-11.429,19.544,-35.36336467,149.16545229,10.00,calibration-file(no-undistort)
1784074799.774,detection_logs/frame_1784074799762.jpg,5,green,0.1629,1507.95,455.63,1450,382,112,158,-11.450,19.863,-35.36336485,149.16545580,10.00,calibration-file(no-undistort)
1784074799.839,detection_logs/frame_1784074799828.jpg,5,green,0.1674,1494.79,460.76,1436,390,114,156,-11.486,19.763,-35.36336518,149.16545470,10.00,calibration-file(no-undistort)
1784074799.905,detection_logs/frame_1784074799892.jpg,5,green,0.1600,1485.29,464.37,1430,388,114,158,-11.512,19.691,-35.36336541,149.16545390,10.00,calibration-file(no-undistort)
1784074800.039,detection_logs/frame_1784074800027.jpg,5,green,0.1702,1462.77,459.96,1404,374,116,158,-11.481,19.910,-35.36336513,149.16545632,10.00,calibration-file(no-undistort)
1784074800.105,detection_logs/frame_1784074800094.jpg,5,green,0.1673,1454.04,457.81,1398,376,114,160,-11.465,19.844,-35.36336499,149.16545559,10.00,calibration-file(no-undistort)
1784074800.179,detection_logs/frame_1784074800165.jpg,5,green,0.1620,1442.68,460.50,1384,386,114,158,-11.484,19.758,-35.36336517,149.16545465,10.00,calibration-file(no-undistort)
1784074800.259,detection_logs/frame_1784074800239.jpg,5,green,0.1601,1431.84,464.87,1374,392,112,160,-11.515,19.676,-35.36336544,149.16545374,10.00,calibration-file(no-undistort)
1784074800.338,detection_logs/frame_1784074800318.jpg,5,green,0.1620,1422.76,468.29,1366,392,114,158,-11.540,19.988,-35.36336566,149.16545718,10.00,calibration-file(no-undistort)
1784074800.398,detection_logs/frame_1784074800386.jpg,5,green,0.1680,1411.01,467.09,1352,384,114,158,-11.531,19.899,-35.36336559,149.16545620,10.00,calibration-file(no-undistort)
1784074800.457,detection_logs/frame_1784074800443.jpg,5,green,0.1715,1399.87,464.46,1342,378,114,160,-11.513,19.815,-35.36336542,149.16545527,10.00,calibration-file(no-undistort)
1784074800.525,detection_logs/frame_1784074800512.jpg,5,green,0.1724,1391.63,461.04,1336,378,114,160,-11.488,19.752,-35.36336520,149.16545458,10.00,calibration-file(no-undistort)
1784074800.588,detection_logs/frame_1784074800576.jpg,5,green,0.1674,1380.30,462.67,1322,388,114,160,-11.500,20.039,-35.36336530,149.16545774,10.00,calibration-file(no-undistort)
1784074800.661,detection_logs/frame_1784074800648.jpg,5,green,0.1735,1370.78,466.89,1314,396,114,158,-11.530,19.966,-35.36336557,149.16545694,10.00,calibration-file(no-undistort)
1784074800.725,detection_logs/frame_1784074800713.jpg,5,green,0.1755,1361.83,469.84,1306,394,114,160,-11.551,19.899,-35.36336576,149.16545619,10.00,calibration-file(no-undistort)
1784074800.800,detection_logs/frame_1784074800786.jpg,5,green,0.1643,1353.06,471.72,1298,388,106,158,-11.564,20.213,-35.36336588,149.16545966,10.00,calibration-file(no-undistort)
1784074802.216,detection_logs/frame_1784074802204.jpg,6,green,0.1902,1148.88,494.89,1102,400,88,160,-11.729,20.236,-35.36336736,149.16545991,10.00,calibration-file(no-undistort)
1784074802.281,detection_logs/frame_1784074802267.jpg,6,green,0.1718,1125.06,486.52,1044,398,114,160,-11.669,20.055,-35.36336683,149.16545792,10.00,calibration-file(no-undistort)
1784074802.344,detection_logs/frame_1784074802331.jpg,6,green,0.1740,1085.86,483.02,1010,404,114,160,-11.644,20.194,-35.36336660,149.16545945,10.00,calibration-file(no-undistort)
1784074802.415,detection_logs/frame_1784074802402.jpg,6,green,0.1763,1044.79,489.00,976,416,114,160,-11.687,19.883,-35.36336698,149.16545602,10.00,calibration-file(no-undistort)
1784074802.485,detection_logs/frame_1784074802470.jpg,6,green,0.1739,1010.65,493.71,952,420,112,160,-11.720,19.624,-35.36336729,149.16545317,10.00,calibration-file(no-undistort)
1784074802.568,detection_logs/frame_1784074802553.jpg,6,green,0.1790,980.75,495.40,926,418,114,158,-11.732,19.860,-35.36336739,149.16545577,10.00,calibration-file(no-undistort)
1784074802.629,detection_logs/frame_1784074802614.jpg,6,green,0.1723,953.75,493.96,902,412,112,158,-11.722,19.655,-35.36336730,149.16545351,10.00,calibration-file(no-undistort)
1784074802.690,detection_logs/frame_1784074802678.jpg,6,green,0.1843,929.86,491.07,882,408,114,160,-11.702,19.474,-35.36336712,149.16545152,10.00,calibration-file(no-undistort)
1784074802.756,detection_logs/frame_1784074802743.jpg,6,green,0.1773,909.31,491.66,864,414,114,160,-11.706,19.318,-35.36336715,149.16544980,10.00,calibration-file(no-undistort)
1784074802.830,detection_logs/frame_1784074802816.jpg,6,green,0.1771,890.98,496.32,846,424,114,160,-11.739,19.624,-35.36336745,149.16545317,10.00,calibration-file(no-undistort)
1784074802.886,detection_logs/frame_1784074802875.jpg,6,green,0.1739,876.76,500.88,836,428,112,160,-11.771,19.517,-35.36336774,149.16545198,10.00,calibration-file(no-undistort)
1784074802.957,detection_logs/frame_1784074802945.jpg,6,green,0.1738,863.71,504.21,822,426,112,160,-11.795,19.418,-35.36336796,149.16545089,10.00,calibration-file(no-undistort)
1784074803.020,detection_logs/frame_1784074803007.jpg,6,green,0.1800,849.70,502.55,804,418,114,160,-11.783,19.311,-35.36336785,149.16544973,10.00,calibration-file(no-undistort)
1784074803.087,detection_logs/frame_1784074803075.jpg,6,green,0.1778,838.46,500.20,794,416,114,158,-11.766,19.653,-35.36336770,149.16545349,10.00,calibration-file(no-undistort)
1784074803.156,detection_logs/frame_1784074803144.jpg,6,green,0.1706,827.78,500.69,782,422,112,158,-11.770,19.572,-35.36336773,149.16545259,10.00,calibration-file(no-undistort)
1784074803.236,detection_logs/frame_1784074803220.jpg,6,green,0.1653,815.90,504.59,766,430,112,160,-11.798,19.482,-35.36336798,149.16545160,10.00,calibration-file(no-undistort)
1784074803.295,detection_logs/frame_1784074803282.jpg,6,green,0.1723,805.09,508.53,756,434,112,160,-11.826,19.400,-35.36336823,149.16545070,10.00,calibration-file(no-undistort)
1784074803.371,detection_logs/frame_1784074803358.jpg,6,green,0.1752,795.51,511.15,744,432,114,160,-11.844,19.727,-35.36336840,149.16545430,10.00,calibration-file(no-undistort)
1784074803.439,detection_logs/frame_1784074803425.jpg,6,green,0.1712,783.58,507.66,730,422,112,160,-11.819,19.636,-35.36336818,149.16545330,10.00,calibration-file(no-undistort)
1784074803.501,detection_logs/frame_1784074803488.jpg,6,green,0.1711,773.39,505.12,722,420,112,160,-11.801,19.559,-35.36336801,149.16545245,10.00,calibration-file(no-undistort)
1784074803.563,detection_logs/frame_1784074803548.jpg,6,green,0.1743,763.35,505.79,710,426,114,160,-11.806,19.873,-35.36336806,149.16545591,10.00,calibration-file(no-undistort)
1784074803.634,detection_logs/frame_1784074803621.jpg,6,green,0.1742,751.77,508.44,696,434,114,160,-11.825,19.785,-35.36336823,149.16545495,10.00,calibration-file(no-undistort)
1784074803.702,detection_logs/frame_1784074803690.jpg,6,green,0.1763,741.43,512.62,688,440,114,158,-11.855,19.707,-35.36336849,149.16545408,10.00,calibration-file(no-undistort)
1784074803.759,detection_logs/frame_1784074803747.jpg,6,green,0.1707,731.37,515.22,678,436,112,160,-11.873,19.631,-35.36336866,149.16545324,10.00,calibration-file(no-undistort)
1784074803.832,detection_logs/frame_1784074803821.jpg,6,green,0.1748,718.83,512.26,662,428,114,158,-11.852,19.926,-35.36336847,149.16545650,10.00,calibration-file(no-undistort)
1784074803.900,detection_logs/frame_1784074803888.jpg,6,green,0.1730,708.42,508.42,654,424,114,160,-11.825,19.847,-35.36336822,149.16545563,10.00,calibration-file(no-undistort)
1784074803.963,detection_logs/frame_1784074803951.jpg,6,green,0.1725,697.57,508.92,642,430,114,160,-11.828,19.765,-35.36336826,149.16545472,10.00,calibration-file(no-undistort)
1784074804.031,detection_logs/frame_1784074804018.jpg,6,green,0.1665,684.59,512.69,628,440,112,158,-11.855,19.666,-35.36336850,149.16545364,10.00,calibration-file(no-undistort)
1784074804.098,detection_logs/frame_1784074804086.jpg,6,green,0.1719,672.74,517.58,618,444,114,160,-11.890,19.958,-35.36336881,149.16545685,10.00,calibration-file(no-undistort)
1784074804.167,detection_logs/frame_1784074804154.jpg,6,green,0.1766,660.93,519.97,606,442,114,158,-11.907,19.868,-35.36336896,149.16545586,10.00,calibration-file(no-undistort)
1784074804.235,detection_logs/frame_1784074804222.jpg,6,green,0.1702,646.24,518.76,588,434,114,160,-11.898,19.757,-35.36336888,149.16545463,10.00,calibration-file(no-undistort)
1784074804.297,detection_logs/frame_1784074804284.jpg,6,green,0.1629,633.11,515.86,578,430,112,160,-11.878,19.658,-35.36336870,149.16545354,10.00,calibration-file(no-undistort)
1784074804.366,detection_logs/frame_1784074804355.jpg,6,green,0.1692,619.47,514.36,564,434,114,160,-11.867,19.935,-35.36336860,149.16545660,10.00,calibration-file(no-undistort)
1784074804.431,detection_logs/frame_1784074804418.jpg,6,green,0.1686,605.82,517.21,550,444,114,160,-11.887,19.832,-35.36336879,149.16545546,10.00,calibration-file(no-undistort)
1784074804.522,detection_logs/frame_1784074804503.jpg,6,green,0.1741,594.18,522.14,542,450,114,158,-11.922,19.744,-35.36336910,149.16545449,10.00,calibration-file(no-undistort)
1784074804.586,detection_logs/frame_1784074804571.jpg,6,green,0.1692,583.08,522.71,532,444,112,160,-11.926,20.032,-35.36336914,149.16545766,10.00,calibration-file(no-undistort)
1784074804.640,detection_logs/frame_1784074804622.jpg,6,green,0.1628,571.04,520.46,518,438,112,158,-11.910,19.940,-35.36336899,149.16545665,10.00,calibration-file(no-undistort)
1784074804.709,detection_logs/frame_1784074804694.jpg,6,green,0.1618,560.74,518.23,510,434,112,160,-11.895,19.862,-35.36336885,149.16545579,10.00,calibration-file(no-undistort)
1784074804.785,detection_logs/frame_1784074804771.jpg,6,green,0.1736,549.03,517.76,496,440,114,158,-11.891,19.774,-35.36336882,149.16545482,10.00,calibration-file(no-undistort)
1784074804.846,detection_logs/frame_1784074804834.jpg,6,green,0.1626,535.98,521.44,482,450,112,158,-11.917,20.056,-35.36336906,149.16545793,10.00,calibration-file(no-undistort)
1784074805.019,detection_logs/frame_1784074805008.jpg,6,green,0.1631,523.64,525.85,472,454,112,158,-11.949,19.962,-35.36336934,149.16545690,10.00,calibration-file(no-undistort)
1784074805.089,detection_logs/frame_1784074805076.jpg,6,green,0.1626,511.86,526.89,460,450,112,158,-11.956,19.873,-35.36336940,149.16545591,10.00,calibration-file(no-undistort)
1784074805.155,detection_logs/frame_1784074805143.jpg,6,green,0.1684,501.72,525.14,452,442,112,160,-11.944,19.796,-35.36336929,149.16545507,10.00,calibration-file(no-undistort)
1784074805.317,detection_logs/frame_1784074805305.jpg,6,green,0.1723,494.50,523.11,450,440,112,158,-11.929,20.123,-35.36336916,149.16545866,10.00,calibration-file(no-undistort)
1784074805.395,detection_logs/frame_1784074805383.jpg,6,green,0.1764,493.23,522.86,456,444,112,158,-11.927,20.113,-35.36336915,149.16545856,10.00,calibration-file(no-undistort)
1784074805.461,detection_logs/frame_1784074805449.jpg,6,green,0.1677,498.13,525.53,468,452,108,158,-11.946,20.150,-35.36336932,149.16545897,10.00,calibration-file(no-undistort)
1784074805.527,detection_logs/frame_1784074805515.jpg,6,green,0.1874,504.33,529.29,472,456,110,156,-11.973,20.197,-35.36336956,149.16545948,10.00,calibration-file(no-undistort)
1784074805.595,detection_logs/frame_1784074805581.jpg,6,green,0.1743,507.63,530.18,466,452,108,156,-11.979,20.622,-35.36336961,149.16546416,10.00,calibration-file(no-undistort)
1784074805.658,detection_logs/frame_1784074805645.jpg,6,green,0.1790,503.14,526.81,450,444,108,156,-11.955,20.588,-35.36336940,149.16546378,10.00,calibration-file(no-undistort)
1784074805.736,detection_logs/frame_1784074805724.jpg,6,green,0.1820,492.58,523.04,428,442,108,156,-11.929,20.508,-35.36336916,149.16546290,10.00,calibration-file(no-undistort)
1784074805.794,detection_logs/frame_1784074805782.jpg,6,green,0.1773,469.99,524.81,390,450,110,158,-11.941,20.336,-35.36336927,149.16546102,10.00,calibration-file(no-undistort)
1784074805.864,detection_logs/frame_1784074805852.jpg,6,green,0.1759,439.25,530.55,354,462,110,156,-11.982,20.539,-35.36336964,149.16546325,10.00,calibration-file(no-undistort)
1784074805.937,detection_logs/frame_1784074805925.jpg,6,green,0.1748,404.72,536.45,320,464,112,158,-12.024,20.277,-35.36337001,149.16546036,10.00,calibration-file(no-undistort)
1784074805.994,detection_logs/frame_1784074805983.jpg,6,green,0.1722,365.85,537.98,282,458,112,160,-12.035,19.983,-35.36337011,149.16545712,10.00,calibration-file(no-undistort)
1784074806.062,detection_logs/frame_1784074806050.jpg,6,green,0.1707,327.93,536.85,250,454,114,158,-12.027,19.695,-35.36337004,149.16545395,10.00,calibration-file(no-undistort)
1784074806.130,detection_logs/frame_1784074806115.jpg,6,green,0.1713,292.89,536.06,224,454,114,160,-12.021,19.874,-35.36336999,149.16545593,10.00,calibration-file(no-undistort)
1784074806.192,detection_logs/frame_1784074806180.jpg,6,green,0.1682,257.91,538.33,192,462,116,160,-12.037,19.609,-35.36337013,149.16545300,10.00,calibration-file(no-undistort)
1784074807.901,detection_logs/frame_1784074807886.jpg,7,green,0.5267,1671.19,448.78,1632,422,88,62,-11.401,33.183,-35.36336442,149.16560253,10.00,calibration-file(no-undistort)
1784074807.976,detection_logs/frame_1784074807960.jpg,7,green,0.5425,1665.40,450.32,1620,424,90,62,-11.412,33.139,-35.36336452,149.16560204,10.00,calibration-file(no-undistort)
1784074808.055,detection_logs/frame_1784074808036.jpg,7,green,0.5608,1647.85,448.92,1602,416,88,64,-11.402,33.006,-35.36336443,149.16560058,10.00,calibration-file(no-undistort)
1784074808.118,detection_logs/frame_1784074808101.jpg,7,green,0.5500,1632.24,442.42,1592,410,88,62,-11.356,32.888,-35.36336401,149.16559927,10.00,calibration-file(no-undistort)
1784074809.054,detection_logs/frame_1784074809037.jpg,8,green,0.5947,1536.72,456.90,1506,428,84,64,-11.459,33.307,-35.36336494,149.16560390,10.00,calibration-file(no-undistort)
1784074809.153,detection_logs/frame_1784074809132.jpg,8,green,0.5926,1537.16,454.01,1506,420,84,64,-11.438,33.311,-35.36336475,149.16560393,10.00,calibration-file(no-undistort)
1784074809.202,detection_logs/frame_1784074809187.jpg,8,green,0.6015,1535.54,448.00,1500,414,86,64,-11.396,33.707,-35.36336437,149.16560830,10.00,calibration-file(no-undistort)
1784074809.274,detection_logs/frame_1784074809260.jpg,8,green,0.5952,1531.99,447.73,1496,418,84,64,-11.394,33.680,-35.36336435,149.16560800,10.00,calibration-file(no-undistort)
1784074809.326,detection_logs/frame_1784074809311.jpg,8,green,0.5942,1527.67,452.13,1492,426,84,64,-11.425,33.647,-35.36336463,149.16560764,10.00,calibration-file(no-undistort)
1784074809.391,detection_logs/frame_1784074809378.jpg,8,green,0.5933,1517.68,458.08,1476,432,84,64,-11.467,33.571,-35.36336501,149.16560681,10.00,calibration-file(no-undistort)
1784074809.457,detection_logs/frame_1784074809445.jpg,8,green,0.5892,1497.07,462.36,1448,432,82,64,-11.498,33.851,-35.36336528,149.16560989,10.00,calibration-file(no-undistort)
1784074809.525,detection_logs/frame_1784074809511.jpg,8,green,0.5897,1472.63,462.79,1420,426,82,64,-11.501,33.666,-35.36336531,149.16560785,10.00,calibration-file(no-undistort)
1784074809.586,detection_logs/frame_1784074809573.jpg,8,green,0.5837,1441.79,461.81,1384,424,80,64,-11.494,33.432,-35.36336525,149.16560527,10.00,calibration-file(no-undistort)
1784074809.655,detection_logs/frame_1784074809637.jpg,8,green,0.5735,1404.26,461.90,1344,430,78,64,-11.494,33.147,-35.36336526,149.16560214,10.00,calibration-file(no-undistort)
1784074809.726,detection_logs/frame_1784074809711.jpg,8,green,0.5590,1366.62,466.01,1312,442,78,62,-11.524,33.316,-35.36336552,149.16560399,10.00,calibration-file(no-undistort)
1784074809.788,detection_logs/frame_1784074809775.jpg,8,green,0.5383,1328.81,472.14,1280,448,74,62,-11.567,33.029,-35.36336591,149.16560083,10.00,calibration-file(no-undistort)
1784074809.856,detection_logs/frame_1784074809844.jpg,8,green,0.5400,1289.05,473.73,1244,444,74,62,-11.578,32.728,-35.36336601,149.16559751,10.00,calibration-file(no-undistort)
1784074809.995,detection_logs/frame_1784074809981.jpg,8,green,0.5038,1228.19,474.07,1198,438,68,62,-11.581,32.739,-35.36336603,149.16559763,10.00,calibration-file(no-undistort)
1784074810.069,detection_logs/frame_1784074810053.jpg,8,green,0.5173,1199.31,474.27,1172,444,70,62,-11.582,32.520,-35.36336604,149.16559522,10.00,calibration-file(no-undistort)
1784074810.139,detection_logs/frame_1784074810124.jpg,8,green,0.5190,1178.98,480.75,1158,454,68,64,-11.628,32.365,-35.36336646,149.16559352,10.00,calibration-file(no-undistort)
1784074810.215,detection_logs/frame_1784074810201.jpg,8,green,0.4901,1159.25,484.91,1140,458,66,62,-11.658,32.661,-35.36336672,149.16559678,10.00,calibration-file(no-undistort)
1784074810.275,detection_logs/frame_1784074810261.jpg,8,green,0.4925,1140.97,487.87,1122,454,66,62,-11.679,32.522,-35.36336691,149.16559525,10.00,calibration-file(no-undistort)
1784074810.343,detection_logs/frame_1784074810326.jpg,8,green,0.4890,1128.21,484.26,1112,446,66,62,-11.653,32.425,-35.36336668,149.16559418,10.00,calibration-file(no-undistort)
1784074810.408,detection_logs/frame_1784074810394.jpg,8,green,0.4876,1116.58,482.88,1098,446,66,62,-11.643,32.337,-35.36336659,149.16559321,10.00,calibration-file(no-undistort)
1784074810.471,detection_logs/frame_1784074810458.jpg,8,green,0.4859,1105.13,482.57,1084,452,66,62,-11.641,32.686,-35.36336657,149.16559706,10.00,calibration-file(no-undistort)
1784074810.550,detection_logs/frame_1784074810536.jpg,8,green,0.4809,1095.34,488.12,1076,462,64,62,-11.681,32.612,-35.36336693,149.16559624,10.00,calibration-file(no-undistort)
1784074810.611,detection_logs/frame_1784074810597.jpg,8,green,0.4745,1084.62,493.10,1062,464,64,62,-11.716,32.531,-35.36336725,149.16559534,10.00,calibration-file(no-undistort)
1784074810.689,detection_logs/frame_1784074810674.jpg,8,green,0.4824,1074.26,493.70,1048,458,64,62,-11.720,32.452,-35.36336729,149.16559448,10.00,calibration-file(no-undistort)
1784074810.760,detection_logs/frame_1784074810742.jpg,8,green,0.4796,1063.89,491.97,1038,452,64,62,-11.708,32.791,-35.36336717,149.16559821,10.00,calibration-file(no-undistort)
1784074810.822,detection_logs/frame_1784074810809.jpg,8,green,0.4649,1053.37,487.25,1026,450,62,62,-11.674,32.711,-35.36336687,149.16559733,10.00,calibration-file(no-undistort)
1784074810.880,detection_logs/frame_1784074810868.jpg,8,green,0.4587,1042.66,487.43,1014,458,60,62,-11.676,32.630,-35.36336688,149.16559644,10.00,calibration-file(no-undistort)
1784074810.947,detection_logs/frame_1784074810933.jpg,8,green,0.4694,1033.90,493.56,1006,468,60,62,-11.719,32.564,-35.36336728,149.16559571,10.00,calibration-file(no-undistort)
1784074811.021,detection_logs/frame_1784074811006.jpg,8,green,0.4122,1025.16,494.37,996,468,56,60,-11.725,32.897,-35.36336733,149.16559938,10.00,calibration-file(no-undistort)
1784074811.091,detection_logs/frame_1784074811076.jpg,8,green,0.4234,1014.99,493.07,982,462,58,60,-11.716,32.820,-35.36336725,149.16559853,10.00,calibration-file(no-undistort)
1784074811.156,detection_logs/frame_1784074811143.jpg,8,green,0.4387,1005.46,488.80,974,454,58,62,-11.685,32.748,-35.36336697,149.16559773,10.00,calibration-file(no-undistort)
1784074811.231,detection_logs/frame_1784074811218.jpg,8,green,0.4218,993.36,486.65,960,456,58,60,-11.670,33.046,-35.36336684,149.16560102,10.00,calibration-file(no-undistort)
1784074811.294,detection_logs/frame_1784074811280.jpg,8,green,0.4288,981.81,488.44,948,464,58,60,-11.683,32.959,-35.36336695,149.16560006,10.00,calibration-file(no-undistort)
1784074811.365,detection_logs/frame_1784074811347.jpg,8,green,0.4279,969.28,492.98,938,472,58,60,-11.715,32.864,-35.36336724,149.16559901,10.00,calibration-file(no-undistort)
1784074811.432,detection_logs/frame_1784074811418.jpg,8,green,0.4221,956.93,496.26,926,472,56,60,-11.738,32.770,-35.36336745,149.16559798,10.00,calibration-file(no-undistort)
1784074811.502,detection_logs/frame_1784074811488.jpg,8,green,0.4244,944.55,497.24,914,466,56,60,-11.745,33.057,-35.36336751,149.16560115,10.00,calibration-file(no-undistort)
1784074811.571,detection_logs/frame_1784074811556.jpg,8,green,0.4401,933.07,495.27,904,460,58,60,-11.731,32.970,-35.36336738,149.16560019,10.00,calibration-file(no-undistort)
1784074811.635,detection_logs/frame_1784074811623.jpg,8,green,0.4294,919.60,492.31,890,460,56,60,-11.710,32.868,-35.36336720,149.16559906,10.00,calibration-file(no-undistort)
1784074811.717,detection_logs/frame_1784074811702.jpg,8,green,0.4452,906.81,494.74,878,468,56,62,-11.728,32.771,-35.36336735,149.16559799,10.00,calibration-file(no-undistort)
1784074811.783,detection_logs/frame_1784074811768.jpg,8,green,0.4483,895.16,499.53,868,476,56,62,-11.762,33.064,-35.36336766,149.16560122,10.00,calibration-file(no-undistort)
1784074811.844,detection_logs/frame_1784074811830.jpg,8,green,0.4331,881.58,502.85,852,476,56,60,-11.785,32.961,-35.36336787,149.16560009,10.00,calibration-file(no-undistort)
1784074811.918,detection_logs/frame_1784074811900.jpg,8,green,0.4348,868.88,501.70,840,468,56,60,-11.777,32.865,-35.36336780,149.16559903,10.00,calibration-file(no-undistort)
1784074811.980,detection_logs/frame_1784074811966.jpg,8,green,0.4345,855.66,499.37,828,464,56,60,-11.761,32.765,-35.36336765,149.16559792,10.00,calibration-file(no-undistort)
1784074812.056,detection_logs/frame_1784074812037.jpg,8,green,0.4322,842.06,498.89,812,468,56,60,-11.757,33.043,-35.36336762,149.16560099,10.00,calibration-file(no-undistort)
1784074812.129,detection_logs/frame_1784074812111.jpg,8,green,0.4313,826.50,500.78,798,476,56,60,-11.771,32.925,-35.36336774,149.16559969,10.00,calibration-file(no-undistort)
1784074812.193,detection_logs/frame_1784074812178.jpg,8,green,0.4426,812.41,505.56,786,482,56,62,-11.805,32.818,-35.36336804,149.16559851,10.00,calibration-file(no-undistort)
1784074812.263,detection_logs/frame_1784074812252.jpg,8,green,0.4290,795.39,509.20,768,482,56,60,-11.830,32.689,-35.36336827,149.16559709,10.00,calibration-file(no-undistort)
1784074812.458,detection_logs/frame_1784074812445.jpg,8,green,0.4252,780.30,508.17,756,474,56,60,-11.823,32.956,-35.36336821,149.16560003,10.00,calibration-file(no-undistort)
1784074812.526,detection_logs/frame_1784074812515.jpg,8,green,0.4387,768.71,504.25,750,468,56,62,-11.795,32.868,-35.36336796,149.16559906,10.00,calibration-file(no-undistort)
1784074812.677,detection_logs/frame_1784074812665.jpg,8,green,0.4198,763.46,502.47,752,472,56,60,-11.783,32.828,-35.36336784,149.16559862,10.00,calibration-file(no-undistort)
1784074812.776,detection_logs/frame_1784074812760.jpg,8,green,0.4217,759.50,504.06,750,480,56,60,-11.794,33.189,-35.36336795,149.16560259,10.00,calibration-file(no-undistort)
1784074812.835,detection_logs/frame_1784074812823.jpg,8,green,0.4190,758.95,508.41,752,486,56,60,-11.825,33.185,-35.36336822,149.16560255,10.00,calibration-file(no-undistort)
1784074812.910,detection_logs/frame_1784074812894.jpg,8,green,0.4829,767.87,510.41,758,482,64,60,-11.839,33.252,-35.36336835,149.16560329,10.00,calibration-file(no-undistort)
1784074812.972,detection_logs/frame_1784074812959.jpg,8,green,0.4637,774.44,508.48,758,474,62,60,-11.825,33.302,-35.36336823,149.16560384,10.00,calibration-file(no-undistort)
1784074813.038,detection_logs/frame_1784074813025.jpg,8,green,0.4791,774.69,506.09,744,470,62,62,-11.808,33.731,-35.36336808,149.16560856,10.00,calibration-file(no-undistort)
1784074813.103,detection_logs/frame_1784074813090.jpg,8,green,0.4717,765.86,505.94,722,476,64,60,-11.807,33.664,-35.36336807,149.16560782,10.00,calibration-file(no-undistort)
1784074813.166,detection_logs/frame_1784074813154.jpg,8,green,0.4649,749.29,509.76,694,486,64,60,-11.834,33.538,-35.36336831,149.16560644,10.00,calibration-file(no-undistort)
1784074813.232,detection_logs/frame_1784074813219.jpg,8,green,0.4743,720.76,515.14,654,492,64,62,-11.873,33.322,-35.36336865,149.16560406,10.00,calibration-file(no-undistort)
1784074813.316,detection_logs/frame_1784074813300.jpg,8,green,0.4851,684.87,518.79,616,490,66,62,-11.899,33.513,-35.36336889,149.16560616,10.00,calibration-file(no-undistort)
1784074813.379,detection_logs/frame_1784074813365.jpg,8,green,0.4641,646.58,518.36,582,484,66,60,-11.895,33.222,-35.36336886,149.16560296,10.00,calibration-file(no-undistort)
1784074813.438,detection_logs/frame_1784074813426.jpg,8,green,0.4874,607.27,516.24,544,482,68,62,-11.880,32.924,-35.36336872,149.16559968,10.00,calibration-file(no-undistort)
1784074813.515,detection_logs/frame_1784074813500.jpg,8,green,0.4835,567.75,517.87,512,490,68,62,-11.892,32.625,-35.36336883,149.16559638,10.00,calibration-file(no-undistort)
1784074813.582,detection_logs/frame_1784074813564.jpg,8,green,0.4971,530.10,523.87,484,500,70,62,-11.935,32.802,-35.36336921,149.16559833,10.00,calibration-file(no-undistort)
1784074813.645,detection_logs/frame_1784074813631.jpg,8,green,0.4922,495.98,528.56,456,504,70,62,-11.968,32.544,-35.36336951,149.16559548,10.00,calibration-file(no-undistort)
1784074813.713,detection_logs/frame_1784074813700.jpg,8,green,0.5056,467.02,530.06,432,500,72,62,-11.979,32.324,-35.36336961,149.16559307,10.00,calibration-file(no-undistort)
1784074813.784,detection_logs/frame_1784074813768.jpg,8,green,0.5051,442.47,528.79,412,494,74,60,-11.970,32.601,-35.36336952,149.16559612,10.00,calibration-file(no-undistort)
1784074813.854,detection_logs/frame_1784074813839.jpg,8,green,0.5016,420.39,526.32,392,492,72,62,-11.952,32.434,-35.36336937,149.16559427,10.00,calibration-file(no-undistort)
1784074813.916,detection_logs/frame_1784074813902.jpg,8,green,0.4996,401.80,527.69,376,500,74,60,-11.962,32.293,-35.36336945,149.16559272,10.00,calibration-file(no-undistort)
1784074813.978,detection_logs/frame_1784074813966.jpg,8,green,0.5179,389.34,533.49,366,508,74,62,-12.003,32.198,-35.36336982,149.16559168,10.00,calibration-file(no-undistort)
1784074814.053,detection_logs/frame_1784074814037.jpg,8,green,0.5280,376.37,539.02,348,512,76,62,-12.042,32.526,-35.36337018,149.16559530,10.00,calibration-file(no-undistort)
1784074814.116,detection_logs/frame_1784074814103.jpg,8,green,0.5276,365.30,539.99,336,506,76,62,-12.049,32.443,-35.36337024,149.16559437,10.00,calibration-file(no-undistort)
1784074814.181,detection_logs/frame_1784074814166.jpg,8,green,0.5281,355.96,536.18,326,498,76,62,-12.022,32.372,-35.36337000,149.16559359,10.00,calibration-file(no-undistort)
1784074814.248,detection_logs/frame_1784074814234.jpg,8,green,0.5266,345.41,534.09,310,498,76,62,-12.007,32.292,-35.36336986,149.16559271,10.00,calibration-file(no-undistort)
1784074814.323,detection_logs/frame_1784074814306.jpg,8,green,0.5267,336.20,535.24,298,506,78,60,-12.015,32.630,-35.36336994,149.16559644,10.00,calibration-file(no-undistort)
1784074814.386,detection_logs/frame_1784074814371.jpg,8,green,0.5277,326.71,538.81,288,514,78,60,-12.041,32.559,-35.36337016,149.16559565,10.00,calibration-file(no-undistort)
1784074814.453,detection_logs/frame_1784074814438.jpg,8,green,0.5564,315.45,544.46,272,518,80,62,-12.081,32.473,-35.36337052,149.16559471,10.00,calibration-file(no-undistort)
1784074814.517,detection_logs/frame_1784074814503.jpg,8,green,0.5360,304.66,544.43,262,510,78,62,-12.081,32.391,-35.36337052,149.16559381,10.00,calibration-file(no-undistort)
1784074814.594,detection_logs/frame_1784074814581.jpg,8,green,0.5281,295.96,541.33,254,504,78,60,-12.059,32.725,-35.36337032,149.16559748,10.00,calibration-file(no-undistort)
1784074814.649,detection_logs/frame_1784074814635.jpg,8,green,0.5383,285.10,539.04,238,504,80,60,-12.042,32.642,-35.36337018,149.16559657,10.00,calibration-file(no-undistort)
1784074814.729,detection_logs/frame_1784074814713.jpg,8,green,0.5515,274.96,540.10,228,510,80,62,-12.050,32.566,-35.36337025,149.16559573,10.00,calibration-file(no-undistort)
1784074814.792,detection_logs/frame_1784074814779.jpg,8,green,0.5402,266.30,544.29,220,520,80,60,-12.080,32.500,-35.36337051,149.16559500,10.00,calibration-file(no-undistort)
1784074814.857,detection_logs/frame_1784074814843.jpg,8,green,0.5499,253.65,548.80,204,522,80,62,-12.112,32.794,-35.36337080,149.16559825,10.00,calibration-file(no-undistort)
1784074814.928,detection_logs/frame_1784074814914.jpg,8,green,0.5624,241.38,549.70,192,516,82,62,-12.118,32.701,-35.36337086,149.16559722,10.00,calibration-file(no-undistort)
1784074815.195,detection_logs/frame_1784074815183.jpg,8,green,0.4851,218.42,559.45,192,526,46,60,-12.187,32.909,-35.36337148,149.16559951,10.00,calibration-file(no-undistort)
1784074819.349,detection_logs/frame_1784074819334.jpg,9,green,0.3890,1662.82,441.71,1596,370,132,146,-11.351,49.923,-35.36336397,149.16578693,10.00,calibration-file(no-undistort)
1784074819.422,detection_logs/frame_1784074819406.jpg,9,green,0.3786,1655.86,448.31,1584,380,132,148,-11.398,50.242,-35.36336439,149.16579045,10.00,calibration-file(no-undistort)
1784074819.481,detection_logs/frame_1784074819468.jpg,9,green,0.3977,1639.54,454.63,1566,386,132,144,-11.443,50.119,-35.36336479,149.16578908,10.00,calibration-file(no-undistort)
1784074819.543,detection_logs/frame_1784074819532.jpg,9,green,0.3966,1625.66,457.08,1556,384,132,144,-11.460,50.013,-35.36336495,149.16578792,10.00,calibration-file(no-undistort)
1784074819.711,detection_logs/frame_1784074819699.jpg,9,green,0.3861,1612.68,453.19,1546,374,130,146,-11.432,49.915,-35.36336470,149.16578684,10.00,calibration-file(no-undistort)
1784074819.788,detection_logs/frame_1784074819775.jpg,9,green,0.3982,1596.66,448.85,1526,372,132,144,-11.402,50.184,-35.36336442,149.16578980,10.00,calibration-file(no-undistort)
1784074819.858,detection_logs/frame_1784074819845.jpg,9,green,0.3990,1581.11,448.95,1512,378,132,144,-11.402,50.066,-35.36336443,149.16578850,10.00,calibration-file(no-undistort)
1784074820.002,detection_logs/frame_1784074819989.jpg,9,green,0.3809,1571.75,454.30,1512,386,132,148,-11.440,49.995,-35.36336477,149.16578772,10.00,calibration-file(no-undistort)
1784074820.094,detection_logs/frame_1784074820078.jpg,9,green,0.3832,1571.92,457.07,1522,386,134,148,-11.460,49.996,-35.36336495,149.16578774,10.00,calibration-file(no-undistort)
1784074820.162,detection_logs/frame_1784074820148.jpg,9,green,0.3689,1578.42,458.12,1534,382,136,150,-11.467,50.436,-35.36336501,149.16579258,10.00,calibration-file(no-undistort)
1784074820.226,detection_logs/frame_1784074820211.jpg,9,green,0.3648,1588.74,455.32,1542,372,138,152,-11.448,50.514,-35.36336484,149.16579344,10.00,calibration-file(no-undistort)
1784074820.292,detection_logs/frame_1784074820278.jpg,9,green,0.3698,1593.00,450.25,1534,368,138,150,-11.412,50.547,-35.36336451,149.16579380,10.00,calibration-file(no-undistort)
1784074820.356,detection_logs/frame_1784074820343.jpg,9,green,0.3702,1591.69,448.03,1522,372,138,150,-11.396,50.936,-35.36336437,149.16579809,10.00,calibration-file(no-undistort)
1784074820.416,detection_logs/frame_1784074820403.jpg,9,green,0.3658,1580.68,451.04,1496,384,138,148,-11.417,50.853,-35.36336456,149.16579717,10.00,calibration-file(no-undistort)
1784074820.487,detection_logs/frame_1784074820474.jpg,9,green,0.3869,1556.45,456.18,1458,392,134,146,-11.454,50.669,-35.36336489,149.16579514,10.00,calibration-file(no-undistort)
1784074820.557,detection_logs/frame_1784074820544.jpg,9,green,0.3881,1524.72,459.36,1424,390,132,146,-11.476,50.428,-35.36336509,149.16579249,10.00,calibration-file(no-undistort)
1784074820.623,detection_logs/frame_1784074820608.jpg,9,green,0.3901,1488.77,459.18,1390,384,130,146,-11.475,50.610,-35.36336508,149.16579449,10.00,calibration-file(no-undistort)
1784074820.694,detection_logs/frame_1784074820680.jpg,9,green,0.3982,1447.51,458.26,1350,384,128,144,-11.468,50.297,-35.36336502,149.16579105,10.00,calibration-file(no-undistort)
1784074820.761,detection_logs/frame_1784074820746.jpg,9,green,0.4032,1407.96,460.97,1320,392,128,144,-11.488,49.997,-35.36336520,149.16578774,10.00,calibration-file(no-undistort)
1784074820.829,detection_logs/frame_1784074820814.jpg,9,green,0.4064,1370.58,467.83,1292,404,128,144,-11.537,49.714,-35.36336563,149.16578462,10.00,calibration-file(no-undistort)
1784074820.900,detection_logs/frame_1784074820884.jpg,9,green,0.4121,1335.43,473.66,1264,408,126,142,-11.578,49.901,-35.36336601,149.16578669,10.00,calibration-file(no-undistort)
1784074820.967,detection_logs/frame_1784074820951.jpg,9,green,0.4066,1304.61,475.50,1242,402,126,144,-11.591,49.667,-35.36336612,149.16578411,10.00,calibration-file(no-undistort)
1784074821.027,detection_logs/frame_1784074821014.jpg,9,green,0.4036,1278.51,474.05,1224,396,124,144,-11.581,49.470,-35.36336603,149.16578193,10.00,calibration-file(no-undistort)
1784074821.114,detection_logs/frame_1784074821092.jpg,9,green,0.4157,1255.25,472.04,1202,396,126,142,-11.566,49.729,-35.36336590,149.16578479,10.00,calibration-file(no-undistort)
1784074821.165,detection_logs/frame_1784074821152.jpg,9,green,0.4049,1235.92,473.20,1188,402,124,144,-11.575,49.582,-35.36336598,149.16578318,10.00,calibration-file(no-undistort)
1784074821.244,detection_logs/frame_1784074821230.jpg,9,green,0.4056,1221.06,477.89,1176,412,124,144,-11.608,49.470,-35.36336628,149.16578194,10.00,calibration-file(no-undistort)
1784074821.299,detection_logs/frame_1784074821286.jpg,9,green,0.4062,1207.36,481.92,1160,414,124,144,-11.637,49.366,-35.36336653,149.16578079,10.00,calibration-file(no-undistort)
1784074821.375,detection_logs/frame_1784074821360.jpg,9,green,0.4112,1196.45,482.80,1150,410,124,142,-11.643,49.710,-35.36336659,149.16578458,10.00,calibration-file(no-undistort)
1784074821.430,detection_logs/frame_1784074821419.jpg,9,green,0.4095,1186.71,480.24,1138,402,126,144,-11.625,49.636,-35.36336643,149.16578377,10.00,calibration-file(no-undistort)
1784074821.504,detection_logs/frame_1784074821490.jpg,9,green,0.4066,1176.33,478.39,1124,402,124,144,-11.612,49.557,-35.36336631,149.16578290,10.00,calibration-file(no-undistort)
1784074821.574,detection_logs/frame_1784074821560.jpg,9,green,0.4087,1166.81,478.78,1114,408,124,144,-11.614,49.485,-35.36336633,149.16578211,10.00,calibration-file(no-undistort)
1784074821.643,detection_logs/frame_1784074821630.jpg,9,green,0.4143,1158.22,482.63,1104,418,124,142,-11.642,49.819,-35.36336658,149.16578579,10.00,calibration-file(no-undistort)
1784074821.710,detection_logs/frame_1784074821699.jpg,9,green,0.4162,1147.24,486.20,1088,420,124,142,-11.667,49.736,-35.36336681,149.16578487,10.00,calibration-file(no-undistort)
1784074821.782,detection_logs/frame_1784074821768.jpg,9,green,0.4097,1136.88,487.05,1078,414,124,144,-11.673,49.658,-35.36336686,149.16578401,10.00,calibration-file(no-undistort)
1784074821.843,detection_logs/frame_1784074821829.jpg,9,green,0.4100,1127.14,483.99,1068,406,124,144,-11.651,49.584,-35.36336667,149.16578319,10.00,calibration-file(no-undistort)
1784074821.922,detection_logs/frame_1784074821907.jpg,9,green,0.4205,1116.44,481.05,1054,406,126,142,-11.630,49.911,-35.36336648,149.16578680,10.00,calibration-file(no-undistort)
1784074821.989,detection_logs/frame_1784074821975.jpg,9,green,0.4150,1106.53,482.94,1046,414,126,144,-11.644,49.836,-35.36336660,149.16578597,10.00,calibration-file(no-undistort)
1784074822.052,detection_logs/frame_1784074822039.jpg,9,green,0.4119,1097.57,487.50,1038,422,124,144,-11.676,49.768,-35.36336689,149.16578522,10.00,calibration-file(no-undistort)
1784074822.142,detection_logs/frame_1784074822124.jpg,9,green,0.4101,1086.42,491.69,1024,424,124,144,-11.706,49.684,-35.36336716,149.16578429,10.00,calibration-file(no-undistort)
1784074822.193,detection_logs/frame_1784074822179.jpg,9,green,0.4140,1077.09,492.20,1016,418,126,144,-11.710,50.003,-35.36336719,149.16578781,10.00,calibration-file(no-undistort)
1784074822.272,detection_logs/frame_1784074822256.jpg,9,green,0.4156,1067.39,489.17,1006,412,124,142,-11.688,49.930,-35.36336700,149.16578700,10.00,calibration-file(no-undistort)
1784074822.325,detection_logs/frame_1784074822312.jpg,9,green,0.4117,1055.98,486.46,992,410,124,144,-11.669,49.843,-35.36336682,149.16578605,10.00,calibration-file(no-undistort)
1784074822.392,detection_logs/frame_1784074822379.jpg,9,green,0.4209,1045.30,487.18,982,418,126,142,-11.674,49.762,-35.36336687,149.16578516,10.00,calibration-file(no-undistort)
1784074822.471,detection_logs/frame_1784074822456.jpg,9,green,0.4170,1032.38,491.79,968,428,124,142,-11.707,50.037,-35.36336716,149.16578818,10.00,calibration-file(no-undistort)
1784074822.534,detection_logs/frame_1784074822520.jpg,9,green,0.4215,1018.67,496.01,952,430,126,142,-11.737,49.933,-35.36336743,149.16578703,10.00,calibration-file(no-undistort)
1784074822.606,detection_logs/frame_1784074822591.jpg,9,green,0.4100,1005.47,496.08,942,422,124,144,-11.737,49.833,-35.36336744,149.16578593,10.00,calibration-file(no-undistort)
1784074822.669,detection_logs/frame_1784074822649.jpg,9,green,0.4123,992.01,493.52,928,416,124,144,-11.719,50.121,-35.36336727,149.16578911,10.00,calibration-file(no-undistort)
1784074822.738,detection_logs/frame_1784074822722.jpg,9,green,0.4216,976.93,491.83,910,418,126,142,-11.707,50.007,-35.36336717,149.16578785,10.00,calibration-file(no-undistort)
1784074822.811,detection_logs/frame_1784074822795.jpg,9,green,0.4104,963.07,493.25,900,424,124,144,-11.717,49.901,-35.36336726,149.16578669,10.00,calibration-file(no-undistort)
1784074822.875,detection_logs/frame_1784074822860.jpg,9,green,0.4152,948.48,497.29,884,432,126,144,-11.746,49.791,-35.36336751,149.16578547,10.00,calibration-file(no-undistort)
1784074822.934,detection_logs/frame_1784074822921.jpg,9,green,0.4129,933.78,501.43,870,434,124,144,-11.775,50.070,-35.36336778,149.16578855,10.00,calibration-file(no-undistort)
1784074823.011,detection_logs/frame_1784074822993.jpg,9,green,0.4209,920.06,501.35,858,428,126,142,-11.775,49.966,-35.36336777,149.16578740,10.00,calibration-file(no-undistort)
1784074823.077,detection_logs/frame_1784074823062.jpg,9,green,0.4207,906.31,498.69,844,422,126,142,-11.756,49.862,-35.36336760,149.16578625,10.00,calibration-file(no-undistort)
1784074823.160,detection_logs/frame_1784074823143.jpg,9,green,0.4066,892.16,496.50,830,420,124,146,-11.740,49.754,-35.36336746,149.16578507,10.00,calibration-file(no-undistort)
1784074823.217,detection_logs/frame_1784074823203.jpg,9,green,0.4068,879.51,498.02,820,428,124,146,-11.751,50.040,-35.36336756,149.16578821,10.00,calibration-file(no-undistort)
1784074823.365,detection_logs/frame_1784074823352.jpg,9,green,0.4128,866.59,502.90,806,438,124,144,-11.786,49.942,-35.36336787,149.16578713,10.00,calibration-file(no-undistort)
1784074823.466,detection_logs/frame_1784074823452.jpg,9,green,0.4108,853.40,506.29,792,438,124,144,-11.810,49.842,-35.36336809,149.16578603,10.00,calibration-file(no-undistort)
1784074823.532,detection_logs/frame_1784074823516.jpg,9,green,0.4156,844.58,506.46,788,432,126,144,-11.811,49.775,-35.36336810,149.16578530,10.00,calibration-file(no-undistort)
1784074823.686,detection_logs/frame_1784074823672.jpg,9,green,0.4110,841.23,502.71,794,424,124,144,-11.784,50.140,-35.36336786,149.16578932,10.00,calibration-file(no-undistort)
1784074823.766,detection_logs/frame_1784074823752.jpg,9,green,0.4171,840.48,500.55,794,426,124,142,-11.769,50.134,-35.36336772,149.16578925,10.00,calibration-file(no-undistort)
1784074823.834,detection_logs/frame_1784074823819.jpg,9,green,0.4177,839.95,502.02,790,434,124,142,-11.779,50.130,-35.36336782,149.16578921,10.00,calibration-file(no-undistort)
1784074823.897,detection_logs/frame_1784074823883.jpg,9,green,0.4142,838.21,505.74,784,440,124,144,-11.806,50.117,-35.36336805,149.16578906,10.00,calibration-file(no-undistort)
1784074823.962,detection_logs/frame_1784074823949.jpg,9,green,0.4128,837.36,508.41,782,440,124,144,-11.825,50.501,-35.36336822,149.16579329,10.00,calibration-file(no-undistort)
1784074824.027,detection_logs/frame_1784074824015.jpg,9,green,0.4190,833.27,507.52,772,434,124,142,-11.818,50.470,-35.36336817,149.16579295,10.00,calibration-file(no-undistort)
1784074824.092,detection_logs/frame_1784074824082.jpg,9,green,0.4190,822.26,504.00,750,428,124,142,-11.793,50.386,-35.36336794,149.16579203,10.00,calibration-file(no-undistort)
1784074824.161,detection_logs/frame_1784074824148.jpg,9,green,0.4184,805.12,502.21,726,430,124,142,-11.781,50.256,-35.36336783,149.16579060,10.00,calibration-file(no-undistort)
1784074824.230,detection_logs/frame_1784074824218.jpg,9,green,0.4193,780.44,505.38,696,440,124,142,-11.803,50.505,-35.36336803,149.16579334,10.00,calibration-file(no-undistort)
1784074824.293,detection_logs/frame_1784074824280.jpg,9,green,0.4124,749.29,511.22,660,448,124,144,-11.845,50.269,-35.36336840,149.16579074,10.00,calibration-file(no-undistort)
1784074824.358,detection_logs/frame_1784074824346.jpg,9,green,0.4088,714.13,516.42,626,450,124,144,-11.882,50.002,-35.36336874,149.16578780,10.00,calibration-file(no-undistort)
1784074824.428,detection_logs/frame_1784074824416.jpg,9,green,0.4130,679.60,517.03,598,444,124,142,-11.886,50.185,-35.36336877,149.16578982,10.00,calibration-file(no-undistort)
1784074824.494,detection_logs/frame_1784074824481.jpg,9,green,0.4066,643.87,514.85,566,438,124,144,-11.871,49.914,-35.36336863,149.16578683,10.00,calibration-file(no-undistort)
1784074824.558,detection_logs/frame_1784074824547.jpg,9,green,0.4033,611.43,513.49,542,440,124,144,-11.861,49.669,-35.36336855,149.16578413,10.00,calibration-file(no-undistort)
1784074824.626,detection_logs/frame_1784074824614.jpg,9,green,0.4062,582.62,516.82,520,450,126,144,-11.885,49.450,-35.36336876,149.16578172,10.00,calibration-file(no-undistort)
1784074824.703,detection_logs/frame_1784074824688.jpg,9,green,0.3975,555.62,522.97,496,458,126,146,-11.928,49.699,-35.36336915,149.16578446,10.00,calibration-file(no-undistort)
1784074824.764,detection_logs/frame_1784074824752.jpg,9,green,0.4020,532.43,528.03,478,460,126,144,-11.964,49.524,-35.36336948,149.16578253,10.00,calibration-file(no-undistort)
1784074824.827,detection_logs/frame_1784074824814.jpg,9,green,0.4061,512.91,527.81,462,452,128,144,-11.963,49.376,-35.36336946,149.16578090,10.00,calibration-file(no-undistort)
1784074824.892,detection_logs/frame_1784074824879.jpg,9,green,0.3997,494.78,526.01,444,448,126,144,-11.950,49.238,-35.36336935,149.16577938,10.00,calibration-file(no-undistort)
1784074824.964,detection_logs/frame_1784074824949.jpg,9,green,0.3999,479.47,525.26,430,450,126,144,-11.945,49.558,-35.36336930,149.16578291,10.00,calibration-file(no-undistort)
1784074825.028,detection_logs/frame_1784074825017.jpg,9,green,0.3998,466.41,527.54,418,458,126,144,-11.961,49.459,-35.36336945,149.16578181,10.00,calibration-file(no-undistort)
1784074825.093,detection_logs/frame_1784074825081.jpg,9,green,0.4019,453.01,532.18,400,466,128,144,-11.994,49.357,-35.36336974,149.16578070,10.00,calibration-file(no-undistort)
1784074825.162,detection_logs/frame_1784074825149.jpg,9,green,0.3969,440.70,535.77,388,466,126,144,-12.019,49.264,-35.36336997,149.16577967,10.00,calibration-file(no-undistort)
1784074825.227,detection_logs/frame_1784074825214.jpg,9,green,0.3970,430.06,535.76,378,460,126,144,-12.019,49.601,-35.36336997,149.16578338,10.00,calibration-file(no-undistort)
1784074825.297,detection_logs/frame_1784074825285.jpg,9,green,0.3961,417.86,531.40,362,452,126,144,-11.988,49.508,-35.36336969,149.16578236,10.00,calibration-file(no-undistort)
1784074825.361,detection_logs/frame_1784074825349.jpg,9,green,0.3972,405.82,528.96,350,454,126,144,-11.971,49.417,-35.36336954,149.16578135,10.00,calibration-file(no-undistort)
1784074825.452,detection_logs/frame_1784074825434.jpg,9,green,0.3974,395.89,530.25,342,462,126,144,-11.980,49.732,-35.36336962,149.16578483,10.00,calibration-file(no-undistort)
1784074825.508,detection_logs/frame_1784074825495.jpg,9,green,0.3955,385.01,534.30,328,470,126,144,-12.009,49.650,-35.36336988,149.16578392,10.00,calibration-file(no-undistort)
1784074825.580,detection_logs/frame_1784074825566.jpg,9,green,0.3953,375.08,539.03,318,472,126,144,-12.042,49.574,-35.36337018,149.16578309,10.00,calibration-file(no-undistort)
1784074825.644,detection_logs/frame_1784074825628.jpg,9,green,0.3967,366.25,539.10,310,464,126,144,-12.043,49.507,-35.36337018,149.16578235,10.00,calibration-file(no-undistort)
1784074825.713,detection_logs/frame_1784074825699.jpg,9,green,0.3919,356.16,534.75,298,456,124,144,-12.012,49.821,-35.36336991,149.16578581,10.00,calibration-file(no-undistort)
1784074825.779,detection_logs/frame_1784074825765.jpg,9,green,0.3990,347.05,532.91,290,460,124,142,-11.999,49.752,-35.36336979,149.16578505,10.00,calibration-file(no-undistort)
1784074825.840,detection_logs/frame_1784074825829.jpg,9,green,0.3932,338.54,534.01,282,466,124,144,-12.007,49.688,-35.36336986,149.16578434,10.00,calibration-file(no-undistort)
1784074825.910,detection_logs/frame_1784074825899.jpg,9,green,0.4026,327.56,538.98,266,476,126,142,-12.042,49.604,-35.36337017,149.16578342,10.00,calibration-file(no-undistort)
1784074825.981,detection_logs/frame_1784074825968.jpg,9,green,0.3927,316.14,542.03,256,474,124,144,-12.064,49.908,-35.36337037,149.16578676,10.00,calibration-file(no-undistort)
1784074826.048,detection_logs/frame_1784074826035.jpg,9,green,0.3971,305.70,540.89,246,466,126,144,-12.056,49.829,-35.36337030,149.16578589,10.00,calibration-file(no-undistort)
1784074826.113,detection_logs/frame_1784074826102.jpg,9,green,0.3936,293.50,538.50,232,462,124,144,-12.039,49.737,-35.36337014,149.16578488,10.00,calibration-file(no-undistort)
1784074826.186,detection_logs/frame_1784074826173.jpg,9,green,0.3931,281.69,536.96,222,464,124,144,-12.028,49.647,-35.36337005,149.16578389,10.00,calibration-file(no-undistort)
1784074826.251,detection_logs/frame_1784074826237.jpg,9,green,0.3926,270.39,540.55,212,474,124,144,-12.053,49.943,-35.36337028,149.16578714,10.00,calibration-file(no-undistort)
1784074826.309,detection_logs/frame_1784074826297.jpg,9,green,0.3909,257.54,545.05,196,480,124,144,-12.085,49.845,-35.36337056,149.16578607,10.00,calibration-file(no-undistort)
1784074837.470,detection_logs/frame_1784074837459.jpg,10,green,0.4946,584.58,160.69,558,128,56,64,-4.345,57.817,-35.36330103,149.16587388,10.00,calibration-file(no-undistort)
1784074837.535,detection_logs/frame_1784074837526.jpg,10,green,0.5009,587.26,183.43,562,172,56,64,-4.173,57.855,-35.36329948,149.16587431,10.00,calibration-file(no-undistort)
1784074837.602,detection_logs/frame_1784074837591.jpg,10,green,0.4974,590.89,227.35,564,218,56,64,-4.485,57.883,-35.36330229,149.16587461,10.00,calibration-file(no-undistort)
1784074837.679,detection_logs/frame_1784074837665.jpg,10,green,0.5129,593.16,276.60,564,262,58,64,-4.835,57.900,-35.36330543,149.16587480,10.00,calibration-file(no-undistort)
1784074837.743,detection_logs/frame_1784074837730.jpg,10,green,0.4905,594.89,315.62,566,290,56,62,-5.112,57.913,-35.36330792,149.16587494,10.00,calibration-file(no-undistort)
1784074837.804,detection_logs/frame_1784074837792.jpg,10,green,0.4886,595.41,340.34,566,298,56,62,-5.042,57.917,-35.36330730,149.16587499,10.00,calibration-file(no-undistort)
1784074837.991,detection_logs/frame_1784074837979.jpg,10,green,0.4900,596.18,349.85,566,290,56,62,-5.110,57.923,-35.36330790,149.16587505,10.00,calibration-file(no-undistort)
1784074838.051,detection_logs/frame_1784074838040.jpg,10,green,0.4891,594.51,347.08,564,276,56,62,-5.090,57.910,-35.36330773,149.16587491,10.00,calibration-file(no-undistort)
1784074838.119,detection_logs/frame_1784074838107.jpg,11,green,0.4988,590.54,294.81,562,264,58,62,-4.719,57.880,-35.36330439,149.16587458,10.00,calibration-file(no-undistort)
1784074838.179,detection_logs/frame_1784074838168.jpg,11,green,0.4880,590.56,290.38,562,254,56,62,-4.521,57.880,-35.36330261,149.16587458,10.00,calibration-file(no-undistort)
1784074838.330,detection_logs/frame_1784074838320.jpg,11,green,0.4863,588.80,277.07,560,238,56,62,-4.426,57.867,-35.36330176,149.16587443,10.00,calibration-file(no-undistort)
1784074838.410,detection_logs/frame_1784074838399.jpg,11,green,0.4858,586.82,254.50,558,212,56,62,-4.266,57.852,-35.36330032,149.16587427,10.00,calibration-file(no-undistort)
1784074838.477,detection_logs/frame_1784074838467.jpg,11,green,0.5056,583.27,226.98,554,182,58,64,-3.992,57.825,-35.36329786,149.16587397,10.00,calibration-file(no-undistort)
1784074838.559,detection_logs/frame_1784074838547.jpg,11,green,0.5061,580.40,200.20,552,158,58,64,-3.802,57.803,-35.36329615,149.16587373,10.00,calibration-file(no-undistort)
1784074838.613,detection_logs/frame_1784074838601.jpg,11,green,0.5038,577.38,177.94,550,144,58,64,-3.644,57.780,-35.36329473,149.16587348,10.00,calibration-file(no-undistort)
1784074838.676,detection_logs/frame_1784074838662.jpg,11,green,0.5015,577.01,162.78,550,138,58,64,-3.536,57.778,-35.36329376,149.16587345,10.00,calibration-file(no-undistort)
1784074838.742,detection_logs/frame_1784074838730.jpg,11,green,0.5140,575.53,150.26,548,126,58,66,-3.436,57.766,-35.36329287,149.16587333,10.00,calibration-file(no-undistort)
1784074838.815,detection_logs/frame_1784074838801.jpg,11,green,0.5260,574.79,136.01,546,108,60,66,-3.335,57.761,-35.36329196,149.16587326,10.00,calibration-file(no-undistort)
1784074839.016,detection_logs/frame_1784074839004.jpg,11,green,0.4636,569.15,109.46,546,108,56,24,-3.135,57.718,-35.36329016,149.16587279,10.00,calibration-file(no-undistort)
1784074839.217,detection_logs/frame_1784074839204.jpg,11,green,0.4167,569.68,106.03,550,108,50,20,-3.111,57.722,-35.36328994,149.16587284,10.00,calibration-file(no-undistort)
1784074839.555,detection_logs/frame_1784074839543.jpg,11,green,0.4698,574.39,112.54,552,108,48,20,-3.123,57.758,-35.36329006,149.16587323,10.00,calibration-file(no-undistort)
1784074839.636,detection_logs/frame_1784074839624.jpg,11,green,0.4275,575.64,116.09,552,108,48,18,-3.149,57.767,-35.36329029,149.16587334,10.00,calibration-file(no-undistort)
1784074839.827,detection_logs/frame_1784074839813.jpg,11,green,0.4553,577.77,118.95,554,108,46,18,-3.158,57.783,-35.36329037,149.16587351,10.00,calibration-file(no-undistort)
1784074841.108,detection_logs/frame_1784074841096.jpg,12,green,0.5355,528.13,142.99,498,108,60,66,-3.228,57.389,-35.36329100,149.16586917,10.00,calibration-file(no-undistort)
1784074841.176,detection_logs/frame_1784074841163.jpg,12,green,0.5444,511.13,143.72,462,110,62,66,-3.234,57.260,-35.36329105,149.16586775,10.00,calibration-file(no-undistort)
1784074843.058,detection_logs/frame_1784074843047.jpg,13,green,0.3564,905.20,122.63,878,108,44,20,-3.062,58.287,-35.36328950,149.16587906,10.00,calibration-file(no-undistort)
1784074843.389,detection_logs/frame_1784074843376.jpg,13,green,0.4051,970.10,118.81,948,108,44,16,-3.057,58.370,-35.36328946,149.16587998,10.00,calibration-file(no-undistort)
1784074851.098,detection_logs/frame_1784074851082.jpg,14,red,0.7765,1157.30,358.76,1112,316,92,86,-4.761,48.197,-35.36330477,149.16576791,10.00,calibration-file(no-undistort)
1784074853.041,detection_logs/frame_1784074853028.jpg,15,red,0.6128,1441.77,341.18,1378,298,126,86,-4.637,48.075,-35.36330365,149.16576657,10.00,calibration-file(no-undistort)
1784074853.176,detection_logs/frame_1784074853166.jpg,15,red,0.6098,1440.13,351.81,1376,312,126,86,-4.712,47.672,-35.36330433,149.16576213,10.00,calibration-file(no-undistort)
1784074853.451,detection_logs/frame_1784074853440.jpg,15,red,0.5776,1487.46,344.91,1428,298,132,86,-4.663,47.622,-35.36330389,149.16576158,10.00,calibration-file(no-undistort)
1784074853.582,detection_logs/frame_1784074853569.jpg,15,red,0.5424,1544.97,345.67,1496,302,138,88,-4.668,48.058,-35.36330394,149.16576639,10.00,calibration-file(no-undistort)
1784074853.653,detection_logs/frame_1784074853640.jpg,15,red,0.5244,1582.77,340.98,1534,292,142,88,-4.635,47.900,-35.36330364,149.16576464,10.00,calibration-file(no-undistort)
1784074853.718,detection_logs/frame_1784074853706.jpg,15,red,0.4996,1618.73,333.43,1566,280,146,90,-4.581,48.172,-35.36330316,149.16576765,10.00,calibration-file(no-undistort)
1784074862.833,detection_logs/frame_1784074862817.jpg,16,green,0.6928,256.50,886.50,192,834,130,106,-8.511,23.992,-35.36333846,149.16550129,10.00,calibration-file(no-undistort)
1784074862.896,detection_logs/frame_1784074862882.jpg,16,green,0.7014,262.54,886.00,204,832,130,108,-8.507,24.038,-35.36333842,149.16550179,10.00,calibration-file(no-undistort)
1784074862.974,detection_logs/frame_1784074862957.jpg,16,green,0.7076,273.69,880.34,216,824,128,106,-8.467,23.759,-35.36333806,149.16549872,10.00,calibration-file(no-undistort)
1784074863.041,detection_logs/frame_1784074863022.jpg,16,green,0.7187,289.69,872.36,234,816,126,106,-8.411,23.881,-35.36333755,149.16550006,10.00,calibration-file(no-undistort)
1784074863.117,detection_logs/frame_1784074863100.jpg,16,green,0.7249,303.94,868.14,246,816,124,106,-8.381,23.989,-35.36333728,149.16550125,10.00,calibration-file(no-undistort)
1784074863.177,detection_logs/frame_1784074863157.jpg,16,green,0.7250,316.40,870.01,256,824,124,106,-8.394,24.083,-35.36333740,149.16550229,10.00,calibration-file(no-undistort)
1784074863.250,detection_logs/frame_1784074863234.jpg,16,green,0.7336,331.04,874.28,274,830,122,106,-8.424,23.813,-35.36333768,149.16549931,10.00,calibration-file(no-undistort)
1784074863.340,detection_logs/frame_1784074863326.jpg,16,green,0.7398,344.35,876.43,286,828,120,106,-8.439,23.914,-35.36333781,149.16550042,10.00,calibration-file(no-undistort)
1784074863.403,detection_logs/frame_1784074863388.jpg,16,green,0.7461,357.20,873.77,298,818,120,106,-8.421,24.011,-35.36333764,149.16550150,10.00,calibration-file(no-undistort)
1784074863.471,detection_logs/frame_1784074863450.jpg,16,green,0.7547,370.95,868.65,314,810,118,106,-8.384,24.115,-35.36333732,149.16550264,10.00,calibration-file(no-undistort)
1784074863.544,detection_logs/frame_1784074863524.jpg,16,green,0.7590,382.92,865.88,324,812,116,106,-8.364,23.816,-35.36333714,149.16549934,10.00,calibration-file(no-undistort)
1784074863.697,detection_logs/frame_1784074863680.jpg,16,green,0.7634,394.77,867.32,336,820,116,106,-8.375,23.906,-35.36333723,149.16550033,10.00,calibration-file(no-undistort)
1784074863.782,detection_logs/frame_1784074863763.jpg,16,green,0.7689,407.76,870.27,352,824,114,106,-8.396,24.004,-35.36333742,149.16550142,10.00,calibration-file(no-undistort)
1784074863.848,detection_logs/frame_1784074863833.jpg,16,green,0.7709,418.43,871.82,360,822,112,106,-8.407,24.085,-35.36333752,149.16550231,10.00,calibration-file(no-undistort)
1784074864.015,detection_logs/frame_1784074864001.jpg,16,green,0.7766,422.13,869.79,354,814,112,106,-8.392,23.732,-35.36333739,149.16549842,10.00,calibration-file(no-undistort)
1784074864.100,detection_logs/frame_1784074864081.jpg,16,green,0.7780,422.75,866.67,354,810,110,106,-8.370,23.737,-35.36333719,149.16549847,10.00,calibration-file(no-undistort)
1784074864.157,detection_logs/frame_1784074864141.jpg,16,green,0.7839,422.57,866.40,356,814,110,108,-8.368,23.735,-35.36333717,149.16549846,10.00,calibration-file(no-undistort)
1784074864.236,detection_logs/frame_1784074864219.jpg,16,green,0.7849,423.73,870.35,362,824,110,108,-8.396,23.345,-35.36333742,149.16549415,10.00,calibration-file(no-undistort)
1784074864.293,detection_logs/frame_1784074864281.jpg,16,green,0.7858,425.74,875.00,368,828,108,108,-8.429,23.360,-35.36333772,149.16549432,10.00,calibration-file(no-undistort)
1784074864.354,detection_logs/frame_1784074864342.jpg,16,green,0.7973,431.35,876.40,380,824,108,106,-8.439,23.402,-35.36333781,149.16549479,10.00,calibration-file(no-undistort)
1784074864.421,detection_logs/frame_1784074864409.jpg,16,green,0.8070,445.74,872.44,410,812,102,106,-8.411,23.511,-35.36333756,149.16549599,10.00,calibration-file(no-undistort)
1784074864.487,detection_logs/frame_1784074864474.jpg,16,green,0.8206,467.78,866.91,440,806,102,106,-8.372,23.243,-35.36333720,149.16549303,10.00,calibration-file(no-undistort)
1784074864.554,detection_logs/frame_1784074864542.jpg,16,green,0.8253,495.17,863.20,472,808,98,104,-8.345,23.450,-35.36333697,149.16549532,10.00,calibration-file(no-undistort)
1784074864.625,detection_logs/frame_1784074864613.jpg,16,green,0.8350,529.61,862.63,512,812,96,106,-8.341,23.711,-35.36333693,149.16549819,10.00,calibration-file(no-undistort)
1784074864.695,detection_logs/frame_1784074864682.jpg,16,green,0.8465,566.31,862.86,546,814,94,104,-8.343,23.990,-35.36333695,149.16550126,10.00,calibration-file(no-undistort)
1784074864.765,detection_logs/frame_1784074864751.jpg,16,green,0.8556,602.81,859.25,578,804,90,104,-8.317,23.812,-35.36333672,149.16549931,10.00,calibration-file(no-undistort)
1784074864.826,detection_logs/frame_1784074864811.jpg,16,green,0.8656,639.77,851.92,612,792,88,104,-8.265,24.093,-35.36333625,149.16550239,10.00,calibration-file(no-undistort)
1784074864.895,detection_logs/frame_1784074864879.jpg,16,green,0.8703,674.63,845.12,640,788,88,104,-8.217,24.357,-35.36333581,149.16550530,10.00,calibration-file(no-undistort)
1784074864.976,detection_logs/frame_1784074864962.jpg,16,green,0.8774,705.58,842.12,664,792,86,104,-8.196,24.592,-35.36333562,149.16550789,10.00,calibration-file(no-undistort)
1784074865.056,detection_logs/frame_1784074865031.jpg,16,green,0.8774,734.23,842.86,690,798,84,104,-8.201,24.346,-35.36333567,149.16550518,10.00,calibration-file(no-undistort)
1784074865.098,detection_logs/frame_1784074865085.jpg,16,green,0.8863,759.16,845.13,710,802,84,102,-8.217,24.535,-35.36333581,149.16550726,10.00,calibration-file(no-undistort)
1784074865.162,detection_logs/frame_1784074865152.jpg,16,green,0.8914,779.78,843.99,728,794,80,102,-8.209,24.691,-35.36333574,149.16550899,10.00,calibration-file(no-undistort)
1784074865.231,detection_logs/frame_1784074865218.jpg,16,green,0.8956,798.19,839.34,746,784,80,102,-8.176,24.831,-35.36333545,149.16551052,10.00,calibration-file(no-undistort)
1784074865.300,detection_logs/frame_1784074865287.jpg,16,green,0.8992,814.03,834.50,762,780,78,102,-8.141,24.506,-35.36333514,149.16550695,10.00,calibration-file(no-undistort)
1784074865.370,detection_logs/frame_1784074865357.jpg,16,green,0.9018,826.64,833.62,774,786,76,102,-8.135,24.602,-35.36333508,149.16550800,10.00,calibration-file(no-undistort)
1784074865.428,detection_logs/frame_1784074865417.jpg,16,green,0.9004,839.58,836.57,792,794,74,102,-8.156,24.700,-35.36333527,149.16550908,10.00,calibration-file(no-undistort)
1784074865.495,detection_logs/frame_1784074865482.jpg,16,green,0.9061,852.30,839.89,808,796,72,102,-8.180,24.378,-35.36333548,149.16550554,10.00,calibration-file(no-undistort)
1784074865.563,detection_logs/frame_1784074865552.jpg,16,green,0.9101,863.09,839.31,818,788,72,102,-8.176,24.460,-35.36333544,149.16550644,10.00,calibration-file(no-undistort)
1784074865.643,detection_logs/frame_1784074865629.jpg,16,green,0.9118,875.06,835.67,836,780,68,102,-8.150,24.551,-35.36333521,149.16550744,10.00,calibration-file(no-undistort)
1784074865.708,detection_logs/frame_1784074865691.jpg,16,green,0.9131,887.31,831.40,850,776,68,102,-8.119,24.644,-35.36333494,149.16550847,10.00,calibration-file(no-undistort)
1784074865.769,detection_logs/frame_1784074865753.jpg,16,green,0.9189,898.71,831.18,860,784,70,100,-8.118,24.331,-35.36333492,149.16550502,10.00,calibration-file(no-undistort)
1784074865.845,detection_logs/frame_1784074865830.jpg,16,green,0.9139,911.55,834.07,876,790,70,102,-8.138,24.428,-35.36333511,149.16550609,10.00,calibration-file(no-undistort)
1784074865.901,detection_logs/frame_1784074865887.jpg,16,green,0.9188,923.95,836.82,888,792,70,100,-8.158,24.522,-35.36333528,149.16550713,10.00,calibration-file(no-undistort)
1784074865.981,detection_logs/frame_1784074865968.jpg,16,green,0.9188,935.25,835.70,898,784,70,100,-8.150,24.608,-35.36333521,149.16550807,10.00,calibration-file(no-undistort)
1784074866.040,detection_logs/frame_1784074866027.jpg,16,green,0.9188,947.38,831.62,912,776,70,100,-8.121,24.300,-35.36333495,149.16550468,10.00,calibration-file(no-undistort)
1784074866.111,detection_logs/frame_1784074866094.jpg,16,green,0.9198,958.97,827.39,922,774,72,98,-8.091,24.388,-35.36333468,149.16550565,10.00,calibration-file(no-undistort)
1784074866.179,detection_logs/frame_1784074866164.jpg,16,green,0.9168,969.78,826.79,930,780,76,98,-8.087,24.470,-35.36333464,149.16550655,10.00,calibration-file(no-undistort)
1784074866.241,detection_logs/frame_1784074866227.jpg,16,green,0.9134,981.65,829.40,944,786,76,100,-8.105,24.560,-35.36333481,149.16550754,10.00,calibration-file(no-undistort)
1784074866.309,detection_logs/frame_1784074866294.jpg,16,green,0.9134,993.16,831.95,954,788,78,98,-8.123,24.266,-35.36333497,149.16550431,10.00,calibration-file(no-undistort)
1784074866.378,detection_logs/frame_1784074866363.jpg,16,green,0.9095,1003.20,831.10,962,780,78,100,-8.117,24.342,-35.36333492,149.16550514,10.00,calibration-file(no-undistort)
1784074866.444,detection_logs/frame_1784074866429.jpg,16,green,0.9095,1014.98,826.43,976,770,80,100,-8.084,24.432,-35.36333462,149.16550613,10.00,calibration-file(no-undistort)
1784074866.514,detection_logs/frame_1784074866497.jpg,16,green,0.9095,1027.29,822.17,988,768,82,100,-8.054,24.135,-35.36333435,149.16550286,10.00,calibration-file(no-undistort)
1784074866.592,detection_logs/frame_1784074866575.jpg,16,green,0.9050,1039.19,821.99,998,776,84,98,-8.053,24.225,-35.36333434,149.16550385,10.00,calibration-file(no-undistort)
1784074866.656,detection_logs/frame_1784074866641.jpg,16,green,0.8969,1052.76,824.52,1014,782,84,98,-8.071,24.328,-35.36333450,149.16550498,10.00,calibration-file(no-undistort)
1784074866.720,detection_logs/frame_1784074866704.jpg,16,green,0.8994,1066.37,826.60,1026,782,86,98,-8.085,24.431,-35.36333463,149.16550612,10.00,calibration-file(no-undistort)
1784074866.790,detection_logs/frame_1784074866774.jpg,16,green,0.8959,1079.13,825.01,1036,774,88,98,-8.074,24.146,-35.36333453,149.16550298,10.00,calibration-file(no-undistort)
1784074866.851,detection_logs/frame_1784074866836.jpg,16,green,0.8940,1092.42,819.81,1050,764,88,98,-8.037,24.247,-35.36333420,149.16550409,10.00,calibration-file(no-undistort)
1784074866.918,detection_logs/frame_1784074866904.jpg,16,green,0.8882,1104.90,816.01,1060,764,90,98,-8.010,24.342,-35.36333396,149.16550514,10.00,calibration-file(no-undistort)
1784074866.995,detection_logs/frame_1784074866978.jpg,16,green,0.8849,1116.75,815.80,1070,770,92,98,-8.009,24.432,-35.36333394,149.16550613,10.00,calibration-file(no-undistort)
1784074867.071,detection_logs/frame_1784074867056.jpg,16,green,0.8805,1130.94,818.33,1088,776,92,98,-8.027,24.167,-35.36333410,149.16550321,10.00,calibration-file(no-undistort)
1784074867.131,detection_logs/frame_1784074867116.jpg,16,green,0.8737,1144.90,820.44,1100,776,94,98,-8.042,24.273,-35.36333424,149.16550438,10.00,calibration-file(no-undistort)
1784074867.184,detection_logs/frame_1784074867173.jpg,16,green,0.8700,1158.63,818.88,1112,768,96,98,-8.031,24.377,-35.36333414,149.16550552,10.00,calibration-file(no-undistort)
1784074867.254,detection_logs/frame_1784074867240.jpg,16,green,0.8656,1173.35,814.51,1128,760,96,98,-7.999,24.488,-35.36333386,149.16550675,10.00,calibration-file(no-undistort)
1784074867.453,detection_logs/frame_1784074867437.jpg,16,green,0.8603,1187.58,809.72,1140,756,98,98,-7.965,24.215,-35.36333355,149.16550374,10.00,calibration-file(no-undistort)
1784074867.527,detection_logs/frame_1784074867513.jpg,16,green,0.8536,1197.40,809.56,1142,764,100,98,-7.964,24.289,-35.36333354,149.16550456,10.00,calibration-file(no-undistort)
1784074867.667,detection_logs/frame_1784074867653.jpg,16,green,0.8506,1201.12,812.15,1138,770,100,98,-7.983,24.318,-35.36333371,149.16550487,10.00,calibration-file(no-undistort)
1784074867.744,detection_logs/frame_1784074867728.jpg,16,green,0.8465,1204.06,814.30,1142,770,102,98,-7.998,24.340,-35.36333385,149.16550512,10.00,calibration-file(no-undistort)
1784074867.810,detection_logs/frame_1784074867799.jpg,16,green,0.8422,1206.33,812.78,1146,762,102,98,-7.987,23.967,-35.36333375,149.16550101,10.00,calibration-file(no-undistort)
1784074867.874,detection_logs/frame_1784074867863.jpg,16,green,0.8371,1207.56,808.05,1146,754,106,96,-7.954,23.976,-35.36333345,149.16550111,10.00,calibration-file(no-undistort)
1784074867.942,detection_logs/frame_1784074867931.jpg,16,green,0.8338,1207.44,803.79,1146,752,106,96,-7.923,23.975,-35.36333318,149.16550110,10.00,calibration-file(no-undistort)
1784074868.011,detection_logs/frame_1784074867997.jpg,16,green,0.8273,1211.33,803.24,1158,758,106,96,-7.919,23.587,-35.36333314,149.16549682,10.00,calibration-file(no-undistort)
1784074868.078,detection_logs/frame_1784074868066.jpg,16,green,0.8206,1222.00,805.52,1178,764,108,96,-7.936,23.668,-35.36333329,149.16549772,10.00,calibration-file(no-undistort)
1784074868.151,detection_logs/frame_1784074868141.jpg,16,green,0.8103,1238.51,807.06,1200,762,110,98,-7.947,23.793,-35.36333339,149.16549909,10.00,calibration-file(no-undistort)
1784074868.211,detection_logs/frame_1784074868198.jpg,16,green,0.8007,1263.54,805.10,1232,754,114,98,-7.933,23.983,-35.36333326,149.16550119,10.00,calibration-file(no-undistort)
1784074868.294,detection_logs/frame_1784074868276.jpg,16,green,0.7889,1295.74,800.07,1268,746,116,96,-7.897,23.782,-35.36333294,149.16549897,10.00,calibration-file(no-undistort)
1784074868.349,detection_logs/frame_1784074868333.jpg,16,green,0.7782,1330.28,796.04,1298,744,118,98,-7.868,24.044,-35.36333268,149.16550186,10.00,calibration-file(no-undistort)
1784074868.419,detection_logs/frame_1784074868404.jpg,16,green,0.7607,1367.49,796.49,1332,752,120,98,-7.871,24.326,-35.36333271,149.16550497,10.00,calibration-file(no-undistort)
1784074868.481,detection_logs/frame_1784074868466.jpg,16,green,0.7478,1405.69,799.14,1364,756,124,100,-7.890,24.616,-35.36333288,149.16550816,10.00,calibration-file(no-undistort)
1784074868.558,detection_logs/frame_1784074868544.jpg,16,green,0.7403,1440.48,800.13,1388,754,126,98,-7.897,24.435,-35.36333294,149.16550616,10.00,calibration-file(no-undistort)
1784074868.623,detection_logs/frame_1784074868607.jpg,16,green,0.7293,1473.09,797.75,1414,746,128,98,-7.880,24.682,-35.36333279,149.16550888,10.00,calibration-file(no-undistort)
1784074868.690,detection_logs/frame_1784074868675.jpg,16,green,0.7187,1504.28,792.80,1440,738,132,98,-7.845,24.918,-35.36333248,149.16551149,10.00,calibration-file(no-undistort)
1784074868.753,detection_logs/frame_1784074868737.jpg,16,green,0.7095,1531.10,789.24,1460,738,132,98,-7.820,25.122,-35.36333225,149.16551373,10.00,calibration-file(no-undistort)
1784074868.816,detection_logs/frame_1784074868804.jpg,16,green,0.6949,1555.05,789.65,1480,744,134,100,-7.823,24.858,-35.36333227,149.16551083,10.00,calibration-file(no-undistort)
1784074868.884,detection_logs/frame_1784074868872.jpg,16,green,0.6815,1576.61,792.67,1498,750,138,100,-7.844,25.022,-35.36333247,149.16551263,10.00,calibration-file(no-undistort)
1784074868.953,detection_logs/frame_1784074868942.jpg,16,green,0.6771,1592.98,794.32,1508,748,140,100,-7.856,25.146,-35.36333257,149.16551400,10.00,calibration-file(no-undistort)
1784074869.015,detection_logs/frame_1784074869001.jpg,16,green,0.6723,1606.93,791.61,1522,738,140,100,-7.837,25.252,-35.36333240,149.16551516,10.00,calibration-file(no-undistort)
1784074869.084,detection_logs/frame_1784074869071.jpg,16,green,0.6630,1619.84,786.79,1536,732,142,98,-7.803,24.923,-35.36333209,149.16551154,10.00,calibration-file(no-undistort)
1784074869.154,detection_logs/frame_1784074869142.jpg,16,green,0.6576,1629.92,783.30,1544,732,144,98,-7.778,24.999,-35.36333187,149.16551238,10.00,calibration-file(no-undistort)
1784074869.217,detection_logs/frame_1784074869207.jpg,16,green,0.6520,1640.20,783.35,1558,738,144,98,-7.778,25.077,-35.36333187,149.16551324,10.00,calibration-file(no-undistort)
1784074869.291,detection_logs/frame_1784074869280.jpg,16,green,0.6381,1652.16,786.48,1574,744,146,100,-7.800,24.750,-35.36333207,149.16550964,10.00,calibration-file(no-undistort)
1784074886.738,detection_logs/frame_1784074886727.jpg,17,green,0.3440,1398.84,190.38,1324,120,146,144,-2.508,3.984,-35.36328453,149.16528088,10.00,calibration-file(no-undistort)
1784074886.806,detection_logs/frame_1784074886793.jpg,17,green,0.3544,1396.19,216.98,1320,174,146,140,-2.697,3.964,-35.36328622,149.16528066,10.00,calibration-file(no-undistort)
1784074886.869,detection_logs/frame_1784074886857.jpg,17,green,0.3621,1393.82,260.52,1320,214,144,140,-3.006,3.946,-35.36328900,149.16528047,10.00,calibration-file(no-undistort)
1784074886.942,detection_logs/frame_1784074886929.jpg,17,green,0.3671,1392.42,301.99,1320,244,144,140,-2.844,3.935,-35.36328755,149.16528035,10.00,calibration-file(no-undistort)
1784074887.006,detection_logs/frame_1784074886995.jpg,17,green,0.3635,1392.52,334.43,1320,266,146,140,-3.075,3.936,-35.36328962,149.16528036,10.00,calibration-file(no-undistort)
1784074887.076,detection_logs/frame_1784074887064.jpg,17,green,0.3661,1391.49,366.06,1320,298,144,138,-3.299,3.928,-35.36329164,149.16528027,10.00,calibration-file(no-undistort)
1784074887.145,detection_logs/frame_1784074887132.jpg,17,green,0.3669,1392.77,399.01,1322,332,144,138,-3.099,3.947,-35.36328984,149.16528048,10.00,calibration-file(no-undistort)
1784074887.206,detection_logs/frame_1784074887194.jpg,17,green,0.3710,1393.41,427.39,1322,354,144,138,-3.301,3.952,-35.36329165,149.16528053,10.00,calibration-file(no-undistort)
1784074887.280,detection_logs/frame_1784074887267.jpg,17,green,0.3763,1394.09,449.60,1322,368,146,140,-3.459,3.957,-35.36329307,149.16528059,10.00,calibration-file(no-undistort)
1784074887.346,detection_logs/frame_1784074887335.jpg,17,green,0.3635,1394.59,465.93,1324,378,144,140,-3.575,3.961,-35.36329411,149.16528063,10.00,calibration-file(no-undistort)
1784074887.407,detection_logs/frame_1784074887394.jpg,17,green,0.3629,1396.14,475.49,1326,382,144,140,-3.220,3.982,-35.36329092,149.16528086,10.00,calibration-file(no-undistort)
1784074887.479,detection_logs/frame_1784074887468.jpg,17,green,0.3630,1397.20,485.37,1326,398,144,140,-3.290,3.990,-35.36329155,149.16528095,10.00,calibration-file(no-undistort)
1784074887.537,detection_logs/frame_1784074887525.jpg,17,green,0.3586,1397.73,498.50,1326,420,144,140,-3.383,3.994,-35.36329239,149.16528099,10.00,calibration-file(no-undistort)
1784074887.605,detection_logs/frame_1784074887593.jpg,17,green,0.3625,1399.48,510.49,1328,432,144,140,-3.468,4.007,-35.36329316,149.16528114,10.00,calibration-file(no-undistort)
1784074887.683,detection_logs/frame_1784074887668.jpg,17,green,0.3559,1400.24,520.39,1328,440,144,142,-3.160,4.013,-35.36329039,149.16528120,10.00,calibration-file(no-undistort)
1784074887.741,detection_logs/frame_1784074887730.jpg,17,green,0.3611,1401.74,526.56,1330,444,144,140,-3.204,4.024,-35.36329078,149.16528133,10.00,calibration-file(no-undistort)
1784074887.819,detection_logs/frame_1784074887805.jpg,17,green,0.3562,1402.30,529.18,1330,444,144,140,-3.223,4.028,-35.36329095,149.16528137,10.00,calibration-file(no-undistort)
1784074887.872,detection_logs/frame_1784074887859.jpg,17,green,0.3598,1403.70,533.24,1332,454,144,142,-3.252,4.039,-35.36329121,149.16528149,10.00,calibration-file(no-undistort)
1784074887.944,detection_logs/frame_1784074887930.jpg,17,green,0.3553,1405.72,542.34,1334,474,144,140,-2.949,4.054,-35.36328849,149.16528166,10.00,calibration-file(no-undistort)
1784074888.013,detection_logs/frame_1784074888000.jpg,17,green,0.3502,1406.80,552.93,1334,486,144,140,-3.024,4.062,-35.36328917,149.16528175,10.00,calibration-file(no-undistort)
1784074888.079,detection_logs/frame_1784074888067.jpg,17,green,0.3518,1407.80,562.09,1334,492,146,142,-3.089,4.070,-35.36328975,149.16528183,10.00,calibration-file(no-undistort)
1784074888.144,detection_logs/frame_1784074888132.jpg,17,green,0.3572,1408.80,568.42,1336,494,144,142,-3.134,4.078,-35.36329015,149.16528192,10.00,calibration-file(no-undistort)
1784074888.212,detection_logs/frame_1784074888200.jpg,17,green,0.3470,1409.27,571.09,1336,492,144,142,-2.786,4.081,-35.36328702,149.16528196,10.00,calibration-file(no-undistort)
1784074888.295,detection_logs/frame_1784074888280.jpg,17,green,0.3502,1410.06,576.62,1336,504,146,142,-2.825,4.087,-35.36328738,149.16528202,10.00,calibration-file(no-undistort)
1784074888.352,detection_logs/frame_1784074888340.jpg,17,green,0.3471,1410.93,587.30,1338,524,144,140,-2.901,4.094,-35.36328806,149.16528209,10.00,calibration-file(no-undistort)
1784074888.420,detection_logs/frame_1784074888410.jpg,17,green,0.3447,1411.31,599.88,1338,536,144,142,-2.645,4.097,-35.36328576,149.16528213,10.00,calibration-file(no-undistort)
1784074888.482,detection_logs/frame_1784074888471.jpg,17,green,0.3478,1412.01,611.86,1338,546,146,142,-2.730,4.102,-35.36328653,149.16528219,10.00,calibration-file(no-undistort)
1784074888.554,detection_logs/frame_1784074888542.jpg,17,green,0.3488,1412.22,620.40,1338,550,146,140,-2.791,4.104,-35.36328707,149.16528220,10.00,calibration-file(no-undistort)
1784074888.624,detection_logs/frame_1784074888611.jpg,17,green,0.3483,1412.23,626.73,1338,552,146,140,-2.836,4.104,-35.36328748,149.16528220,10.00,calibration-file(no-undistort)
1784074888.695,detection_logs/frame_1784074888682.jpg,17,green,0.3518,1413.53,636.13,1340,566,146,142,-2.558,4.113,-35.36328498,149.16528231,10.00,calibration-file(no-undistort)
1784074888.775,detection_logs/frame_1784074888761.jpg,17,green,0.3463,1413.99,649.99,1340,588,146,140,-2.656,4.117,-35.36328586,149.16528235,10.00,calibration-file(no-undistort)
1784074888.826,detection_logs/frame_1784074888813.jpg,17,green,0.3477,1414.03,665.08,1340,602,146,142,-2.763,4.117,-35.36328682,149.16528235,10.00,calibration-file(no-undistort)
1784074888.890,detection_logs/frame_1784074888878.jpg,17,green,0.3463,1414.42,680.62,1340,616,148,142,-2.874,4.120,-35.36328782,149.16528239,10.00,calibration-file(no-undistort)
1784074888.962,detection_logs/frame_1784074888949.jpg,17,green,0.3430,1415.27,691.87,1342,620,146,142,-2.575,4.127,-35.36328513,149.16528246,10.00,calibration-file(no-undistort)
1784074889.036,detection_logs/frame_1784074889022.jpg,17,green,0.3481,1415.86,700.18,1342,624,146,142,-2.634,4.131,-35.36328566,149.16528251,10.00,calibration-file(no-undistort)
1784074889.104,detection_logs/frame_1784074889091.jpg,17,green,0.3531,1416.56,713.09,1342,644,148,142,-2.726,4.136,-35.36328649,149.16528257,10.00,calibration-file(no-undistort)
1784074889.164,detection_logs/frame_1784074889151.jpg,17,green,0.3445,1417.26,734.78,1344,680,148,142,-2.880,4.142,-35.36328787,149.16528262,10.00,calibration-file(no-undistort)
1784074889.229,detection_logs/frame_1784074889217.jpg,17,green,0.3427,1420.53,769.32,1350,728,148,144,-2.769,4.167,-35.36328688,149.16528290,10.00,calibration-file(no-undistort)
1784074889.390,detection_logs/frame_1784074889374.jpg,17,green,0.3275,1425.27,811.64,1356,774,148,146,-3.070,4.202,-35.36328958,149.16528329,10.00,calibration-file(no-undistort)
1784074889.496,detection_logs/frame_1784074889483.jpg,17,green,0.3304,1430.87,858.17,1360,818,152,146,-3.401,4.245,-35.36329255,149.16528376,10.00,calibration-file(no-undistort)
1784074889.840,detection_logs/frame_1784074889828.jpg,18,green,0.3524,1427.39,899.44,1354,832,148,140,-2.748,4.219,-35.36328668,149.16528347,10.00,calibration-file(no-undistort)
1784074889.913,detection_logs/frame_1784074889899.jpg,18,green,0.3524,1427.21,896.30,1352,822,150,142,-2.714,4.217,-35.36328638,149.16528345,10.00,calibration-file(no-undistort)
1784074889.980,detection_logs/frame_1784074889967.jpg,18,green,0.3537,1426.37,885.98,1352,810,148,142,-2.641,4.211,-35.36328572,149.16528338,10.00,calibration-file(no-undistort)
1784074890.041,detection_logs/frame_1784074890029.jpg,18,green,0.3456,1426.06,880.82,1352,810,148,142,-2.604,4.208,-35.36328539,149.16528336,10.00,calibration-file(no-undistort)
1784074890.105,detection_logs/frame_1784074890093.jpg,18,green,0.3530,1425.60,881.13,1352,816,148,142,-2.606,4.205,-35.36328541,149.16528332,10.00,calibration-file(no-undistort)
1784074890.177,detection_logs/frame_1784074890163.jpg,18,green,0.3445,1426.07,886.05,1354,822,146,144,-2.630,4.209,-35.36328563,149.16528336,10.00,calibration-file(no-undistort)
1784074890.244,detection_logs/frame_1784074890232.jpg,18,green,0.3483,1425.44,888.70,1352,822,148,142,-2.649,4.204,-35.36328580,149.16528331,10.00,calibration-file(no-undistort)
1784074890.308,detection_logs/frame_1784074890297.jpg,18,green,0.3533,1425.30,886.37,1352,814,148,142,-2.632,4.203,-35.36328565,149.16528330,10.00,calibration-file(no-undistort)
1784074890.375,detection_logs/frame_1784074890362.jpg,18,green,0.3468,1425.43,883.98,1352,810,148,142,-2.615,4.204,-35.36328549,149.16528331,10.00,calibration-file(no-undistort)
1784074890.443,detection_logs/frame_1784074890431.jpg,18,green,0.3433,1426.23,882.66,1354,812,146,142,-2.595,4.210,-35.36328531,149.16528337,10.00,calibration-file(no-undistort)
1784074890.506,detection_logs/frame_1784074890494.jpg,18,green,0.3449,1427.10,886.47,1354,822,148,144,-2.622,4.216,-35.36328555,149.16528345,10.00,calibration-file(no-undistort)
1784074890.575,detection_logs/frame_1784074890562.jpg,18,green,0.3496,1428.13,892.47,1356,834,146,138,-2.665,4.224,-35.36328594,149.16528353,10.00,calibration-file(no-undistort)
1784074890.706,detection_logs/frame_1784074890693.jpg,18,green,0.3458,1428.81,897.65,1356,832,146,140,-2.668,4.229,-35.36328597,149.16528359,10.00,calibration-file(no-undistort)
1784074890.777,detection_logs/frame_1784074890766.jpg,18,green,0.3454,1429.05,900.38,1356,830,146,142,-2.687,4.231,-35.36328614,149.16528361,10.00,calibration-file(no-undistort)
1784074890.850,detection_logs/frame_1784074890835.jpg,18,green,0.3447,1429.81,901.99,1358,834,144,138,-2.699,4.237,-35.36328624,149.16528367,10.00,calibration-file(no-undistort)
1784074904.777,detection_logs/frame_1784074904764.jpg,19,green,0.5713,1070.47,122.56,1048,108,46,24,2.917,17.345,-35.36323580,149.16542806,10.00,calibration-file(no-undistort)
1784074904.839,detection_logs/frame_1784074904826.jpg,19,green,0.6288,1058.89,124.57,1018,108,60,30,2.902,17.257,-35.36323593,149.16542709,10.00,calibration-file(no-undistort)
1784074905.108,detection_logs/frame_1784074905095.jpg,20,green,0.6652,933.06,132.32,896,108,74,38,2.847,16.757,-35.36323642,149.16542159,10.00,calibration-file(no-undistort)
1784074908.623,detection_logs/frame_1784074908610.jpg,21,green,0.4087,1657.38,879.93,1590,822,138,114,-2.464,27.477,-35.36328414,149.16553967,10.00,calibration-file(no-undistort)
1784074908.694,detection_logs/frame_1784074908680.jpg,21,green,0.4225,1644.44,884.46,1564,830,128,114,-2.496,27.379,-35.36328443,149.16553859,10.00,calibration-file(no-undistort)
1784074908.752,detection_logs/frame_1784074908739.jpg,21,green,0.4306,1608.76,892.39,1524,838,132,114,-2.553,27.553,-35.36328493,149.16554051,10.00,calibration-file(no-undistort)
1784074908.826,detection_logs/frame_1784074908811.jpg,21,green,0.4306,1571.89,895.91,1494,836,124,114,-2.578,27.274,-35.36328516,149.16553743,10.00,calibration-file(no-undistort)
1784074908.897,detection_logs/frame_1784074908879.jpg,21,green,0.4406,1536.87,892.74,1464,828,124,114,-2.555,27.008,-35.36328495,149.16553451,10.00,calibration-file(no-undistort)
1784074908.959,detection_logs/frame_1784074908945.jpg,21,green,0.4320,1506.01,887.44,1440,822,122,114,-2.518,26.774,-35.36328462,149.16553193,10.00,calibration-file(no-undistort)
1784074909.031,detection_logs/frame_1784074909018.jpg,21,green,0.4545,1474.96,884.27,1410,824,124,112,-2.495,26.993,-35.36328441,149.16553434,10.00,calibration-file(no-undistort)
1784074909.097,detection_logs/frame_1784074909084.jpg,21,green,0.4383,1450.05,887.79,1394,834,120,114,-2.520,26.804,-35.36328464,149.16553226,10.00,calibration-file(no-undistort)
1784074909.155,detection_logs/frame_1784074909143.jpg,21,green,0.4405,1429.60,892.74,1378,842,122,112,-2.555,26.649,-35.36328495,149.16553055,10.00,calibration-file(no-undistort)
1784074909.224,detection_logs/frame_1784074909211.jpg,21,green,0.4481,1410.90,896.97,1360,842,120,114,-2.585,26.507,-35.36328522,149.16552899,10.00,calibration-file(no-undistort)
1784074909.291,detection_logs/frame_1784074909276.jpg,21,green,0.4427,1394.45,896.70,1344,836,122,112,-2.583,26.818,-35.36328521,149.16553242,10.00,calibration-file(no-undistort)
1784074909.356,detection_logs/frame_1784074909343.jpg,21,green,0.4491,1382.28,894.15,1334,830,122,112,-2.565,26.726,-35.36328504,149.16553140,10.00,calibration-file(no-undistort)
1784074909.430,detection_logs/frame_1784074909418.jpg,21,green,0.4385,1369.31,892.35,1318,832,120,112,-2.552,26.628,-35.36328493,149.16553032,10.00,calibration-file(no-undistort)
1784074909.486,detection_logs/frame_1784074909473.jpg,21,green,0.4417,1358.05,895.31,1306,842,122,112,-2.573,26.542,-35.36328512,149.16552938,10.00,calibration-file(no-undistort)
1784074909.556,detection_logs/frame_1784074909542.jpg,21,green,0.4369,1349.28,900.67,1298,848,122,116,-2.612,26.884,-35.36328546,149.16553315,10.00,calibration-file(no-undistort)
1784074909.623,detection_logs/frame_1784074909610.jpg,21,green,0.4402,1339.85,904.49,1284,850,122,112,-2.639,26.813,-35.36328570,149.16553236,10.00,calibration-file(no-undistort)
1784074909.690,detection_logs/frame_1784074909677.jpg,21,green,0.4422,1330.07,904.39,1272,842,122,114,-2.638,26.739,-35.36328570,149.16553154,10.00,calibration-file(no-undistort)
1784074909.755,detection_logs/frame_1784074909741.jpg,21,green,0.4402,1320.13,901.03,1262,836,122,112,-2.614,26.663,-35.36328548,149.16553071,10.00,calibration-file(no-undistort)
1784074909.821,detection_logs/frame_1784074909808.jpg,21,green,0.4409,1310.65,898.93,1250,838,122,112,-2.599,26.991,-35.36328535,149.16553432,10.00,calibration-file(no-undistort)
1784074909.909,detection_logs/frame_1784074909892.jpg,21,green,0.4404,1300.91,901.11,1240,846,122,114,-2.615,26.917,-35.36328549,149.16553351,10.00,calibration-file(no-undistort)
1784074909.967,detection_logs/frame_1784074909954.jpg,21,green,0.4386,1292.69,907.41,1232,856,124,114,-2.659,26.855,-35.36328589,149.16553282,10.00,calibration-file(no-undistort)
1784074910.046,detection_logs/frame_1784074910029.jpg,21,green,0.4336,1281.89,910.91,1218,854,124,116,-2.684,27.163,-35.36328611,149.16553622,10.00,calibration-file(no-undistort)
1784074910.108,detection_logs/frame_1784074910096.jpg,21,green,0.4391,1271.47,910.82,1208,848,124,114,-2.684,27.084,-35.36328611,149.16553535,10.00,calibration-file(no-undistort)
1784074910.175,detection_logs/frame_1784074910161.jpg,21,green,0.4396,1261.88,907.93,1200,842,124,114,-2.663,27.012,-35.36328592,149.16553455,10.00,calibration-file(no-undistort)
1784074920.674,detection_logs/frame_1784074920659.jpg,22,green,0.3661,1425.79,909.08,1378,850,68,106,-2.671,44.104,-35.36328600,149.16572283,10.00,calibration-file(no-undistort)
1784074920.748,detection_logs/frame_1784074920733.jpg,22,green,0.3694,1418.81,905.89,1366,846,68,106,-2.649,44.051,-35.36328579,149.16572225,10.00,calibration-file(no-undistort)
1784074920.807,detection_logs/frame_1784074920795.jpg,22,green,0.3678,1408.90,900.25,1358,838,68,106,-2.609,43.976,-35.36328543,149.16572142,10.00,calibration-file(no-undistort)
1784074920.943,detection_logs/frame_1784074920932.jpg,22,green,0.3727,1378.47,890.16,1332,838,70,108,-2.537,44.145,-35.36328479,149.16572328,10.00,calibration-file(no-undistort)
1784074921.018,detection_logs/frame_1784074921006.jpg,22,green,0.3575,1364.67,892.34,1326,848,68,108,-2.552,44.040,-35.36328493,149.16572213,10.00,calibration-file(no-undistort)
1784074921.104,detection_logs/frame_1784074921088.jpg,22,green,0.3714,1354.52,898.52,1314,854,70,108,-2.596,43.964,-35.36328532,149.16572128,10.00,calibration-file(no-undistort)
1784074921.156,detection_logs/frame_1784074921141.jpg,22,green,0.3699,1342.27,899.75,1304,850,70,108,-2.605,43.871,-35.36328540,149.16572026,10.00,calibration-file(no-undistort)
1784074921.231,detection_logs/frame_1784074921216.jpg,22,green,0.3595,1333.56,896.13,1298,842,68,108,-2.579,44.186,-35.36328517,149.16572373,10.00,calibration-file(no-undistort)
1784074921.299,detection_logs/frame_1784074921285.jpg,22,green,0.3626,1324.26,896.05,1284,842,68,106,-2.579,44.115,-35.36328517,149.16572295,10.00,calibration-file(no-undistort)
1784074921.364,detection_logs/frame_1784074921347.jpg,22,green,0.3611,1314.73,898.46,1274,848,68,106,-2.596,44.043,-35.36328532,149.16572216,10.00,calibration-file(no-undistort)
1784074921.430,detection_logs/frame_1784074921415.jpg,22,green,0.3639,1303.70,903.76,1264,858,70,106,-2.633,44.341,-35.36328566,149.16572544,10.00,calibration-file(no-undistort)
1784074921.495,detection_logs/frame_1784074921480.jpg,22,green,0.3774,1289.75,909.67,1248,860,70,108,-2.675,44.235,-35.36328603,149.16572427,10.00,calibration-file(no-undistort)
1784074921.561,detection_logs/frame_1784074921545.jpg,22,green,0.3623,1276.00,911.03,1236,854,68,108,-2.685,44.131,-35.36328612,149.16572312,10.00,calibration-file(no-undistort)
1784074921.624,detection_logs/frame_1784074921610.jpg,22,green,0.3566,1264.97,909.38,1226,848,68,106,-2.673,44.047,-35.36328602,149.16572220,10.00,calibration-file(no-undistort)
1784074921.695,detection_logs/frame_1784074921682.jpg,22,green,0.3568,1251.17,906.15,1210,846,68,106,-2.651,44.315,-35.36328581,149.16572515,10.00,calibration-file(no-undistort)
1784074921.770,detection_logs/frame_1784074921754.jpg,22,green,0.3621,1238.64,906.85,1200,852,68,108,-2.655,44.220,-35.36328585,149.16572410,10.00,calibration-file(no-undistort)
1784074921.855,detection_logs/frame_1784074921835.jpg,22,green,0.3720,1228.41,909.40,1190,862,70,108,-2.674,44.142,-35.36328602,149.16572325,10.00,calibration-file(no-undistort)
1784074921.904,detection_logs/frame_1784074921891.jpg,22,green,0.3644,1214.30,915.27,1174,866,70,106,-2.715,44.035,-35.36328639,149.16572207,10.00,calibration-file(no-undistort)
1784074921.977,detection_logs/frame_1784074921961.jpg,22,green,0.3623,1204.76,916.42,1164,860,70,106,-2.723,44.344,-35.36328647,149.16572547,10.00,calibration-file(no-undistort)
1784074927.152,detection_logs/frame_1784074927139.jpg,23,red,0.3888,1689.72,174.84,1610,138,118,96,2.545,55.320,-35.36323913,149.16584637,10.00,calibration-file(no-undistort)
1784074927.230,detection_logs/frame_1784074927215.jpg,23,red,0.3998,1672.99,174.56,1578,138,118,96,2.547,55.193,-35.36323912,149.16584498,10.00,calibration-file(no-undistort)
1784074927.298,detection_logs/frame_1784074927280.jpg,23,red,0.4244,1639.50,171.95,1546,134,112,94,2.566,55.411,-35.36323895,149.16584738,10.00,calibration-file(no-undistort)
1784074927.353,detection_logs/frame_1784074927338.jpg,23,red,0.4216,1601.87,169.53,1514,132,112,96,2.583,55.126,-35.36323880,149.16584424,10.00,calibration-file(no-undistort)
1784074927.419,detection_logs/frame_1784074927405.jpg,23,red,0.4394,1569.23,172.48,1490,140,112,94,2.562,54.878,-35.36323898,149.16584151,10.00,calibration-file(no-undistort)
1784074927.495,detection_logs/frame_1784074927481.jpg,23,red,0.4490,1539.02,180.03,1464,152,110,94,2.508,54.649,-35.36323947,149.16583899,10.00,calibration-file(no-undistort)
1784074927.556,detection_logs/frame_1784074927543.jpg,23,red,0.4579,1511.75,187.27,1442,158,108,92,2.457,54.887,-35.36323993,149.16584161,10.00,calibration-file(no-undistort)
1784074927.623,detection_logs/frame_1784074927610.jpg,23,red,0.4653,1490.46,190.41,1430,154,106,94,2.435,54.726,-35.36324013,149.16583983,10.00,calibration-file(no-undistort)
1784074927.694,detection_logs/frame_1784074927680.jpg,23,red,0.4599,1471.44,188.68,1412,146,106,94,2.447,54.582,-35.36324002,149.16583824,10.00,calibration-file(no-undistort)
1784074927.759,detection_logs/frame_1784074927744.jpg,23,red,0.4708,1454.55,185.81,1398,144,106,92,2.467,54.453,-35.36323984,149.16583683,10.00,calibration-file(no-undistort)
1784074927.834,detection_logs/frame_1784074927822.jpg,23,red,0.4720,1441.38,185.25,1388,148,106,92,2.471,54.789,-35.36323980,149.16584053,10.00,calibration-file(no-undistort)
1784074927.893,detection_logs/frame_1784074927880.jpg,23,red,0.4725,1428.29,189.01,1372,158,104,94,2.445,54.690,-35.36324004,149.16583944,10.00,calibration-file(no-undistort)
1784074927.967,detection_logs/frame_1784074927952.jpg,23,red,0.4834,1415.19,193.83,1358,164,104,92,2.410,54.591,-35.36324035,149.16583835,10.00,calibration-file(no-undistort)
1784074928.028,detection_logs/frame_1784074928012.jpg,23,red,0.4926,1404.55,196.00,1350,160,102,94,2.395,54.937,-35.36324049,149.16584216,10.00,calibration-file(no-undistort)
1784074928.090,detection_logs/frame_1784074928076.jpg,23,red,0.4940,1393.55,194.21,1336,152,102,94,2.408,54.853,-35.36324037,149.16584124,10.00,calibration-file(no-undistort)
1784074928.169,detection_logs/frame_1784074928153.jpg,23,red,0.5020,1381.72,190.74,1322,148,100,94,2.432,54.764,-35.36324015,149.16584025,10.00,calibration-file(no-undistort)
1784074928.227,detection_logs/frame_1784074928213.jpg,23,red,0.4946,1371.18,189.92,1312,152,102,94,2.438,54.684,-35.36324010,149.16583937,10.00,calibration-file(no-undistort)
1784074928.302,detection_logs/frame_1784074928288.jpg,23,red,0.4933,1359.27,193.12,1298,162,102,94,2.415,54.993,-35.36324030,149.16584278,10.00,calibration-file(no-undistort)
1784074928.362,detection_logs/frame_1784074928349.jpg,23,red,0.5117,1346.29,197.69,1284,168,100,92,2.383,54.895,-35.36324059,149.16584169,10.00,calibration-file(no-undistort)
1784074928.434,detection_logs/frame_1784074928421.jpg,23,red,0.5076,1335.27,199.57,1276,164,100,94,2.370,54.811,-35.36324071,149.16584077,10.00,calibration-file(no-undistort)
1784074928.503,detection_logs/frame_1784074928488.jpg,23,red,0.5219,1324.05,197.36,1266,156,98,94,2.385,54.726,-35.36324057,149.16583984,10.00,calibration-file(no-undistort)
1784074928.568,detection_logs/frame_1784074928556.jpg,23,red,0.5151,1312.77,193.83,1254,152,98,94,2.410,55.031,-35.36324035,149.16584319,10.00,calibration-file(no-undistort)
1784074928.568,detection_logs/frame_1784074928556.jpg,24,green,0.4279,1703.21,907.71,1694,866,34,58,-2.662,57.991,-35.36328591,149.16587580,10.00,calibration-file(no-undistort)
1784074928.632,detection_logs/frame_1784074928618.jpg,23,red,0.5235,1303.30,193.02,1248,156,96,94,2.416,54.959,-35.36324030,149.16584240,10.00,calibration-file(no-undistort)
1784074928.632,detection_logs/frame_1784074928618.jpg,24,green,0.4507,1701.83,910.52,1690,872,38,60,-2.682,57.980,-35.36328609,149.16587568,10.00,calibration-file(no-undistort)
1784074928.701,detection_logs/frame_1784074928687.jpg,23,red,0.5301,1292.38,196.22,1234,166,96,94,2.393,54.876,-35.36324050,149.16584149,10.00,calibration-file(no-undistort)
1784074928.767,detection_logs/frame_1784074928753.jpg,23,red,0.5442,1280.61,200.85,1222,170,94,94,2.361,54.787,-35.36324079,149.16584051,10.00,calibration-file(no-undistort)
1784074928.839,detection_logs/frame_1784074928826.jpg,23,red,0.5449,1269.94,202.52,1214,166,94,94,2.349,55.087,-35.36324090,149.16584382,10.00,calibration-file(no-undistort)
1784074928.901,detection_logs/frame_1784074928889.jpg,23,red,0.5370,1257.91,199.95,1200,158,96,94,2.367,54.996,-35.36324074,149.16584281,10.00,calibration-file(no-undistort)
1784074928.901,detection_logs/frame_1784074928889.jpg,24,green,0.6238,1673.95,901.70,1640,872,76,64,-2.619,58.150,-35.36328553,149.16587756,10.00,calibration-file(no-undistort)
1784074928.966,detection_logs/frame_1784074928953.jpg,23,red,0.5437,1245.23,196.63,1188,154,94,94,2.391,54.900,-35.36324053,149.16584175,10.00,calibration-file(no-undistort)
1784074928.966,detection_logs/frame_1784074928953.jpg,24,green,0.5154,1666.97,903.34,1634,874,68,60,-2.631,58.097,-35.36328563,149.16587697,10.00,calibration-file(no-undistort)
1784074929.041,detection_logs/frame_1784074929025.jpg,23,red,0.5506,1233.57,196.22,1178,160,94,94,2.393,54.812,-35.36324050,149.16584078,10.00,calibration-file(no-undistort)
1784074929.041,detection_logs/frame_1784074929025.jpg,24,green,0.5160,1661.13,906.18,1628,880,68,60,-2.651,58.053,-35.36328581,149.16587649,10.00,calibration-file(no-undistort)
1784074929.113,detection_logs/frame_1784074929099.jpg,23,red,0.5638,1220.21,199.81,1164,170,92,94,2.368,55.092,-35.36324073,149.16584386,10.00,calibration-file(no-undistort)
1784074929.113,detection_logs/frame_1784074929099.jpg,24,green,0.5049,1652.77,912.68,1616,890,66,60,-2.697,58.371,-35.36328623,149.16587999,10.00,calibration-file(no-undistort)
1784074929.177,detection_logs/frame_1784074929165.jpg,23,red,0.5688,1206.13,204.75,1150,176,92,92,2.333,54.985,-35.36324104,149.16584269,10.00,calibration-file(no-undistort)
1784074929.177,detection_logs/frame_1784074929165.jpg,24,green,0.5071,1640.63,919.89,1602,896,66,60,-2.748,58.279,-35.36328669,149.16587897,10.00,calibration-file(no-undistort)
1784074929.243,detection_logs/frame_1784074929230.jpg,23,red,0.5723,1193.53,206.62,1140,170,90,94,2.320,54.889,-35.36324116,149.16584164,10.00,calibration-file(no-undistort)
1784074929.244,detection_logs/frame_1784074929230.jpg,24,green,0.5068,1630.54,923.09,1594,892,66,60,-2.771,58.202,-35.36328689,149.16587813,10.00,calibration-file(no-undistort)
1784074929.312,detection_logs/frame_1784074929299.jpg,23,red,0.5770,1179.71,204.29,1126,162,90,94,2.336,55.148,-35.36324101,149.16584448,10.00,calibration-file(no-undistort)
1784074929.312,detection_logs/frame_1784074929299.jpg,24,green,0.4967,1616.79,920.14,1578,882,64,60,-2.750,58.461,-35.36328670,149.16588098,10.00,calibration-file(no-undistort)
1784074929.383,detection_logs/frame_1784074929371.jpg,23,red,0.5702,1165.78,201.55,1112,160,90,94,2.356,55.042,-35.36324084,149.16584332,10.00,calibration-file(no-undistort)
1784074929.383,detection_logs/frame_1784074929371.jpg,24,green,0.4961,1603.89,916.66,1566,880,64,60,-2.725,58.364,-35.36328648,149.16587991,10.00,calibration-file(no-undistort)
1784074929.451,detection_logs/frame_1784074929439.jpg,23,red,0.5772,1153.07,201.98,1102,166,90,94,2.353,54.946,-35.36324087,149.16584226,10.00,calibration-file(no-undistort)
1784074929.451,detection_logs/frame_1784074929439.jpg,24,green,0.4952,1592.40,917.88,1558,888,64,60,-2.734,58.276,-35.36328656,149.16587895,10.00,calibration-file(no-undistort)
1784074929.527,detection_logs/frame_1784074929513.jpg,23,red,0.5908,1138.87,206.23,1086,176,88,94,2.322,54.838,-35.36324114,149.16584107,10.00,calibration-file(no-undistort)
1784074929.527,detection_logs/frame_1784074929513.jpg,24,green,0.4972,1578.49,923.18,1542,898,64,60,-2.771,58.171,-35.36328690,149.16587778,10.00,calibration-file(no-undistort)
1784074929.585,detection_logs/frame_1784074929572.jpg,23,red,0.6055,1124.46,211.12,1074,180,86,94,2.288,55.119,-35.36324145,149.16584417,10.00,calibration-file(no-undistort)
1784074929.585,detection_logs/frame_1784074929572.jpg,24,green,0.4984,1563.17,928.10,1528,902,64,60,-2.806,58.445,-35.36328721,149.16588081,10.00,calibration-file(no-undistort)
1784074929.649,detection_logs/frame_1784074929637.jpg,23,red,0.6037,1110.85,212.47,1062,176,88,92,2.278,55.016,-35.36324154,149.16584303,10.00,calibration-file(no-undistort)
1784074929.649,detection_logs/frame_1784074929637.jpg,24,green,0.5072,1550.49,929.70,1518,896,64,62,-2.818,58.349,-35.36328731,149.16587975,10.00,calibration-file(no-undistort)
1784074929.830,detection_logs/frame_1784074929818.jpg,24,green,0.4995,1535.77,927.28,1500,888,64,60,-2.801,58.238,-35.36328716,149.16587852,10.00,calibration-file(no-undistort)
1784074929.830,detection_logs/frame_1784074929818.jpg,25,green,0.6548,1093.68,205.58,1046,166,86,94,2.327,54.886,-35.36324110,149.16584160,10.00,calibration-file(no-undistort)
1784074929.901,detection_logs/frame_1784074929887.jpg,24,green,0.4855,1521.00,923.11,1488,886,62,60,-2.771,58.126,-35.36328689,149.16587728,10.00,calibration-file(no-undistort)
1784074929.901,detection_logs/frame_1784074929887.jpg,25,green,0.6650,1087.75,205.59,1034,166,86,94,2.327,54.841,-35.36324110,149.16584110,10.00,calibration-file(no-undistort)
1784074929.963,detection_logs/frame_1784074929950.jpg,24,green,0.4960,1513.60,924.14,1492,894,62,62,-2.778,58.460,-35.36328696,149.16588097,10.00,calibration-file(no-undistort)
1784074929.963,detection_logs/frame_1784074929950.jpg,25,green,0.6654,1082.13,209.33,1034,172,84,94,2.300,55.189,-35.36324134,149.16584493,10.00,calibration-file(no-undistort)
1784074930.120,detection_logs/frame_1784074930107.jpg,24,green,0.5039,1514.61,928.69,1502,904,64,62,-2.811,58.467,-35.36328725,149.16588105,10.00,calibration-file(no-undistort)
1784074930.120,detection_logs/frame_1784074930107.jpg,25,green,0.6617,1082.06,215.08,1040,178,82,94,2.259,55.188,-35.36324170,149.16584493,10.00,calibration-file(no-undistort)
1784074930.202,detection_logs/frame_1784074930189.jpg,24,green,0.5028,1516.11,934.19,1500,908,64,62,-2.850,58.479,-35.36328760,149.16588118,10.00,calibration-file(no-undistort)
1784074930.202,detection_logs/frame_1784074930189.jpg,25,green,0.6746,1079.90,219.25,1036,180,82,94,2.230,55.172,-35.36324197,149.16584475,10.00,calibration-file(no-undistort)
1784074930.285,detection_logs/frame_1784074930267.jpg,24,green,0.5140,1515.54,935.04,1490,902,66,62,-2.856,58.475,-35.36328765,149.16588113,10.00,calibration-file(no-undistort)
1784074930.285,detection_logs/frame_1784074930267.jpg,25,green,0.6783,1073.53,218.42,1026,174,82,94,2.236,55.124,-35.36324192,149.16584422,10.00,calibration-file(no-undistort)
1784074930.334,detection_logs/frame_1784074930321.jpg,24,green,0.5049,1512.37,932.47,1482,894,64,62,-2.837,58.841,-35.36328749,149.16588516,10.00,calibration-file(no-undistort)
1784074930.334,detection_logs/frame_1784074930321.jpg,25,green,0.6880,1066.29,213.78,1018,166,82,94,2.269,55.459,-35.36324162,149.16584791,10.00,calibration-file(no-undistort)
1784074930.393,detection_logs/frame_1784074930381.jpg,24,green,0.5127,1509.77,929.99,1478,894,66,62,-2.820,58.821,-35.36328733,149.16588495,10.00,calibration-file(no-undistort)
1784074930.394,detection_logs/frame_1784074930381.jpg,25,green,0.6984,1058.53,210.35,1012,164,82,96,2.293,55.400,-35.36324140,149.16584726,10.00,calibration-file(no-undistort)
1784074930.474,detection_logs/frame_1784074930460.jpg,24,green,0.5121,1503.30,932.64,1468,902,64,64,-2.839,58.772,-35.36328750,149.16588441,10.00,calibration-file(no-undistort)
1784074930.474,detection_logs/frame_1784074930460.jpg,25,green,0.7046,1048.60,211.30,1000,172,82,96,2.286,55.325,-35.36324146,149.16584643,10.00,calibration-file(no-undistort)
1784074930.530,detection_logs/frame_1784074930515.jpg,25,green,0.7000,1032.85,215.43,978,182,80,94,2.257,55.206,-35.36324173,149.16584512,10.00,calibration-file(no-undistort)
1784074930.665,detection_logs/frame_1784074930651.jpg,24,green,0.3901,1452.39,941.15,1396,912,54,56,-2.899,58.813,-35.36328804,149.16588485,10.00,calibration-file(no-undistort)
1784074930.665,detection_logs/frame_1784074930651.jpg,25,green,0.8903,989.24,217.88,930,182,70,76,2.240,55.302,-35.36324188,149.16584618,10.00,calibration-file(no-undistort)
1784074930.728,detection_logs/frame_1784074930714.jpg,24,green,0.3720,1416.60,939.52,1358,904,52,54,-2.888,58.541,-35.36328794,149.16588187,10.00,calibration-file(no-undistort)
1784074930.797,detection_logs/frame_1784074930783.jpg,24,green,0.3695,1381.49,939.13,1326,904,52,54,-2.885,58.720,-35.36328791,149.16588383,10.00,calibration-file(no-undistort)
1784074930.865,detection_logs/frame_1784074930853.jpg,24,green,0.3820,1349.17,942.88,1298,914,52,54,-2.911,58.475,-35.36328815,149.16588113,10.00,calibration-file(no-undistort)
1784074930.934,detection_logs/frame_1784074930921.jpg,26,green,0.7431,838.47,235.18,802,198,74,92,2.117,54.603,-35.36324299,149.16583849,10.00,calibration-file(no-undistort)
1784074931.074,detection_logs/frame_1784074931057.jpg,24,green,0.3823,1258.79,948.75,1216,914,50,56,-2.953,58.235,-35.36328853,149.16587849,10.00,calibration-file(no-undistort)
1784074931.141,detection_logs/frame_1784074931124.jpg,24,green,0.3745,1227.44,947.76,1192,910,50,54,-2.946,57.997,-35.36328847,149.16587587,10.00,calibration-file(no-undistort)
1784074931.141,detection_logs/frame_1784074931124.jpg,27,green,0.7488,765.24,225.37,728,188,76,92,2.186,54.493,-35.36324236,149.16583727,10.00,calibration-file(no-undistort)
1784074931.207,detection_logs/frame_1784074931192.jpg,24,green,0.3940,1202.47,947.28,1174,910,52,56,-2.943,57.808,-35.36328843,149.16587378,10.00,calibration-file(no-undistort)
1784074931.208,detection_logs/frame_1784074931192.jpg,27,green,0.7243,756.14,225.93,710,186,78,96,2.182,54.424,-35.36324240,149.16583651,10.00,calibration-file(no-undistort)
1784074931.278,detection_logs/frame_1784074931261.jpg,27,green,0.7191,739.34,230.63,694,194,78,96,2.149,54.297,-35.36324270,149.16583511,10.00,calibration-file(no-undistort)
1784074931.342,detection_logs/frame_1784074931330.jpg,27,green,0.7131,717.81,239.62,672,204,80,96,2.085,54.569,-35.36324327,149.16583811,10.00,calibration-file(no-undistort)
1784074931.403,detection_logs/frame_1784074931392.jpg,27,green,0.7161,699.08,243.33,658,202,80,98,2.059,54.427,-35.36324351,149.16583654,10.00,calibration-file(no-undistort)
1784074931.477,detection_logs/frame_1784074931465.jpg,27,green,0.7076,682.64,241.77,644,196,82,96,2.070,54.303,-35.36324341,149.16583517,10.00,calibration-file(no-undistort)
1784074931.551,detection_logs/frame_1784074931536.jpg,24,green,0.3729,1114.46,952.49,1098,918,50,54,-2.980,58.003,-35.36328877,149.16587593,10.00,calibration-file(no-undistort)
1784074931.551,detection_logs/frame_1784074931536.jpg,27,green,0.6951,665.34,239.20,628,192,80,96,2.088,54.598,-35.36324324,149.16583843,10.00,calibration-file(no-undistort)
1784074931.615,detection_logs/frame_1784074931598.jpg,24,green,0.3689,1108.24,951.98,1088,918,50,54,-2.976,57.956,-35.36328873,149.16587541,10.00,calibration-file(no-undistort)
1784074931.615,detection_logs/frame_1784074931598.jpg,27,green,0.6939,650.63,236.98,616,192,82,96,2.104,54.487,-35.36324310,149.16583720,10.00,calibration-file(no-undistort)
1784074931.685,detection_logs/frame_1784074931668.jpg,27,green,0.6841,637.66,239.14,604,202,84,94,2.089,54.388,-35.36324324,149.16583612,10.00,calibration-file(no-undistort)
1784074931.752,detection_logs/frame_1784074931739.jpg,27,green,0.6704,623.52,243.81,588,210,84,94,2.055,54.281,-35.36324354,149.16583494,10.00,calibration-file(no-undistort)
1784074931.815,detection_logs/frame_1784074931796.jpg,27,green,0.6667,611.22,247.59,578,212,84,92,2.028,54.578,-35.36324378,149.16583821,10.00,calibration-file(no-undistort)
1784074931.888,detection_logs/frame_1784074931872.jpg,27,green,0.6747,599.57,246.82,566,202,86,96,2.034,54.490,-35.36324373,149.16583723,10.00,calibration-file(no-undistort)
1784074931.956,detection_logs/frame_1784074931934.jpg,27,green,0.6665,587.16,243.79,552,196,86,96,2.055,54.396,-35.36324354,149.16583620,10.00,calibration-file(no-undistort)
1784074932.027,detection_logs/frame_1784074932011.jpg,27,green,0.6515,576.44,241.75,542,198,88,94,2.070,54.315,-35.36324341,149.16583530,10.00,calibration-file(no-undistort)
1784074932.088,detection_logs/frame_1784074932074.jpg,27,green,0.6655,566.16,243.75,532,206,88,96,2.056,54.636,-35.36324353,149.16583884,10.00,calibration-file(no-undistort)
1784074932.165,detection_logs/frame_1784074932151.jpg,27,green,0.6400,554.57,248.34,518,216,88,92,2.023,54.548,-35.36324383,149.16583788,10.00,calibration-file(no-undistort)
1784074932.239,detection_logs/frame_1784074932226.jpg,27,green,0.6380,544.26,251.72,510,216,88,92,1.999,54.470,-35.36324404,149.16583702,10.00,calibration-file(no-undistort)
1784074932.297,detection_logs/frame_1784074932282.jpg,27,green,0.6447,533.94,251.34,498,208,90,94,2.002,54.392,-35.36324402,149.16583615,10.00,calibration-file(no-undistort)
1784074932.367,detection_logs/frame_1784074932352.jpg,27,green,0.6299,521.29,248.44,482,202,90,94,2.022,54.677,-35.36324383,149.16583930,10.00,calibration-file(no-undistort)
1784074932.439,detection_logs/frame_1784074932418.jpg,27,green,0.6297,509.98,247.04,472,204,92,94,2.032,54.591,-35.36324374,149.16583835,10.00,calibration-file(no-undistort)
1784074932.509,detection_logs/frame_1784074932497.jpg,27,green,0.6214,497.25,249.33,458,214,92,92,2.016,54.495,-35.36324389,149.16583729,10.00,calibration-file(no-undistort)
1784074932.582,detection_logs/frame_1784074932568.jpg,27,green,0.6171,482.90,253.78,442,220,92,94,1.984,54.386,-35.36324417,149.16583609,10.00,calibration-file(no-undistort)
1784074932.651,detection_logs/frame_1784074932638.jpg,27,green,0.6190,469.61,257.58,430,222,94,92,1.957,54.676,-35.36324442,149.16583928,10.00,calibration-file(no-undistort)
1784074932.713,detection_logs/frame_1784074932696.jpg,27,green,0.6094,455.51,257.69,414,214,96,94,1.957,54.569,-35.36324442,149.16583810,10.00,calibration-file(no-undistort)
1784074932.781,detection_logs/frame_1784074932766.jpg,27,green,0.6061,440.32,255.09,398,208,96,94,1.975,54.454,-35.36324426,149.16583684,10.00,calibration-file(no-undistort)
1784074932.853,detection_logs/frame_1784074932835.jpg,27,green,0.6005,426.62,253.53,388,210,96,94,1.986,54.350,-35.36324416,149.16583569,10.00,calibration-file(no-undistort)
1784074932.928,detection_logs/frame_1784074932914.jpg,27,green,0.5855,412.50,255.71,374,220,96,92,1.971,54.633,-35.36324430,149.16583881,10.00,calibration-file(no-undistort)
1784074932.985,detection_logs/frame_1784074932968.jpg,27,green,0.5963,399.29,260.99,360,228,98,92,1.933,54.533,-35.36324463,149.16583771,10.00,calibration-file(no-undistort)
1784074933.060,detection_logs/frame_1784074933046.jpg,27,green,0.5896,386.95,264.35,350,226,98,94,1.909,54.439,-35.36324485,149.16583668,10.00,calibration-file(no-undistort)
1784074933.120,detection_logs/frame_1784074933105.jpg,27,green,0.5857,372.75,263.69,332,220,100,92,1.914,54.713,-35.36324481,149.16583969,10.00,calibration-file(no-undistort)
1784074933.209,detection_logs/frame_1784074933194.jpg,27,green,0.5647,357.45,260.39,316,214,100,92,1.938,54.597,-35.36324459,149.16583841,10.00,calibration-file(no-undistort)
1784074933.259,detection_logs/frame_1784074933242.jpg,27,green,0.5754,343.67,259.54,304,218,102,92,1.944,54.493,-35.36324454,149.16583726,10.00,calibration-file(no-undistort)
1784074933.329,detection_logs/frame_1784074933313.jpg,27,green,0.5718,328.09,262.75,286,228,102,92,1.921,54.374,-35.36324475,149.16583596,10.00,calibration-file(no-undistort)
1784074933.521,detection_logs/frame_1784074933502.jpg,27,green,0.5449,305.21,267.39,254,234,102,92,1.888,54.591,-35.36324504,149.16583835,10.00,calibration-file(no-undistort)
1784074933.586,detection_logs/frame_1784074933570.jpg,27,green,0.5460,272.12,270.06,208,230,104,96,1.869,54.340,-35.36324521,149.16583559,10.00,calibration-file(no-undistort)
1784074934.939,detection_logs/frame_1784074934925.jpg,28,green,0.5243,604.55,957.70,580,952,46,20,-3.017,57.850,-35.36328910,149.16587425,10.00,calibration-file(no-undistort)
1784074935.544,detection_logs/frame_1784074935528.jpg,28,green,0.5147,657.90,953.13,634,946,50,26,-2.984,58.264,-35.36328881,149.16587881,10.00,calibration-file(no-undistort)
1784074935.689,detection_logs/frame_1784074935673.jpg,28,green,0.5190,665.47,954.67,638,950,48,22,-2.995,58.321,-35.36328891,149.16587944,10.00,calibration-file(no-undistort)
1784074937.594,detection_logs/frame_1784074937582.jpg,29,green,0.4942,612.80,931.24,584,898,58,62,-2.829,58.049,-35.36328741,149.16587644,10.00,calibration-file(no-undistort)
1784074937.655,detection_logs/frame_1784074937644.jpg,29,green,0.4785,612.54,906.71,584,850,56,62,-2.654,58.056,-35.36328585,149.16587652,10.00,calibration-file(no-undistort)
1784074937.731,detection_logs/frame_1784074937720.jpg,29,green,0.4751,610.25,860.10,582,804,56,60,-2.323,58.039,-35.36328287,149.16587633,10.00,calibration-file(no-undistort)
1784074937.788,detection_logs/frame_1784074937777.jpg,29,green,0.4908,610.99,804.45,582,752,56,62,-1.928,58.044,-35.36327932,149.16587639,10.00,calibration-file(no-undistort)
1784074937.856,detection_logs/frame_1784074937844.jpg,29,green,0.4618,608.53,749.98,580,704,54,60,-1.541,58.026,-35.36327584,149.16587618,10.00,calibration-file(no-undistort)
1784074937.919,detection_logs/frame_1784074937908.jpg,29,green,0.4805,606.67,705.08,578,670,56,60,-1.166,58.021,-35.36327248,149.16587613,10.00,calibration-file(no-undistort)
1784074937.993,detection_logs/frame_1784074937982.jpg,29,green,0.4747,605.62,667.62,578,644,56,60,-0.900,58.013,-35.36327009,149.16587604,10.00,calibration-file(no-undistort)
1784074938.051,detection_logs/frame_1784074938040.jpg,29,green,0.4562,605.46,646.47,580,642,54,58,-0.750,58.011,-35.36326874,149.16587603,10.00,calibration-file(no-undistort)
1784074938.116,detection_logs/frame_1784074938105.jpg,30,green,0.4573,607.98,696.28,582,666,54,58,-1.104,58.031,-35.36327192,149.16587624,10.00,calibration-file(no-undistort)
1784074938.186,detection_logs/frame_1784074938176.jpg,30,green,0.4888,610.09,713.56,584,698,56,62,-1.060,58.047,-35.36327152,149.16587641,10.00,calibration-file(no-undistort)
1784074938.255,detection_logs/frame_1784074938243.jpg,30,green,0.4624,613.66,747.79,588,736,54,60,-1.303,58.074,-35.36327370,149.16587671,10.00,calibration-file(no-undistort)
1784074938.320,detection_logs/frame_1784074938310.jpg,30,green,0.4866,617.13,790.64,590,776,56,62,-1.607,58.100,-35.36327644,149.16587700,10.00,calibration-file(no-undistort)
1784074938.384,detection_logs/frame_1784074938372.jpg,30,green,0.4737,620.24,832.81,594,812,54,62,-1.907,58.123,-35.36327913,149.16587726,10.00,calibration-file(no-undistort)
1784074938.451,detection_logs/frame_1784074938439.jpg,30,green,0.4824,624.35,874.40,596,852,56,62,-1.902,58.155,-35.36327908,149.16587760,10.00,calibration-file(no-undistort)
1784074938.515,detection_logs/frame_1784074938504.jpg,30,green,0.4989,627.54,924.98,598,908,56,64,-2.261,58.179,-35.36328231,149.16587787,10.00,calibration-file(no-undistort)
1784074940.019,detection_logs/frame_1784074940002.jpg,31,red,0.5046,195.52,712.72,192,662,48,84,1.507,54.885,-35.36324846,149.16584159,10.00,calibration-file(no-undistort)
1784074940.084,detection_logs/frame_1784074940069.jpg,31,red,0.4964,195.68,717.53,192,674,50,84,1.473,54.887,-35.36324877,149.16584161,10.00,calibration-file(no-undistort)
1784074940.153,detection_logs/frame_1784074940138.jpg,31,red,0.4974,195.93,735.32,192,696,50,84,1.346,54.889,-35.36324991,149.16584163,10.00,calibration-file(no-undistort)
1784074940.236,detection_logs/frame_1784074940223.jpg,31,red,0.4831,196.04,754.81,192,712,50,86,1.564,54.889,-35.36324795,149.16584164,10.00,calibration-file(no-undistort)
1784074955.478,detection_logs/frame_1784074955465.jpg,32,green,0.7620,255.50,416.50,192,376,128,82,6.828,41.678,-35.36320066,149.16569610,10.00,calibration-file(no-undistort)
1784074955.540,detection_logs/frame_1784074955528.jpg,32,green,0.7718,265.07,421.03,212,386,126,80,6.796,41.750,-35.36320095,149.16569690,10.00,calibration-file(no-undistort)
1784074955.610,detection_logs/frame_1784074955599.jpg,32,green,0.7767,278.38,426.91,222,390,126,80,6.755,41.851,-35.36320132,149.16569801,10.00,calibration-file(no-undistort)
1784074955.776,detection_logs/frame_1784074955760.jpg,32,green,0.7803,281.52,427.74,216,384,124,84,6.749,41.503,-35.36320138,149.16569418,10.00,calibration-file(no-undistort)
1784074955.846,detection_logs/frame_1784074955834.jpg,32,green,0.7749,275.43,423.52,202,376,126,84,6.779,41.457,-35.36320111,149.16569367,10.00,calibration-file(no-undistort)
1784074956.046,detection_logs/frame_1784074956036.jpg,32,green,0.7786,261.95,423.31,192,380,124,86,6.780,40.964,-35.36320109,149.16568824,10.00,calibration-file(no-undistort)
1784074956.108,detection_logs/frame_1784074956097.jpg,32,green,0.7880,264.60,424.55,208,384,122,84,6.771,40.984,-35.36320117,149.16568846,10.00,calibration-file(no-undistort)
1784074956.176,detection_logs/frame_1784074956165.jpg,32,green,0.8035,279.77,422.52,240,378,120,84,6.786,41.099,-35.36320104,149.16568973,10.00,calibration-file(no-undistort)
1784074956.253,detection_logs/frame_1784074956241.jpg,32,green,0.8161,304.84,417.05,278,368,118,84,6.825,40.853,-35.36320069,149.16568702,10.00,calibration-file(no-undistort)
1784074956.312,detection_logs/frame_1784074956302.jpg,32,green,0.8297,335.45,411.62,312,364,116,84,6.863,41.086,-35.36320035,149.16568958,10.00,calibration-file(no-undistort)
1784074956.376,detection_logs/frame_1784074956364.jpg,32,green,0.8481,372.45,408.62,354,366,110,84,6.884,41.366,-35.36320016,149.16569267,10.00,calibration-file(no-undistort)
1784074956.439,detection_logs/frame_1784074956428.jpg,32,green,0.8579,412.47,409.54,390,374,110,82,6.878,41.669,-35.36320021,149.16569601,10.00,calibration-file(no-undistort)
1784074956.506,detection_logs/frame_1784074956495.jpg,32,green,0.8683,451.15,411.37,420,376,108,82,6.865,41.500,-35.36320033,149.16569414,10.00,calibration-file(no-undistort)
1784074956.585,detection_logs/frame_1784074956568.jpg,32,green,0.8779,489.30,409.74,454,368,104,82,6.877,41.789,-35.36320023,149.16569733,10.00,calibration-file(no-undistort)
1784074956.653,detection_logs/frame_1784074956638.jpg,32,green,0.8882,525.31,405.02,484,358,102,84,6.910,42.062,-35.36319993,149.16570033,10.00,calibration-file(no-undistort)
1784074956.715,detection_logs/frame_1784074956704.jpg,32,green,0.8957,556.17,399.27,506,352,100,84,6.951,42.296,-35.36319956,149.16570291,10.00,calibration-file(no-undistort)
1784074956.776,detection_logs/frame_1784074956764.jpg,32,green,0.9051,584.20,396.48,530,356,100,82,6.971,42.073,-35.36319938,149.16570045,10.00,calibration-file(no-undistort)
1784074956.850,detection_logs/frame_1784074956838.jpg,32,green,0.9112,608.97,397.62,552,362,98,84,6.963,42.260,-35.36319945,149.16570252,10.00,calibration-file(no-undistort)
1784074956.913,detection_logs/frame_1784074956902.jpg,32,green,0.9189,629.02,400.47,568,366,96,84,6.942,42.412,-35.36319964,149.16570420,10.00,calibration-file(no-undistort)
1784074956.985,detection_logs/frame_1784074956973.jpg,32,green,0.9230,646.17,400.43,584,360,96,84,6.943,42.542,-35.36319963,149.16570563,10.00,calibration-file(no-undistort)
1784074957.047,detection_logs/frame_1784074957037.jpg,32,green,0.9295,661.47,396.50,602,350,92,84,6.971,42.223,-35.36319938,149.16570210,10.00,calibration-file(no-undistort)
1784074955.834,detection_logs/frame_1784074955823.jpg,32,green,0.9355,673.32,392.07,612,346,92,84,7.002,42.312,-35.36319910,149.16570309,10.00,calibration-file(no-undistort)
1784074955.901,detection_logs/frame_1784074955889.jpg,32,green,0.9404,684.53,389.79,628,348,88,84,7.018,42.397,-35.36319895,149.16570403,10.00,calibration-file(no-undistort)
1784074955.972,detection_logs/frame_1784074955961.jpg,32,green,0.9488,696.43,391.59,644,356,88,84,7.005,42.488,-35.36319907,149.16570502,10.00,calibration-file(no-undistort)
1784074956.036,detection_logs/frame_1784074956020.jpg,32,green,0.9553,706.32,394.84,654,360,86,84,6.982,42.154,-35.36319928,149.16570135,10.00,calibration-file(no-undistort)
1784074956.101,detection_logs/frame_1784074956085.jpg,32,green,0.9580,716.92,395.01,668,354,86,84,6.981,42.235,-35.36319929,149.16570224,10.00,calibration-file(no-undistort)
1784074956.171,detection_logs/frame_1784074956157.jpg,32,green,0.9617,731.89,391.15,692,344,84,84,7.009,42.348,-35.36319904,149.16570349,10.00,calibration-file(no-undistort)
1784074956.242,detection_logs/frame_1784074956230.jpg,32,green,0.9654,755.03,385.50,728,336,82,86,7.049,42.115,-35.36319868,149.16570092,10.00,calibration-file(no-undistort)
1784074956.308,detection_logs/frame_1784074956298.jpg,32,green,0.9722,787.41,381.85,772,338,80,84,7.075,42.360,-35.36319845,149.16570362,10.00,calibration-file(no-undistort)
1784074956.370,detection_logs/frame_1784074956360.jpg,32,green,0.9765,827.54,381.84,818,344,80,84,7.075,42.665,-35.36319845,149.16570697,10.00,calibration-file(no-undistort)
1784074956.435,detection_logs/frame_1784074956424.jpg,32,green,0.9812,872.45,382.59,864,344,78,86,7.069,43.005,-35.36319849,149.16571072,10.00,calibration-file(no-undistort)
1784074956.504,detection_logs/frame_1784074956491.jpg,32,green,0.9819,919.85,380.60,908,338,78,84,7.084,43.010,-35.36319837,149.16571078,10.00,calibration-file(no-undistort)
1784074956.569,detection_logs/frame_1784074956558.jpg,32,green,0.9823,966.41,374.90,948,326,76,86,7.124,43.363,-35.36319800,149.16571467,10.00,calibration-file(no-undistort)
1784074956.638,detection_logs/frame_1784074956628.jpg,32,green,0.9863,1010.15,367.66,984,318,74,86,7.175,43.695,-35.36319754,149.16571832,10.00,calibration-file(no-undistort)
1784074956.703,detection_logs/frame_1784074956691.jpg,32,green,0.9824,1048.56,362.65,1012,318,74,86,7.211,43.986,-35.36319722,149.16572153,10.00,calibration-file(no-undistort)
1784074956.771,detection_logs/frame_1784074956759.jpg,32,green,0.9845,1077.98,361.85,1028,324,74,86,7.217,43.946,-35.36319717,149.16572109,10.00,calibration-file(no-undistort)
1784074956.832,detection_logs/frame_1784074956822.jpg,32,green,0.9866,1095.94,364.21,1032,330,74,86,7.200,44.082,-35.36319732,149.16572259,10.00,calibration-file(no-undistort)
1784074956.899,detection_logs/frame_1784074956888.jpg,32,green,0.9866,1100.89,365.61,1024,328,74,86,7.190,44.120,-35.36319741,149.16572300,10.00,calibration-file(no-undistort)
1784074956.973,detection_logs/frame_1784074956962.jpg,33,green,0.9871,1043.50,363.50,1008,320,72,88,7.205,43.685,-35.36319728,149.16571821,10.00,calibration-file(no-undistort)
1784074957.035,detection_logs/frame_1784074957023.jpg,33,green,0.9907,1032.92,360.98,988,316,70,86,7.223,43.459,-35.36319712,149.16571572,10.00,calibration-file(no-undistort)
1784074957.099,detection_logs/frame_1784074957087.jpg,33,green,0.9897,1010.64,361.35,964,320,70,86,7.220,43.290,-35.36319714,149.16571386,10.00,calibration-file(no-undistort)
1784074957.165,detection_logs/frame_1784074957152.jpg,33,green,0.9907,984.29,367.58,940,330,70,86,7.176,43.090,-35.36319754,149.16571166,10.00,calibration-file(no-undistort)
1784074957.230,detection_logs/frame_1784074957219.jpg,33,green,0.9921,957.86,375.43,916,338,70,86,7.120,42.890,-35.36319804,149.16570946,10.00,calibration-file(no-undistort)
1784074957.304,detection_logs/frame_1784074957293.jpg,33,green,0.9935,933.95,379.85,896,338,70,86,7.089,42.636,-35.36319832,149.16570666,10.00,calibration-file(no-undistort)
1784074957.372,detection_logs/frame_1784074957361.jpg,33,green,0.9938,912.51,379.50,878,332,70,86,7.091,42.474,-35.36319830,149.16570487,10.00,calibration-file(no-undistort)
1784074957.431,detection_logs/frame_1784074957419.jpg,33,green,0.9921,891.70,376.30,858,326,70,86,7.114,42.316,-35.36319809,149.16570313,10.00,calibration-file(no-undistort)
1784074957.504,detection_logs/frame_1784074957490.jpg,33,green,0.9921,869.61,375.53,834,330,70,86,7.120,42.139,-35.36319804,149.16570119,10.00,calibration-file(no-undistort)
1784074957.582,detection_logs/frame_1784074957569.jpg,33,green,0.9938,842.53,378.93,800,340,70,86,7.095,41.934,-35.36319826,149.16569893,10.00,calibration-file(no-undistort)
1784074957.647,detection_logs/frame_1784074957633.jpg,33,green,0.9921,808.30,385.32,758,350,68,86,7.050,41.675,-35.36319867,149.16569607,10.00,calibration-file(no-undistort)
1784074957.714,detection_logs/frame_1784074957703.jpg,33,green,0.9897,765.80,390.59,706,352,70,86,7.013,41.352,-35.36319901,149.16569252,10.00,calibration-file(no-undistort)
1784074957.773,detection_logs/frame_1784074957761.jpg,33,green,0.9855,717.54,392.10,654,346,72,88,7.002,40.959,-35.36319910,149.16568819,10.00,calibration-file(no-undistort)
1784074957.835,detection_logs/frame_1784074957824.jpg,33,green,0.9866,670.75,390.76,616,342,72,86,7.011,40.605,-35.36319902,149.16568428,10.00,calibration-file(no-undistort)
1784074957.901,detection_logs/frame_1784074957890.jpg,33,green,0.9837,628.07,390.57,584,344,72,88,7.013,40.281,-35.36319900,149.16568072,10.00,calibration-file(no-undistort)
1784074957.971,detection_logs/frame_1784074957960.jpg,33,green,0.9849,592.87,393.36,562,352,72,88,6.993,40.014,-35.36319918,149.16567778,10.00,calibration-file(no-undistort)
1784074958.043,detection_logs/frame_1784074958032.jpg,33,green,0.9816,569.81,398.45,556,360,72,88,6.957,39.748,-35.36319951,149.16567485,10.00,calibration-file(no-undistort)
1784074958.098,detection_logs/frame_1784074958086.jpg,33,green,0.9840,558.45,401.18,556,358,74,88,6.937,39.662,-35.36319968,149.16567390,10.00,calibration-file(no-undistort)
1784074958.164,detection_logs/frame_1784074958152.jpg,34,green,0.9837,603.50,393.50,568,350,72,88,6.992,40.004,-35.36319919,149.16567766,10.00,calibration-file(no-undistort)
1784074958.230,detection_logs/frame_1784074958219.jpg,34,green,0.9897,616.60,389.97,594,344,72,86,7.017,40.103,-35.36319897,149.16567876,10.00,calibration-file(no-undistort)
1784074958.302,detection_logs/frame_1784074958290.jpg,34,green,0.9921,642.01,387.22,620,344,72,86,7.036,40.078,-35.36319879,149.16567848,10.00,calibration-file(no-undistort)
1784074958.368,detection_logs/frame_1784074958356.jpg,34,green,0.9921,675.23,389.34,654,350,70,86,7.021,40.330,-35.36319893,149.16568125,10.00,calibration-file(no-undistort)
1784074958.433,detection_logs/frame_1784074958422.jpg,34,green,0.9897,713.91,392.90,694,354,70,86,6.996,40.623,-35.36319915,149.16568448,10.00,calibration-file(no-undistort)
1784074958.498,detection_logs/frame_1784074958487.jpg,34,green,0.9897,753.07,394.03,730,352,72,86,6.988,40.920,-35.36319922,149.16568775,10.00,calibration-file(no-undistort)
1784074958.569,detection_logs/frame_1784074958557.jpg,34,green,0.9862,791.72,389.59,766,340,72,88,7.020,40.904,-35.36319894,149.16568758,10.00,calibration-file(no-undistort)
1784074958.647,detection_logs/frame_1784074958635.jpg,34,green,0.9823,832.13,382.70,806,332,74,86,7.069,41.211,-35.36319850,149.16569096,10.00,calibration-file(no-undistort)
1784074958.701,detection_logs/frame_1784074958691.jpg,34,green,0.9807,871.92,378.07,842,332,76,86,7.102,41.512,-35.36319821,149.16569428,10.00,calibration-file(no-undistort)
1784074958.771,detection_logs/frame_1784074958761.jpg,34,green,0.9764,908.72,377.51,872,338,78,86,7.105,41.410,-35.36319817,149.16569315,10.00,calibration-file(no-undistort)
1784074958.845,detection_logs/frame_1784074958831.jpg,34,green,0.9725,944.54,378.66,906,340,78,88,7.097,41.682,-35.36319824,149.16569614,10.00,calibration-file(no-undistort)
1784074958.899,detection_logs/frame_1784074958888.jpg,34,green,0.9671,977.21,377.36,934,334,78,88,7.107,41.929,-35.36319816,149.16569887,10.00,calibration-file(no-undistort)
1784074958.967,detection_logs/frame_1784074958956.jpg,34,green,0.9614,1005.97,372.59,956,324,82,88,7.140,42.147,-35.36319786,149.16570127,10.00,calibration-file(no-undistort)
1784074959.041,detection_logs/frame_1784074959030.jpg,34,green,0.9552,1034.33,366.04,986,316,82,88,7.187,41.963,-35.36319744,149.16569924,10.00,calibration-file(no-undistort)
1784074959.226,detection_logs/frame_1784074959209.jpg,34,green,0.9503,1060.60,362.30,1010,318,84,88,7.214,42.162,-35.36319720,149.16570144,10.00,calibration-file(no-undistort)
1784074959.295,detection_logs/frame_1784074959284.jpg,34,green,0.9466,1081.49,363.19,1024,326,86,88,7.207,42.320,-35.36319726,149.16570318,10.00,calibration-file(no-undistort)
1784074959.358,detection_logs/frame_1784074959345.jpg,34,green,0.9430,1094.19,365.93,1028,330,86,88,7.188,42.417,-35.36319743,149.16570424,10.00,calibration-file(no-undistort)
1784074959.532,detection_logs/frame_1784074959519.jpg,34,green,0.9399,1101.55,366.28,1032,326,88,86,7.185,42.073,-35.36319745,149.16570046,10.00,calibration-file(no-undistort)
1784074959.598,detection_logs/frame_1784074959584.jpg,34,green,0.9339,1106.30,363.10,1038,316,90,88,7.208,42.109,-35.36319725,149.16570085,10.00,calibration-file(no-undistort)
1784074959.660,detection_logs/frame_1784074959643.jpg,34,green,0.9295,1109.29,359.24,1044,312,90,88,7.235,42.132,-35.36319700,149.16570110,10.00,calibration-file(no-undistort)
1784074959.725,detection_logs/frame_1784074959713.jpg,34,green,0.9232,1109.52,358.18,1044,316,92,88,7.243,42.133,-35.36319694,149.16570112,10.00,calibration-file(no-undistort)
1784074959.790,detection_logs/frame_1784074959779.jpg,34,green,0.9207,1111.76,360.88,1054,324,92,88,7.224,41.733,-35.36319711,149.16569671,10.00,calibration-file(no-undistort)
1784074959.856,detection_logs/frame_1784074959844.jpg,34,green,0.9122,1119.96,363.92,1072,326,96,88,7.202,41.795,-35.36319730,149.16569739,10.00,calibration-file(no-undistort)
1784074959.920,detection_logs/frame_1784074959910.jpg,34,green,0.9051,1133.64,364.27,1094,322,96,86,7.200,41.899,-35.36319733,149.16569854,10.00,calibration-file(no-undistort)
1784074959.985,detection_logs/frame_1784074959973.jpg,34,green,0.8959,1155.01,360.09,1124,310,98,88,7.229,42.061,-35.36319706,149.16570032,10.00,calibration-file(no-undistort)
1784074960.055,detection_logs/frame_1784074960040.jpg,34,green,0.8846,1184.71,354.16,1160,302,102,90,7.271,41.850,-35.36319668,149.16569800,10.00,calibration-file(no-undistort)
1784074960.132,detection_logs/frame_1784074960117.jpg,34,green,0.8721,1217.37,351.08,1190,306,104,88,7.293,42.098,-35.36319648,149.16570073,10.00,calibration-file(no-undistort)
1784074960.200,detection_logs/frame_1784074960188.jpg,34,green,0.8612,1251.65,351.49,1220,312,106,88,7.290,42.358,-35.36319651,149.16570359,10.00,calibration-file(no-undistort)
1784074960.260,detection_logs/frame_1784074960246.jpg,34,green,0.8483,1287.40,352.12,1252,312,108,88,7.286,42.184,-35.36319655,149.16570168,10.00,calibration-file(no-undistort)
1784074960.319,detection_logs/frame_1784074960308.jpg,34,green,0.8388,1320.55,350.01,1276,304,110,90,7.301,42.435,-35.36319641,149.16570445,10.00,calibration-file(no-undistort)
1784074960.387,detection_logs/frame_1784074960377.jpg,34,green,0.8284,1350.58,344.59,1298,294,112,90,7.339,42.663,-35.36319607,149.16570695,10.00,calibration-file(no-undistort)
1784074960.453,detection_logs/frame_1784074960441.jpg,34,green,0.8150,1378.07,338.36,1320,288,114,90,7.384,42.871,-35.36319567,149.16570925,10.00,calibration-file(no-undistort)
1784074960.533,detection_logs/frame_1784074960522.jpg,34,green,0.8059,1400.41,335.68,1334,292,116,90,7.403,42.614,-35.36319550,149.16570641,10.00,calibration-file(no-undistort)
1784074960.593,detection_logs/frame_1784074960582.jpg,34,green,0.8004,1418.15,337.36,1346,300,118,90,7.391,42.748,-35.36319561,149.16570790,10.00,calibration-file(no-undistort)
1784074960.651,detection_logs/frame_1784074960640.jpg,34,green,0.7912,1434.31,339.84,1362,302,120,90,7.373,42.871,-35.36319577,149.16570924,10.00,calibration-file(no-undistort)
1784074960.716,detection_logs/frame_1784074960705.jpg,34,green,0.7821,1446.78,339.95,1372,296,120,92,7.372,42.965,-35.36319577,149.16571029,10.00,calibration-file(no-undistort)
1784074960.786,detection_logs/frame_1784074960775.jpg,34,green,0.7752,1456.82,336.16,1380,286,124,92,7.399,42.633,-35.36319553,149.16570662,10.00,calibration-file(no-undistort)
1784074960.854,detection_logs/frame_1784074960842.jpg,34,green,0.7669,1466.99,331.84,1394,282,124,92,7.430,42.710,-35.36319526,149.16570747,10.00,calibration-file(no-undistort)
1784074960.921,detection_logs/frame_1784074960908.jpg,34,green,0.7583,1475.20,330.45,1402,286,124,92,7.440,42.772,-35.36319517,149.16570816,10.00,calibration-file(no-undistort)
1784074960.993,detection_logs/frame_1784074960979.jpg,34,green,0.7529,1481.82,332.92,1408,294,126,92,7.422,42.432,-35.36319532,149.16570441,10.00,calibration-file(no-undistort)
1784074961.058,detection_logs/frame_1784074961042.jpg,34,green,0.7469,1490.32,336.22,1420,298,130,90,7.399,42.497,-35.36319554,149.16570512,10.00,calibration-file(no-undistort)
1784074961.122,detection_logs/frame_1784074961107.jpg,34,green,0.7388,1498.07,336.80,1428,292,130,92,7.395,42.555,-35.36319557,149.16570577,10.00,calibration-file(no-undistort)
1784074961.190,detection_logs/frame_1784074961177.jpg,34,green,0.7274,1505.79,333.20,1436,282,132,92,7.420,42.614,-35.36319534,149.16570641,10.00,calibration-file(no-undistort)
1784074961.260,detection_logs/frame_1784074961242.jpg,34,green,0.7232,1515.22,328.90,1448,278,134,92,7.451,42.313,-35.36319507,149.16570310,10.00,calibration-file(no-undistort)
1784074961.316,detection_logs/frame_1784074961305.jpg,34,green,0.7175,1524.01,327.81,1456,284,134,90,7.459,42.380,-35.36319500,149.16570384,10.00,calibration-file(no-undistort)
1784074961.391,detection_logs/frame_1784074961377.jpg,34,green,0.7135,1531.54,330.44,1462,292,134,90,7.440,42.437,-35.36319517,149.16570446,10.00,calibration-file(no-undistort)
1784074961.459,detection_logs/frame_1784074961446.jpg,34,green,0.7076,1540.97,333.78,1474,294,136,92,7.416,42.508,-35.36319538,149.16570525,10.00,calibration-file(no-undistort)
1784074961.525,detection_logs/frame_1784074961513.jpg,34,green,0.6996,1549.88,333.93,1482,288,136,92,7.415,42.204,-35.36319539,149.16570190,10.00,calibration-file(no-undistort)
1784074961.590,detection_logs/frame_1784074961578.jpg,34,green,0.6976,1557.99,330.77,1488,280,138,92,7.438,42.265,-35.36319519,149.16570257,10.00,calibration-file(no-undistort)
1784074961.661,detection_logs/frame_1784074961646.jpg,34,green,0.6896,1568.72,326.77,1502,276,140,92,7.466,42.347,-35.36319493,149.16570347,10.00,calibration-file(no-undistort)
1784074961.733,detection_logs/frame_1784074961719.jpg,34,green,0.6832,1578.62,326.28,1510,282,140,92,7.469,42.422,-35.36319490,149.16570430,10.00,calibration-file(no-undistort)
1784074961.800,detection_logs/frame_1784074961789.jpg,34,green,0.6776,1587.44,328.91,1516,290,142,90,7.451,42.116,-35.36319507,149.16570093,10.00,calibration-file(no-undistort)
1784074961.867,detection_logs/frame_1784074961853.jpg,34,green,0.6731,1599.45,331.41,1532,290,144,92,7.433,42.207,-35.36319523,149.16570194,10.00,calibration-file(no-undistort)
1784074961.931,detection_logs/frame_1784074961916.jpg,34,green,0.6639,1611.84,330.90,1544,284,144,92,7.437,42.301,-35.36319520,149.16570297,10.00,calibration-file(no-undistort)
1784074961.993,detection_logs/frame_1784074961979.jpg,34,green,0.6576,1624.42,326.85,1556,276,144,90,7.465,42.397,-35.36319494,149.16570402,10.00,calibration-file(no-undistort)
1784074962.059,detection_logs/frame_1784074962043.jpg,34,green,0.6475,1639.46,321.82,1572,270,148,92,7.501,42.157,-35.36319462,149.16570138,10.00,calibration-file(no-undistort)
1784074967.711,detection_logs/frame_1784074967696.jpg,35,red,0.7727,1313.28,492.32,1258,454,110,74,6.290,31.613,-35.36320550,149.16558524,10.00,calibration-file(no-undistort)
1784074967.782,detection_logs/frame_1784074967766.jpg,35,red,0.7660,1324.86,495.32,1280,460,112,74,6.268,31.265,-35.36320569,149.16558141,10.00,calibration-file(no-undistort)
1784074967.849,detection_logs/frame_1784074967834.jpg,35,red,0.7642,1348.66,500.42,1304,466,114,72,6.232,31.446,-35.36320601,149.16558339,10.00,calibration-file(no-undistort)
1784074967.913,detection_logs/frame_1784074967900.jpg,35,red,0.7486,1375.23,502.70,1326,464,116,74,6.216,31.647,-35.36320616,149.16558561,10.00,calibration-file(no-undistort)
1784074967.980,detection_logs/frame_1784074967966.jpg,35,red,0.7355,1397.04,498.55,1340,454,118,74,6.245,31.813,-35.36320590,149.16558743,10.00,calibration-file(no-undistort)
1784074968.042,detection_logs/frame_1784074968031.jpg,35,red,0.7275,1417.76,491.83,1358,446,120,74,6.293,31.534,-35.36320547,149.16558436,10.00,calibration-file(no-undistort)
1784074968.112,detection_logs/frame_1784074968101.jpg,35,red,0.7170,1436.75,487.67,1374,446,122,74,6.323,31.678,-35.36320520,149.16558595,10.00,calibration-file(no-undistort)
1784074968.177,detection_logs/frame_1784074968165.jpg,35,red,0.7174,1451.66,488.46,1384,454,122,74,6.317,31.791,-35.36320525,149.16558719,10.00,calibration-file(no-undistort)
1784074968.252,detection_logs/frame_1784074968240.jpg,35,red,0.7081,1466.28,491.60,1398,460,124,74,6.295,31.902,-35.36320545,149.16558842,10.00,calibration-file(no-undistort)
1784074968.319,detection_logs/frame_1784074968302.jpg,35,red,0.6897,1480.84,493.05,1412,458,128,74,6.285,31.595,-35.36320554,149.16558503,10.00,calibration-file(no-undistort)
1784074968.394,detection_logs/frame_1784074968376.jpg,35,red,0.6872,1492.71,490.47,1420,448,128,74,6.303,31.685,-35.36320538,149.16558602,10.00,calibration-file(no-undistort)
1784074968.452,detection_logs/frame_1784074968436.jpg,35,red,0.6772,1504.84,485.21,1434,440,130,74,6.340,31.777,-35.36320504,149.16558704,10.00,calibration-file(no-undistort)
1784074968.527,detection_logs/frame_1784074968513.jpg,35,red,0.6798,1517.22,481.20,1448,440,130,74,6.369,31.462,-35.36320479,149.16558357,10.00,calibration-file(no-undistort)
1784074968.587,detection_logs/frame_1784074968573.jpg,35,red,0.6671,1527.55,481.57,1456,446,130,76,6.366,31.540,-35.36320481,149.16558443,10.00,calibration-file(no-undistort)
1784074968.659,detection_logs/frame_1784074968644.jpg,35,red,0.6541,1538.69,484.28,1468,452,134,74,6.347,31.625,-35.36320499,149.16558536,10.00,calibration-file(no-undistort)
1784074968.729,detection_logs/frame_1784074968716.jpg,35,red,0.6488,1550.76,485.81,1482,450,134,76,6.336,31.716,-35.36320508,149.16558637,10.00,calibration-file(no-undistort)
1784074968.787,detection_logs/frame_1784074968773.jpg,35,red,0.6399,1560.92,483.96,1488,442,136,76,6.349,31.403,-35.36320496,149.16558292,10.00,calibration-file(no-undistort)
1784074968.860,detection_logs/frame_1784074968845.jpg,35,red,0.6278,1571.81,479.33,1500,434,138,76,6.382,31.485,-35.36320467,149.16558383,10.00,calibration-file(no-undistort)
1784074968.940,detection_logs/frame_1784074968925.jpg,35,red,0.6281,1582.47,476.25,1510,436,140,74,6.404,31.566,-35.36320447,149.16558472,10.00,calibration-file(no-undistort)
1784074968.996,detection_logs/frame_1784074968980.jpg,35,red,0.6245,1591.15,476.86,1516,442,140,74,6.400,31.632,-35.36320451,149.16558544,10.00,calibration-file(no-undistort)
1784074969.057,detection_logs/frame_1784074969044.jpg,35,red,0.6167,1601.06,479.80,1528,448,142,74,6.379,31.335,-35.36320470,149.16558217,10.00,calibration-file(no-undistort)
1784074969.129,detection_logs/frame_1784074969112.jpg,35,red,0.6051,1611.56,481.71,1540,446,142,76,6.365,31.415,-35.36320482,149.16558305,10.00,calibration-file(no-undistort)
1784074969.202,detection_logs/frame_1784074969187.jpg,35,red,0.6130,1621.18,479.73,1548,438,142,74,6.379,31.487,-35.36320469,149.16558385,10.00,calibration-file(no-undistort)
1784074969.280,detection_logs/frame_1784074969267.jpg,35,red,0.5971,1633.18,474.83,1562,430,146,74,6.414,31.578,-35.36320438,149.16558485,10.00,calibration-file(no-undistort)
1784074969.327,detection_logs/frame_1784074969313.jpg,35,red,0.5865,1646.11,471.79,1576,430,146,76,6.436,31.295,-35.36320419,149.16558173,10.00,calibration-file(no-undistort)
1784074977.927,detection_logs/frame_1784074977912.jpg,36,green,0.5518,1405.21,914.15,1350,860,112,112,3.293,17.032,-35.36323242,149.16542462,10.00,calibration-file(no-undistort)
1784074977.984,detection_logs/frame_1784074977968.jpg,36,green,0.5457,1403.89,913.43,1346,858,112,114,3.298,17.022,-35.36323237,149.16542451,10.00,calibration-file(no-undistort)
1784074978.259,detection_logs/frame_1784074978247.jpg,36,green,0.5403,1414.63,914.61,1360,858,112,112,3.290,16.695,-35.36323245,149.16542090,10.00,calibration-file(no-undistort)
1784074978.315,detection_logs/frame_1784074978302.jpg,36,green,0.5367,1431.82,909.81,1386,850,114,112,3.324,16.825,-35.36323214,149.16542234,10.00,calibration-file(no-undistort)
1784074978.386,detection_logs/frame_1784074978373.jpg,36,green,0.5254,1453.77,907.65,1414,850,116,114,3.339,16.574,-35.36323201,149.16541957,10.00,calibration-file(no-undistort)
1784074978.448,detection_logs/frame_1784074978434.jpg,36,green,0.5060,1481.26,909.89,1446,858,120,114,3.323,16.782,-35.36323215,149.16542187,10.00,calibration-file(no-undistort)
1784074978.587,detection_logs/frame_1784074978574.jpg,37,green,0.4723,1583.25,914.65,1522,862,122,110,3.289,17.556,-35.36323245,149.16543038,10.00,calibration-file(no-undistort)
1784074979.051,detection_logs/frame_1784074979039.jpg,38,green,0.4802,1709.35,921.06,1700,896,28,36,3.244,17.604,-35.36323286,149.16543091,10.00,calibration-file(no-undistort)
1784075000.355,detection_logs/frame_1784075000345.jpg,39,green,0.6601,1625.50,770.50,1554,722,144,98,10.302,8.489,-35.36316945,149.16533051,10.00,calibration-file(no-undistort)
1784075000.436,detection_logs/frame_1784075000421.jpg,39,green,0.6771,1607.37,774.53,1520,730,140,98,10.274,8.760,-35.36316971,149.16533350,10.00,calibration-file(no-undistort)
1784075000.494,detection_logs/frame_1784075000483.jpg,39,green,0.6912,1576.85,782.93,1494,740,136,96,10.214,8.529,-35.36317025,149.16533095,10.00,calibration-file(no-undistort)
1784075000.554,detection_logs/frame_1784075000543.jpg,39,green,0.7060,1542.16,788.80,1464,742,134,96,10.172,8.266,-35.36317062,149.16532805,10.00,calibration-file(no-undistort)
1784075000.624,detection_logs/frame_1784075000612.jpg,39,green,0.7200,1508.40,789.46,1436,738,130,96,10.168,8.010,-35.36317066,149.16532523,10.00,calibration-file(no-undistort)
1784075000.688,detection_logs/frame_1784075000677.jpg,39,green,0.7293,1479.75,786.46,1414,732,130,96,10.189,8.219,-35.36317047,149.16532754,10.00,calibration-file(no-undistort)
1784075000.759,detection_logs/frame_1784075000744.jpg,39,green,0.7394,1454.54,784.31,1394,732,128,96,10.204,8.028,-35.36317033,149.16532544,10.00,calibration-file(no-undistort)
1784075000.817,detection_logs/frame_1784075000806.jpg,39,green,0.7515,1431.40,786.69,1374,742,126,94,10.187,7.853,-35.36317049,149.16532350,10.00,calibration-file(no-undistort)
1784075000.892,detection_logs/frame_1784075000880.jpg,39,green,0.7531,1412.93,791.99,1362,750,124,96,10.150,8.112,-35.36317082,149.16532636,10.00,calibration-file(no-undistort)
1784075000.949,detection_logs/frame_1784075000937.jpg,39,green,0.7570,1397.17,796.40,1348,752,124,96,10.118,7.993,-35.36317111,149.16532505,10.00,calibration-file(no-undistort)
1784075001.026,detection_logs/frame_1784075001016.jpg,39,green,0.7670,1381.58,796.85,1332,746,120,96,10.115,7.875,-35.36317113,149.16532374,10.00,calibration-file(no-undistort)
1784075001.082,detection_logs/frame_1784075001070.jpg,39,green,0.7753,1369.14,794.41,1322,740,120,96,10.132,7.780,-35.36317098,149.16532270,10.00,calibration-file(no-undistort)
1784075001.164,detection_logs/frame_1784075001153.jpg,39,green,0.7787,1358.02,792.30,1310,740,120,96,10.147,8.114,-35.36317084,149.16532638,10.00,calibration-file(no-undistort)
1784075001.218,detection_logs/frame_1784075001207.jpg,39,green,0.7844,1346.43,794.60,1296,750,118,96,10.131,8.026,-35.36317099,149.16532541,10.00,calibration-file(no-undistort)
1784075001.285,detection_logs/frame_1784075001271.jpg,39,green,0.7844,1336.64,799.46,1288,758,116,96,10.097,7.952,-35.36317130,149.16532459,10.00,calibration-file(no-undistort)
1784075001.352,detection_logs/frame_1784075001340.jpg,39,green,0.7899,1327.20,803.34,1278,758,114,98,10.069,7.880,-35.36317155,149.16532380,10.00,calibration-file(no-undistort)
1784075001.421,detection_logs/frame_1784075001409.jpg,39,green,0.7963,1315.83,803.96,1262,754,114,96,10.065,8.184,-35.36317159,149.16532715,10.00,calibration-file(no-undistort)
1784075001.487,detection_logs/frame_1784075001472.jpg,39,green,0.8017,1305.66,801.30,1254,746,112,98,10.084,8.107,-35.36317142,149.16532630,10.00,calibration-file(no-undistort)
1784075001.557,detection_logs/frame_1784075001539.jpg,39,green,0.8057,1295.52,799.86,1244,748,110,98,10.094,8.030,-35.36317133,149.16532546,10.00,calibration-file(no-undistort)
1784075001.624,detection_logs/frame_1784075001611.jpg,39,green,0.8123,1284.12,802.68,1230,758,110,98,10.074,7.944,-35.36317151,149.16532450,10.00,calibration-file(no-undistort)
1784075001.696,detection_logs/frame_1784075001685.jpg,39,green,0.8142,1273.71,808.75,1222,768,108,98,10.042,8.237,-35.36317179,149.16532774,10.00,calibration-file(no-undistort)
1784075001.763,detection_logs/frame_1784075001750.jpg,39,green,0.8167,1262.84,813.52,1210,768,108,100,10.008,8.155,-35.36317210,149.16532683,10.00,calibration-file(no-undistort)
1784075001.819,detection_logs/frame_1784075001807.jpg,39,green,0.8273,1249.57,813.95,1194,762,106,98,10.005,8.054,-35.36317213,149.16532572,10.00,calibration-file(no-undistort)
1784075001.888,detection_logs/frame_1784075001875.jpg,39,green,0.8316,1237.32,811.47,1184,756,106,98,10.022,8.342,-35.36317197,149.16532890,10.00,calibration-file(no-undistort)
1784075001.953,detection_logs/frame_1784075001942.jpg,39,green,0.8356,1225.50,809.73,1174,756,104,100,10.035,8.253,-35.36317186,149.16532791,10.00,calibration-file(no-undistort)
1784075002.020,detection_logs/frame_1784075002008.jpg,39,green,0.8382,1212.40,812.29,1160,766,102,100,10.017,8.154,-35.36317202,149.16532682,10.00,calibration-file(no-undistort)
1784075002.087,detection_logs/frame_1784075002075.jpg,39,green,0.8437,1200.36,816.54,1150,772,102,100,9.986,8.062,-35.36317229,149.16532581,10.00,calibration-file(no-undistort)
1784075002.148,detection_logs/frame_1784075002137.jpg,39,green,0.8506,1188.75,819.55,1140,772,100,100,9.965,8.356,-35.36317248,149.16532904,10.00,calibration-file(no-undistort)
1784075002.220,detection_logs/frame_1784075002208.jpg,39,green,0.8521,1175.06,819.14,1124,766,98,100,9.968,8.252,-35.36317246,149.16532790,10.00,calibration-file(no-undistort)
1784075002.282,detection_logs/frame_1784075002269.jpg,39,green,0.8589,1162.20,815.34,1114,758,96,100,9.995,8.154,-35.36317221,149.16532682,10.00,calibration-file(no-undistort)
1784075002.350,detection_logs/frame_1784075002336.jpg,39,green,0.8603,1149.22,813.92,1102,762,94,100,10.005,8.056,-35.36317212,149.16532574,10.00,calibration-file(no-undistort)
1784075002.427,detection_logs/frame_1784075002416.jpg,39,green,0.8674,1134.56,816.85,1086,772,92,100,9.984,8.308,-35.36317231,149.16532851,10.00,calibration-file(no-undistort)
1784075002.482,detection_logs/frame_1784075002470.jpg,39,green,0.8698,1120.67,821.45,1074,778,92,100,9.951,8.203,-35.36317260,149.16532736,10.00,calibration-file(no-undistort)
1784075002.555,detection_logs/frame_1784075002541.jpg,39,green,0.8734,1107.03,824.78,1062,778,90,100,9.928,8.099,-35.36317282,149.16532622,10.00,calibration-file(no-undistort)
1784075002.631,detection_logs/frame_1784075002620.jpg,39,green,0.8793,1091.99,823.83,1046,770,88,100,9.935,7.985,-35.36317276,149.16532496,10.00,calibration-file(no-undistort)
1784075002.683,detection_logs/frame_1784075002671.jpg,39,green,0.8846,1078.34,820.44,1036,764,86,100,9.959,8.272,-35.36317254,149.16532812,10.00,calibration-file(no-undistort)
1784075002.756,detection_logs/frame_1784075002742.jpg,39,green,0.8867,1065.36,818.96,1024,766,86,102,9.969,8.174,-35.36317245,149.16532704,10.00,calibration-file(no-undistort)
1784075002.816,detection_logs/frame_1784075002804.jpg,39,green,0.8871,1050.88,821.44,1008,776,84,100,9.952,8.064,-35.36317260,149.16532583,10.00,calibration-file(no-undistort)
1784075002.884,detection_logs/frame_1784075002873.jpg,39,green,0.8911,1037.26,826.12,996,782,84,102,9.918,7.961,-35.36317290,149.16532469,10.00,calibration-file(no-undistort)
1784075002.953,detection_logs/frame_1784075002942.jpg,39,green,0.8956,1023.51,829.53,984,782,80,102,9.894,8.238,-35.36317312,149.16532774,10.00,calibration-file(no-undistort)
1784075003.021,detection_logs/frame_1784075003006.jpg,39,green,0.8968,1008.06,829.05,966,776,80,100,9.897,8.120,-35.36317309,149.16532645,10.00,calibration-file(no-undistort)
1784075003.188,detection_logs/frame_1784075003178.jpg,39,green,0.9010,993.35,826.42,954,770,78,102,9.916,8.009,-35.36317292,149.16532522,10.00,calibration-file(no-undistort)
1784075003.277,detection_logs/frame_1784075003263.jpg,39,green,0.9032,978.84,825.08,940,772,78,102,9.926,8.289,-35.36317284,149.16532831,10.00,calibration-file(no-undistort)
1784075003.346,detection_logs/frame_1784075003332.jpg,39,green,0.9061,965.71,827.25,930,780,76,102,9.910,8.190,-35.36317297,149.16532721,10.00,calibration-file(no-undistort)
1784075003.508,detection_logs/frame_1784075003496.jpg,39,green,0.9061,956.40,831.25,926,786,76,102,9.882,8.119,-35.36317323,149.16532644,10.00,calibration-file(no-undistort)
1784075003.583,detection_logs/frame_1784075003570.jpg,39,green,0.9083,952.70,834.15,930,786,74,102,9.861,8.091,-35.36317342,149.16532613,10.00,calibration-file(no-undistort)
1784075003.647,detection_logs/frame_1784075003632.jpg,39,green,0.9083,955.40,832.91,940,778,72,102,9.870,8.502,-35.36317334,149.16533065,10.00,calibration-file(no-undistort)
1784075003.707,detection_logs/frame_1784075003696.jpg,39,green,0.9102,962.53,828.54,950,770,70,102,9.901,8.556,-35.36317306,149.16533125,10.00,calibration-file(no-undistort)
1784075003.774,detection_logs/frame_1784075003764.jpg,39,green,0.9101,966.48,825.96,944,772,70,102,9.919,8.586,-35.36317289,149.16533158,10.00,calibration-file(no-undistort)
1784075003.838,detection_logs/frame_1784075003828.jpg,39,green,0.9101,962.77,828.09,926,782,70,102,9.904,8.558,-35.36317303,149.16533127,10.00,calibration-file(no-undistort)
1784075003.908,detection_logs/frame_1784075003896.jpg,39,green,0.9058,951.12,832.59,904,788,68,104,9.872,8.869,-35.36317332,149.16533470,10.00,calibration-file(no-undistort)
1784075003.982,detection_logs/frame_1784075003970.jpg,39,green,0.9084,928.82,836.35,868,790,70,102,9.846,8.700,-35.36317356,149.16533283,10.00,calibration-file(no-undistort)
1784075004.043,detection_logs/frame_1784075004032.jpg,39,green,0.9083,896.93,836.59,828,784,70,102,9.844,8.458,-35.36317357,149.16533017,10.00,calibration-file(no-undistort)
1784075004.105,detection_logs/frame_1784075004093.jpg,39,green,0.9061,861.33,834.13,794,778,72,102,9.861,8.188,-35.36317341,149.16532720,10.00,calibration-file(no-undistort)
1784075004.175,detection_logs/frame_1784075004159.jpg,39,green,0.9018,822.95,834.52,758,784,74,102,9.859,8.360,-35.36317344,149.16532909,10.00,calibration-file(no-undistort)
1784075004.245,detection_logs/frame_1784075004234.jpg,39,green,0.8957,784.03,839.17,724,794,76,104,9.826,8.065,-35.36317374,149.16532584,10.00,calibration-file(no-undistort)
1784075004.309,detection_logs/frame_1784075004296.jpg,39,green,0.8897,748.56,845.76,698,802,78,104,9.779,7.796,-35.36317416,149.16532288,10.00,calibration-file(no-undistort)
1784075004.382,detection_logs/frame_1784075004366.jpg,39,green,0.8889,715.73,850.44,670,802,82,104,9.746,8.001,-35.36317445,149.16532514,10.00,calibration-file(no-undistort)
1784075004.440,detection_logs/frame_1784075004427.jpg,39,green,0.8824,685.15,850.73,644,796,82,102,9.743,7.769,-35.36317447,149.16532258,10.00,calibration-file(no-undistort)
1784075004.509,detection_logs/frame_1784075004496.jpg,39,green,0.8813,659.95,848.50,626,790,84,104,9.759,7.578,-35.36317433,149.16532048,10.00,calibration-file(no-undistort)
1784075004.572,detection_logs/frame_1784075004559.jpg,39,green,0.8720,637.15,848.50,604,796,86,102,9.759,7.406,-35.36317433,149.16531858,10.00,calibration-file(no-undistort)
1784075004.643,detection_logs/frame_1784075004630.jpg,39,green,0.8663,615.95,851.92,582,804,88,104,9.735,7.681,-35.36317455,149.16532161,10.00,calibration-file(no-undistort)
1784075004.708,detection_logs/frame_1784075004696.jpg,39,green,0.8576,598.95,857.52,568,812,90,104,9.695,7.552,-35.36317491,149.16532019,10.00,calibration-file(no-undistort)
1784075004.772,detection_logs/frame_1784075004759.jpg,39,green,0.8550,584.03,861.04,552,810,92,106,9.670,7.439,-35.36317513,149.16531894,10.00,calibration-file(no-undistort)
1784075004.838,detection_logs/frame_1784075004826.jpg,39,green,0.8506,569.56,860.08,534,802,94,106,9.677,7.329,-35.36317507,149.16531773,10.00,calibration-file(no-undistort)
1784075004.904,detection_logs/frame_1784075004892.jpg,39,green,0.8465,557.91,856.97,524,798,94,104,9.699,7.667,-35.36317487,149.16532146,10.00,calibration-file(no-undistort)
1784075004.967,detection_logs/frame_1784075004954.jpg,39,green,0.8402,546.92,856.00,510,802,96,104,9.706,7.584,-35.36317481,149.16532054,10.00,calibration-file(no-undistort)
1784075005.034,detection_logs/frame_1784075005022.jpg,39,green,0.8338,533.72,859.19,490,812,98,104,9.683,7.484,-35.36317501,149.16531944,10.00,calibration-file(no-undistort)
1784075005.100,detection_logs/frame_1784075005089.jpg,39,green,0.8273,521.05,864.32,476,818,100,106,9.647,7.388,-35.36317534,149.16531838,10.00,calibration-file(no-undistort)
1784075005.170,detection_logs/frame_1784075005157.jpg,39,green,0.8253,509.08,867.18,464,816,100,106,9.627,7.696,-35.36317552,149.16532178,10.00,calibration-file(no-undistort)
1784075005.239,detection_logs/frame_1784075005225.jpg,39,green,0.8188,497.11,865.81,450,808,102,106,9.636,7.606,-35.36317544,149.16532078,10.00,calibration-file(no-undistort)
1784075005.306,detection_logs/frame_1784075005293.jpg,39,green,0.8139,487.45,862.48,442,804,104,104,9.660,7.533,-35.36317522,149.16531997,10.00,calibration-file(no-undistort)
1784075005.377,detection_logs/frame_1784075005364.jpg,39,green,0.8121,479.03,860.62,434,806,104,104,9.673,7.469,-35.36317510,149.16531927,10.00,calibration-file(no-undistort)
1784075005.436,detection_logs/frame_1784075005423.jpg,39,green,0.8056,468.59,862.82,418,814,106,106,9.658,7.771,-35.36317525,149.16532260,10.00,calibration-file(no-undistort)
1784075005.503,detection_logs/frame_1784075005487.jpg,39,green,0.7982,459.71,867.30,410,822,108,104,9.626,7.703,-35.36317553,149.16532186,10.00,calibration-file(no-undistort)
1784075005.579,detection_logs/frame_1784075005565.jpg,39,green,0.7920,450.74,869.36,400,818,108,106,9.611,7.635,-35.36317566,149.16532111,10.00,calibration-file(no-undistort)
1784075005.639,detection_logs/frame_1784075005624.jpg,39,green,0.7906,439.61,868.30,384,812,110,106,9.619,7.932,-35.36317559,149.16532438,10.00,calibration-file(no-undistort)
1784075005.702,detection_logs/frame_1784075005690.jpg,39,green,0.7869,429.63,864.90,376,806,110,106,9.643,7.857,-35.36317538,149.16532355,10.00,calibration-file(no-undistort)
1784075005.780,detection_logs/frame_1784075005767.jpg,39,green,0.7805,419.33,863.06,364,808,112,106,9.656,7.779,-35.36317526,149.16532269,10.00,calibration-file(no-undistort)
1784075005.848,detection_logs/frame_1784075005833.jpg,39,green,0.7687,406.76,865.72,346,818,116,106,9.637,7.683,-35.36317543,149.16532164,10.00,calibration-file(no-undistort)
1784075005.917,detection_logs/frame_1784075005898.jpg,39,green,0.7634,394.91,870.17,336,824,116,106,9.605,7.957,-35.36317571,149.16532465,10.00,calibration-file(no-undistort)
1784075005.966,detection_logs/frame_1784075005955.jpg,39,green,0.7590,383.26,872.64,324,822,118,106,9.588,7.868,-35.36317587,149.16532367,10.00,calibration-file(no-undistort)
1784075006.037,detection_logs/frame_1784075006024.jpg,39,green,0.7506,370.20,871.89,308,816,120,106,9.593,7.769,-35.36317582,149.16532258,10.00,calibration-file(no-undistort)
1784075006.109,detection_logs/frame_1784075006094.jpg,39,green,0.7453,358.11,868.31,298,810,120,104,9.619,7.678,-35.36317560,149.16532157,10.00,calibration-file(no-undistort)
1784075006.180,detection_logs/frame_1784075006168.jpg,39,green,0.7398,346.40,867.13,286,814,122,104,9.627,7.970,-35.36317552,149.16532480,10.00,calibration-file(no-undistort)
1784075006.242,detection_logs/frame_1784075006226.jpg,39,green,0.7312,332.58,870.67,268,824,124,106,9.602,7.865,-35.36317575,149.16532364,10.00,calibration-file(no-undistort)
1784075006.305,detection_logs/frame_1784075006293.jpg,39,green,0.7249,320.00,874.95,258,828,124,106,9.571,7.770,-35.36317602,149.16532259,10.00,calibration-file(no-undistort)
1784075006.372,detection_logs/frame_1784075006360.jpg,39,green,0.7197,307.20,877.24,244,826,126,106,9.555,7.673,-35.36317617,149.16532152,10.00,calibration-file(no-undistort)
1784075006.442,detection_logs/frame_1784075006429.jpg,39,green,0.7122,292.65,876.33,226,820,128,106,9.562,7.944,-35.36317611,149.16532451,10.00,calibration-file(no-undistort)
1784075006.513,detection_logs/frame_1784075006500.jpg,39,green,0.7076,279.63,873.01,216,814,128,106,9.585,7.845,-35.36317590,149.16532342,10.00,calibration-file(no-undistort)
1784075006.575,detection_logs/frame_1784075006563.jpg,39,green,0.7014,265.80,872.81,200,820,130,106,9.587,7.740,-35.36317588,149.16532226,10.00,calibration-file(no-undistort)
1784075018.851,detection_logs/frame_1784075018841.jpg,40,green,0.3935,1630.34,516.23,1576,462,122,104,12.120,36.214,-35.36315312,149.16563592,10.00,calibration-file(no-undistort)
1784075018.920,detection_logs/frame_1784075018907.jpg,40,green,0.3999,1614.20,512.58,1544,456,122,104,12.146,36.092,-35.36315289,149.16563457,10.00,calibration-file(no-undistort)
1784075018.992,detection_logs/frame_1784075018980.jpg,40,green,0.4091,1585.16,508.31,1518,454,118,104,12.176,36.316,-35.36315262,149.16563704,10.00,calibration-file(no-undistort)
1784075019.055,detection_logs/frame_1784075019042.jpg,40,green,0.4232,1549.64,511.18,1484,462,118,104,12.156,36.047,-35.36315280,149.16563408,10.00,calibration-file(no-undistort)
1784075019.122,detection_logs/frame_1784075019109.jpg,40,green,0.4269,1517.06,518.31,1458,472,116,104,12.105,35.800,-35.36315326,149.16563136,10.00,calibration-file(no-undistort)
1784075019.193,detection_logs/frame_1784075019183.jpg,40,green,0.4276,1488.21,525.37,1436,478,114,102,12.055,35.581,-35.36315371,149.16562895,10.00,calibration-file(no-undistort)
1784075019.259,detection_logs/frame_1784075019246.jpg,40,green,0.4355,1461.15,527.21,1410,474,114,102,12.042,35.821,-35.36315383,149.16563159,10.00,calibration-file(no-undistort)
1784075019.327,detection_logs/frame_1784075019316.jpg,40,green,0.4381,1436.26,526.20,1390,468,112,102,12.049,35.632,-35.36315376,149.16562951,10.00,calibration-file(no-undistort)
1784075019.388,detection_logs/frame_1784075019376.jpg,40,green,0.4319,1415.39,523.40,1374,466,112,100,12.069,35.474,-35.36315358,149.16562777,10.00,calibration-file(no-undistort)
1784075019.458,detection_logs/frame_1784075019444.jpg,40,green,0.4530,1399.93,524.81,1360,472,106,102,12.059,35.357,-35.36315367,149.16562647,10.00,calibration-file(no-undistort)
1784075019.524,detection_logs/frame_1784075019514.jpg,40,green,0.4495,1380.91,528.19,1338,480,112,102,12.035,35.648,-35.36315389,149.16562969,10.00,calibration-file(no-undistort)
1784075019.591,detection_logs/frame_1784075019581.jpg,40,green,0.4460,1370.71,533.01,1334,486,106,100,12.001,35.571,-35.36315420,149.16562883,10.00,calibration-file(no-undistort)
1784075019.661,detection_logs/frame_1784075019650.jpg,40,green,0.4526,1358.75,535.20,1316,480,106,104,11.985,35.480,-35.36315433,149.16562784,10.00,calibration-file(no-undistort)
1784075019.723,detection_logs/frame_1784075019710.jpg,40,green,0.4464,1347.30,531.86,1304,472,104,102,12.009,35.820,-35.36315412,149.16563158,10.00,calibration-file(no-undistort)
1784075019.802,detection_logs/frame_1784075019790.jpg,41,blue,0.4457,1346.70,521.10,1294,470,104,102,12.085,35.816,-35.36315344,149.16563153,10.00,calibration-file(no-undistort)
1784075019.858,detection_logs/frame_1784075019844.jpg,41,blue,0.4563,1336.91,524.96,1276,478,106,100,12.058,35.742,-35.36315368,149.16563071,10.00,calibration-file(no-undistort)
1784075019.937,detection_logs/frame_1784075019924.jpg,40,green,0.4636,1309.40,536.76,1264,486,106,102,11.974,35.533,-35.36315443,149.16562841,10.00,calibration-file(no-undistort)
1784075020.002,detection_logs/frame_1784075019984.jpg,40,green,0.4571,1302.65,540.01,1256,490,106,102,11.951,35.881,-35.36315464,149.16563225,10.00,calibration-file(no-undistort)
1784075020.069,detection_logs/frame_1784075020052.jpg,40,green,0.4477,1291.01,539.22,1240,486,106,100,11.957,35.793,-35.36315459,149.16563128,10.00,calibration-file(no-undistort)
1784075020.140,detection_logs/frame_1784075020123.jpg,40,green,0.4549,1280.94,535.60,1230,478,106,102,11.982,35.717,-35.36315436,149.16563044,10.00,calibration-file(no-undistort)
1784075020.200,detection_logs/frame_1784075020186.jpg,40,green,0.4482,1271.13,531.36,1220,476,108,100,12.012,35.642,-35.36315409,149.16562962,10.00,calibration-file(no-undistort)
1784075020.277,detection_logs/frame_1784075020264.jpg,40,green,0.4582,1260.06,531.84,1208,482,106,102,12.009,35.949,-35.36315412,149.16563299,10.00,calibration-file(no-undistort)
1784075020.340,detection_logs/frame_1784075020325.jpg,40,green,0.4534,1250.36,536.19,1200,492,106,100,11.978,35.875,-35.36315440,149.16563218,10.00,calibration-file(no-undistort)
1784075020.408,detection_logs/frame_1784075020391.jpg,40,green,0.4609,1241.23,540.15,1192,494,106,102,11.950,35.806,-35.36315465,149.16563142,10.00,calibration-file(no-undistort)
1784075020.471,detection_logs/frame_1784075020458.jpg,40,green,0.4575,1230.64,541.02,1178,490,106,100,11.944,35.726,-35.36315471,149.16563054,10.00,calibration-file(no-undistort)
1784075020.537,detection_logs/frame_1784075020522.jpg,40,green,0.4651,1219.75,538.49,1168,482,104,102,11.962,36.024,-35.36315455,149.16563383,10.00,calibration-file(no-undistort)
1784075020.602,detection_logs/frame_1784075020591.jpg,40,green,0.4669,1209.28,535.51,1158,480,104,102,11.983,35.945,-35.36315435,149.16563295,10.00,calibration-file(no-undistort)
1784075020.675,detection_logs/frame_1784075020662.jpg,40,green,0.4669,1196.58,537.37,1142,488,104,102,11.970,35.849,-35.36315447,149.16563189,10.00,calibration-file(no-undistort)
1784075020.752,detection_logs/frame_1784075020738.jpg,40,green,0.4619,1183.46,541.95,1130,498,104,100,11.937,36.140,-35.36315477,149.16563510,10.00,calibration-file(no-undistort)
1784075020.811,detection_logs/frame_1784075020798.jpg,40,green,0.4759,1171.28,546.84,1120,500,104,102,11.903,36.047,-35.36315508,149.16563408,10.00,calibration-file(no-undistort)
1784075020.872,detection_logs/frame_1784075020860.jpg,40,green,0.4756,1158.06,547.81,1106,494,102,102,11.896,35.947,-35.36315514,149.16563298,10.00,calibration-file(no-undistort)
1784075020.940,detection_logs/frame_1784075020926.jpg,40,green,0.4751,1147.02,545.23,1096,488,104,100,11.914,35.863,-35.36315498,149.16563205,10.00,calibration-file(no-undistort)
1784075021.008,detection_logs/frame_1784075020994.jpg,40,green,0.4762,1135.63,542.41,1086,486,102,102,11.934,36.158,-35.36315479,149.16563530,10.00,calibration-file(no-undistort)
1784075021.070,detection_logs/frame_1784075021058.jpg,40,green,0.4796,1122.77,543.83,1070,494,102,102,11.924,36.061,-35.36315489,149.16563423,10.00,calibration-file(no-undistort)
1784075021.144,detection_logs/frame_1784075021128.jpg,40,green,0.4809,1110.38,548.36,1058,504,102,100,11.892,35.967,-35.36315518,149.16563319,10.00,calibration-file(no-undistort)
1784075021.216,detection_logs/frame_1784075021200.jpg,40,green,0.4832,1097.70,552.72,1046,506,102,100,11.861,35.871,-35.36315545,149.16563213,10.00,calibration-file(no-undistort)
1784075021.316,detection_logs/frame_1784075021284.jpg,40,green,0.4855,1083.46,552.64,1030,498,100,102,11.861,36.144,-35.36315545,149.16563515,10.00,calibration-file(no-undistort)
1784075021.377,detection_logs/frame_1784075021359.jpg,40,green,0.4874,1070.03,550.07,1018,492,100,102,11.880,36.042,-35.36315528,149.16563402,10.00,calibration-file(no-undistort)
1784075021.450,detection_logs/frame_1784075021439.jpg,40,green,0.4874,1057.75,547.59,1008,492,98,102,11.897,35.949,-35.36315513,149.16563300,10.00,calibration-file(no-undistort)
1784075021.625,detection_logs/frame_1784075021610.jpg,40,green,0.4874,1044.43,549.67,994,502,98,100,11.882,35.848,-35.36315526,149.16563189,10.00,calibration-file(no-undistort)
1784075021.689,detection_logs/frame_1784075021673.jpg,40,green,0.4863,1035.23,553.89,990,508,98,102,11.852,36.151,-35.36315553,149.16563522,10.00,calibration-file(no-undistort)
1784075021.750,detection_logs/frame_1784075021737.jpg,40,green,0.4862,1032.01,557.15,996,508,98,102,11.829,36.126,-35.36315574,149.16563495,10.00,calibration-file(no-undistort)
1784075021.916,detection_logs/frame_1784075021903.jpg,40,green,0.4895,1033.38,555.40,1000,500,98,100,11.842,36.137,-35.36315562,149.16563506,10.00,calibration-file(no-undistort)
1784075021.980,detection_logs/frame_1784075021967.jpg,40,green,0.4984,1033.31,552.33,994,494,98,102,11.863,36.136,-35.36315543,149.16563506,10.00,calibration-file(no-undistort)
1784075022.052,detection_logs/frame_1784075022038.jpg,40,green,0.4861,1030.48,549.78,986,496,96,100,11.882,36.505,-35.36315527,149.16563912,10.00,calibration-file(no-undistort)
1784075022.120,detection_logs/frame_1784075022108.jpg,40,green,0.4948,1026.84,550.45,980,502,96,102,11.877,36.477,-35.36315531,149.16563882,10.00,calibration-file(no-undistort)
1784075022.176,detection_logs/frame_1784075022164.jpg,40,green,0.4921,1021.30,554.48,972,510,96,102,11.848,36.435,-35.36315557,149.16563835,10.00,calibration-file(no-undistort)
1784075022.259,detection_logs/frame_1784075022243.jpg,40,green,0.4956,1009.35,557.45,952,510,96,102,11.827,36.781,-35.36315576,149.16564216,10.00,calibration-file(no-undistort)
1784075022.309,detection_logs/frame_1784075022297.jpg,40,green,0.5023,992.01,556.43,928,504,96,100,11.834,36.649,-35.36315569,149.16564071,10.00,calibration-file(no-undistort)
1784075022.376,detection_logs/frame_1784075022363.jpg,40,green,0.4967,969.16,553.97,902,500,94,100,11.852,36.476,-35.36315553,149.16563880,10.00,calibration-file(no-undistort)
1784075022.441,detection_logs/frame_1784075022430.jpg,40,green,0.5115,939.40,554.05,866,504,96,102,11.851,36.250,-35.36315554,149.16563632,10.00,calibration-file(no-undistort)
1784075022.510,detection_logs/frame_1784075022498.jpg,40,green,0.5047,904.70,558.05,832,514,94,102,11.823,36.441,-35.36315579,149.16563842,10.00,calibration-file(no-undistort)
1784075022.576,detection_logs/frame_1784075022562.jpg,40,green,0.5045,870.73,564.48,804,522,94,102,11.777,36.184,-35.36315620,149.16563558,10.00,calibration-file(no-undistort)
1784075022.663,detection_logs/frame_1784075022653.jpg,40,green,0.5046,835.78,569.01,772,522,94,102,11.745,35.919,-35.36315649,149.16563266,10.00,calibration-file(no-undistort)
1784075022.712,detection_logs/frame_1784075022697.jpg,40,green,0.5007,800.71,569.43,742,516,94,100,11.742,35.653,-35.36315652,149.16562973,10.00,calibration-file(no-undistort)
1784075022.779,detection_logs/frame_1784075022766.jpg,40,green,0.5007,768.90,567.93,718,512,96,100,11.753,35.865,-35.36315642,149.16563208,10.00,calibration-file(no-undistort)
1784075022.848,detection_logs/frame_1784075022834.jpg,40,green,0.4916,739.13,567.19,694,514,94,102,11.758,35.640,-35.36315638,149.16562959,10.00,calibration-file(no-undistort)
1784075022.923,detection_logs/frame_1784075022911.jpg,40,green,0.4853,710.95,571.01,670,526,94,100,11.731,35.426,-35.36315662,149.16562724,10.00,calibration-file(no-undistort)
1784075022.984,detection_logs/frame_1784075022968.jpg,40,green,0.4890,687.87,576.86,654,532,94,102,11.689,35.251,-35.36315699,149.16562531,10.00,calibration-file(no-undistort)
1784075023.043,detection_logs/frame_1784075023031.jpg,40,green,0.4781,667.94,580.29,636,532,94,100,11.665,35.536,-35.36315721,149.16562845,10.00,calibration-file(no-undistort)
1784075023.107,detection_logs/frame_1784075023096.jpg,40,green,0.4813,649.80,579.18,618,524,94,102,11.673,35.398,-35.36315714,149.16562693,10.00,calibration-file(no-undistort)
1784075023.180,detection_logs/frame_1784075023169.jpg,40,green,0.4802,635.34,576.21,606,520,96,100,11.694,35.289,-35.36315695,149.16562572,10.00,calibration-file(no-undistort)
1784075023.240,detection_logs/frame_1784075023229.jpg,40,green,0.4866,626.22,576.73,592,524,102,102,11.690,35.220,-35.36315699,149.16562496,10.00,calibration-file(no-undistort)
1784075023.307,detection_logs/frame_1784075023295.jpg,40,green,0.4763,612.00,580.20,576,534,96,100,11.666,35.547,-35.36315721,149.16562857,10.00,calibration-file(no-undistort)
1784075023.375,detection_logs/frame_1784075023363.jpg,40,green,0.4893,604.38,584.16,566,538,104,102,11.637,35.490,-35.36315746,149.16562794,10.00,calibration-file(no-undistort)
1784075023.437,detection_logs/frame_1784075023427.jpg,40,green,0.4751,595.83,587.93,554,538,102,102,11.611,35.425,-35.36315770,149.16562722,10.00,calibration-file(no-undistort)
1784075023.517,detection_logs/frame_1784075023505.jpg,40,green,0.4770,586.00,586.74,540,530,102,102,11.619,35.741,-35.36315762,149.16563070,10.00,calibration-file(no-undistort)
1784075022.302,detection_logs/frame_1784075022288.jpg,40,green,0.4723,577.52,582.64,532,524,102,102,11.648,35.676,-35.36315736,149.16562999,10.00,calibration-file(no-undistort)
1784075022.365,detection_logs/frame_1784075022352.jpg,40,green,0.4788,569.23,580.68,520,528,104,102,11.662,35.614,-35.36315724,149.16562930,10.00,calibration-file(no-undistort)
1784075022.426,detection_logs/frame_1784075022413.jpg,40,green,0.4771,559.27,584.08,506,538,104,102,11.638,35.538,-35.36315745,149.16562847,10.00,calibration-file(no-undistort)
1784075022.499,detection_logs/frame_1784075022485.jpg,40,green,0.4656,550.21,588.40,498,544,104,100,11.607,35.860,-35.36315773,149.16563201,10.00,calibration-file(no-undistort)
1784075022.575,detection_logs/frame_1784075022565.jpg,40,green,0.4652,540.22,590.65,486,542,104,100,11.591,35.784,-35.36315787,149.16563118,10.00,calibration-file(no-undistort)
1784075022.647,detection_logs/frame_1784075022631.jpg,40,green,0.4623,524.14,589.10,462,534,104,102,11.602,35.662,-35.36315777,149.16562984,10.00,calibration-file(no-undistort)
1784075022.706,detection_logs/frame_1784075022692.jpg,40,green,0.4594,500.01,587.15,426,532,106,102,11.616,35.479,-35.36315765,149.16562782,10.00,calibration-file(no-undistort)
1784075022.773,detection_logs/frame_1784075022761.jpg,40,green,0.4456,466.69,589.37,380,540,110,102,11.600,35.617,-35.36315779,149.16562934,10.00,calibration-file(no-undistort)
1784075022.842,detection_logs/frame_1784075022831.jpg,40,green,0.4322,423.17,595.04,328,550,112,104,11.560,35.287,-35.36315815,149.16562570,10.00,calibration-file(no-undistort)
1784075022.907,detection_logs/frame_1784075022896.jpg,40,green,0.4275,373.90,602.85,276,558,114,106,11.505,34.914,-35.36315865,149.16562159,10.00,calibration-file(no-undistort)
1784075022.971,detection_logs/frame_1784075022961.jpg,40,green,0.4061,319.20,607.69,222,558,118,106,11.470,34.499,-35.36315896,149.16561702,10.00,calibration-file(no-undistort)
1784075023.642,detection_logs/frame_1784075023632.jpg,42,green,0.3875,252.43,611.73,192,558,118,106,11.442,34.692,-35.36315922,149.16561915,10.00,calibration-file(no-undistort)
1784075023.706,detection_logs/frame_1784075023695.jpg,42,green,0.3908,266.53,612.77,220,562,116,104,11.434,34.799,-35.36315929,149.16562032,10.00,calibration-file(no-undistort)
1784075023.773,detection_logs/frame_1784075023761.jpg,42,green,0.4057,291.52,611.24,244,558,116,104,11.445,35.052,-35.36315919,149.16562311,10.00,calibration-file(no-undistort)
1784075023.837,detection_logs/frame_1784075023825.jpg,42,green,0.4194,319.39,605.15,268,548,114,104,11.488,35.263,-35.36315880,149.16562544,10.00,calibration-file(no-undistort)
1784075023.909,detection_logs/frame_1784075023898.jpg,42,green,0.4255,343.30,597.28,288,542,114,102,11.544,35.444,-35.36315830,149.16562743,10.00,calibration-file(no-undistort)
1784075023.979,detection_logs/frame_1784075023968.jpg,42,green,0.4206,367.98,593.51,316,542,112,102,11.571,35.631,-35.36315806,149.16562950,10.00,calibration-file(no-undistort)
1784075024.041,detection_logs/frame_1784075024026.jpg,42,green,0.4345,399.70,593.76,356,548,110,100,11.569,35.890,-35.36315807,149.16563234,10.00,calibration-file(no-undistort)
1784075024.105,detection_logs/frame_1784075024092.jpg,42,green,0.4380,439.36,595.77,406,552,106,98,11.555,36.190,-35.36315820,149.16563566,10.00,calibration-file(no-undistort)
1784075024.172,detection_logs/frame_1784075024159.jpg,42,green,0.4613,487.55,594.33,462,544,104,100,11.565,36.556,-35.36315811,149.16563968,10.00,calibration-file(no-undistort)
1784075024.239,detection_logs/frame_1784075024224.jpg,42,green,0.4610,539.00,588.78,516,534,102,96,11.605,36.946,-35.36315775,149.16564398,10.00,calibration-file(no-undistort)
1784075024.314,detection_logs/frame_1784075024303.jpg,42,green,0.4691,588.20,581.56,556,526,100,96,11.656,37.346,-35.36315729,149.16564839,10.00,calibration-file(no-undistort)
1784075024.372,detection_logs/frame_1784075024360.jpg,42,green,0.4740,630.95,576.93,586,526,100,96,11.689,37.670,-35.36315700,149.16565196,10.00,calibration-file(no-undistort)
1784075024.504,detection_logs/frame_1784075024492.jpg,42,green,0.4834,687.23,578.84,614,538,100,96,11.675,38.097,-35.36315712,149.16565666,10.00,calibration-file(no-undistort)
1784075024.585,detection_logs/frame_1784075024573.jpg,42,green,0.4856,695.17,579.85,614,534,100,96,11.668,38.266,-35.36315718,149.16565852,10.00,calibration-file(no-undistort)
1784075024.634,detection_logs/frame_1784075024622.jpg,42,green,0.4788,695.75,577.29,606,526,100,96,11.686,38.270,-35.36315702,149.16565857,10.00,calibration-file(no-undistort)
1784075024.704,detection_logs/frame_1784075024691.jpg,43,green,0.4769,630.60,570.61,582,522,100,96,11.734,37.776,-35.36315659,149.16565313,10.00,calibration-file(no-undistort)
1784075024.770,detection_logs/frame_1784075024757.jpg,43,green,0.4737,618.80,574.53,558,528,100,96,11.706,37.932,-35.36315685,149.16565484,10.00,calibration-file(no-undistort)
1784075024.845,detection_logs/frame_1784075024833.jpg,43,green,0.4693,592.88,583.24,528,538,100,96,11.644,37.736,-35.36315740,149.16565268,10.00,calibration-file(no-undistort)
1784075024.907,detection_logs/frame_1784075024894.jpg,43,green,0.4671,554.02,591.80,486,544,102,98,11.583,37.441,-35.36315795,149.16564943,10.00,calibration-file(no-undistort)
1784075024.972,detection_logs/frame_1784075024959.jpg,43,green,0.4597,513.39,596.73,448,544,104,98,11.548,37.133,-35.36315826,149.16564604,10.00,calibration-file(no-undistort)
1784075025.039,detection_logs/frame_1784075025027.jpg,43,green,0.4474,474.88,595.39,412,538,104,98,11.558,37.159,-35.36315818,149.16564632,10.00,calibration-file(no-undistort)
1784075025.105,detection_logs/frame_1784075025094.jpg,43,green,0.4437,433.29,594.18,368,536,106,100,11.566,36.843,-35.36315810,149.16564285,10.00,calibration-file(no-undistort)
1784075025.279,detection_logs/frame_1784075025269.jpg,43,green,0.4263,393.60,595.53,332,544,108,98,11.557,36.543,-35.36315819,149.16563954,10.00,calibration-file(no-undistort)
1784075025.350,detection_logs/frame_1784075025338.jpg,43,green,0.4347,358.95,601.35,304,554,110,100,11.515,36.280,-35.36315856,149.16563664,10.00,calibration-file(no-undistort)
1784075025.412,detection_logs/frame_1784075025402.jpg,43,green,0.4316,332.34,606.73,288,558,110,100,11.477,36.468,-35.36315890,149.16563872,10.00,calibration-file(no-undistort)
1784075025.483,detection_logs/frame_1784075025469.jpg,43,green,0.4137,309.55,609.19,270,556,110,98,11.460,36.296,-35.36315906,149.16563682,10.00,calibration-file(no-undistort)
1784075025.662,detection_logs/frame_1784075025649.jpg,43,green,0.4181,290.90,607.79,254,548,110,100,11.469,36.154,-35.36315897,149.16563526,10.00,calibration-file(no-undistort)
1784075025.715,detection_logs/frame_1784075025704.jpg,43,green,0.4156,275.72,605.05,240,546,110,100,11.489,36.039,-35.36315879,149.16563399,10.00,calibration-file(no-undistort)
1784075025.780,detection_logs/frame_1784075025769.jpg,43,green,0.4047,265.24,605.87,232,554,110,98,11.483,36.386,-35.36315885,149.16563782,10.00,calibration-file(no-undistort)
1784075025.848,detection_logs/frame_1784075025836.jpg,43,green,0.4114,255.44,610.21,216,562,112,100,11.452,36.312,-35.36315912,149.16563700,10.00,calibration-file(no-undistort)
1784075029.934,detection_logs/frame_1784075029923.jpg,44,green,0.5735,1622.63,565.65,1614,520,56,72,11.769,52.632,-35.36315628,149.16581677,10.00,calibration-file(no-undistort)
1784075029.998,detection_logs/frame_1784075029986.jpg,44,green,0.4139,1629.74,558.45,1582,504,120,96,11.820,53.149,-35.36315582,149.16582246,10.00,calibration-file(no-undistort)
1784075030.071,detection_logs/frame_1784075030057.jpg,44,green,0.4312,1617.59,559.51,1552,514,118,96,11.812,53.057,-35.36315589,149.16582145,10.00,calibration-file(no-undistort)
1784075030.134,detection_logs/frame_1784075030119.jpg,45,green,0.6135,1529.08,585.36,1520,542,54,70,11.629,52.386,-35.36315754,149.16581406,10.00,calibration-file(no-undistort)
1784075030.213,detection_logs/frame_1784075030197.jpg,44,green,0.4420,1565.72,557.63,1498,512,114,94,11.826,52.664,-35.36315577,149.16581712,10.00,calibration-file(no-undistort)
1784075030.264,detection_logs/frame_1784075030250.jpg,44,green,0.4505,1536.45,554.28,1476,506,114,94,11.850,52.896,-35.36315555,149.16581967,10.00,calibration-file(no-undistort)
1784075030.329,detection_logs/frame_1784075030320.jpg,44,green,0.4596,1511.45,552.67,1454,506,112,94,11.861,52.706,-35.36315545,149.16581759,10.00,calibration-file(no-undistort)
1784075030.399,detection_logs/frame_1784075030388.jpg,44,green,0.4575,1489.80,554.00,1438,512,112,94,11.852,52.542,-35.36315553,149.16581578,10.00,calibration-file(no-undistort)
1784075030.464,detection_logs/frame_1784075030454.jpg,44,green,0.4669,1471.33,559.65,1424,522,112,94,11.812,52.402,-35.36315590,149.16581424,10.00,calibration-file(no-undistort)
1784075030.535,detection_logs/frame_1784075030523.jpg,44,green,0.4730,1453.05,565.21,1406,526,112,94,11.772,52.699,-35.36315625,149.16581751,10.00,calibration-file(no-undistort)
1784075030.597,detection_logs/frame_1784075030586.jpg,44,green,0.4668,1439.29,567.93,1398,522,110,94,11.753,52.595,-35.36315642,149.16581636,10.00,calibration-file(no-undistort)
1784075030.662,detection_logs/frame_1784075030650.jpg,46,blue,0.6121,1396.68,581.66,1388,538,48,70,11.655,52.272,-35.36315730,149.16581280,10.00,calibration-file(no-undistort)
1784075030.731,detection_logs/frame_1784075030720.jpg,44,green,0.4709,1412.36,566.92,1372,514,110,94,11.760,52.391,-35.36315636,149.16581411,10.00,calibration-file(no-undistort)
1784075030.806,detection_logs/frame_1784075030793.jpg,44,green,0.4656,1404.48,566.12,1364,518,110,94,11.766,52.730,-35.36315631,149.16581785,10.00,calibration-file(no-undistort)
1784075030.883,detection_logs/frame_1784075030868.jpg,44,green,0.4733,1395.98,569.96,1354,528,110,94,11.738,52.666,-35.36315655,149.16581714,10.00,calibration-file(no-undistort)
1784075031.006,detection_logs/frame_1784075030991.jpg,44,green,0.4820,1374.22,573.40,1330,526,108,96,11.714,52.501,-35.36315677,149.16581533,10.00,calibration-file(no-undistort)
1784075031.136,detection_logs/frame_1784075031122.jpg,44,green,0.4804,1358.69,569.80,1314,518,102,94,11.739,52.792,-35.36315654,149.16581853,10.00,calibration-file(no-undistort)
1784075031.206,detection_logs/frame_1784075031194.jpg,44,green,0.4828,1349.82,571.07,1302,524,108,96,11.730,52.725,-35.36315662,149.16581779,10.00,calibration-file(no-undistort)
1784075031.279,detection_logs/frame_1784075031264.jpg,44,green,0.4920,1344.38,574.81,1298,532,104,96,11.704,53.056,-35.36315686,149.16582143,10.00,calibration-file(no-undistort)
1784075031.343,detection_logs/frame_1784075031329.jpg,44,green,0.4819,1335.31,578.68,1284,536,102,94,11.676,52.987,-35.36315711,149.16582068,10.00,calibration-file(no-undistort)
1784075031.478,detection_logs/frame_1784075031463.jpg,44,green,0.4890,1317.63,575.67,1266,522,100,96,11.698,52.853,-35.36315692,149.16581920,10.00,calibration-file(no-undistort)
1784075031.550,detection_logs/frame_1784075031536.jpg,44,green,0.4854,1305.59,572.69,1250,522,102,94,11.719,53.152,-35.36315673,149.16582250,10.00,calibration-file(no-undistort)
1784075031.612,detection_logs/frame_1784075031599.jpg,44,green,0.4890,1296.40,573.46,1244,528,100,94,11.713,53.082,-35.36315678,149.16582173,10.00,calibration-file(no-undistort)
1784075031.677,detection_logs/frame_1784075031666.jpg,44,green,0.4907,1285.78,576.90,1232,536,102,94,11.689,53.002,-35.36315700,149.16582084,10.00,calibration-file(no-undistort)
1784075031.753,detection_logs/frame_1784075031743.jpg,44,green,0.4990,1273.11,582.22,1218,540,100,96,11.651,52.906,-35.36315734,149.16581978,10.00,calibration-file(no-undistort)
1784075031.814,detection_logs/frame_1784075031800.jpg,44,green,0.5002,1262.54,582.88,1210,534,100,96,11.646,53.198,-35.36315738,149.16582300,10.00,calibration-file(no-undistort)
1784075031.880,detection_logs/frame_1784075031867.jpg,44,green,0.5039,1251.43,581.50,1198,528,100,96,11.656,53.113,-35.36315729,149.16582207,10.00,calibration-file(no-undistort)
1784075031.947,detection_logs/frame_1784075031933.jpg,44,green,0.5095,1237.63,578.93,1182,526,98,96,11.675,53.009,-35.36315713,149.16582092,10.00,calibration-file(no-undistort)
1784075032.013,detection_logs/frame_1784075031997.jpg,44,green,0.5055,1225.50,579.72,1172,534,98,94,11.669,52.917,-35.36315718,149.16581991,10.00,calibration-file(no-undistort)
1784075032.083,detection_logs/frame_1784075032068.jpg,44,green,0.5140,1211.76,583.50,1158,542,98,96,11.642,53.185,-35.36315742,149.16582286,10.00,calibration-file(no-undistort)
1784075032.305,detection_logs/frame_1784075032293.jpg,44,green,0.5258,1169.02,581.55,1116,532,96,96,11.656,53.242,-35.36315729,149.16582349,10.00,calibration-file(no-undistort)
1784075032.398,detection_logs/frame_1784075032378.jpg,44,green,0.5301,1152.86,581.01,1100,532,96,96,11.660,53.120,-35.36315726,149.16582214,10.00,calibration-file(no-undistort)
1784075032.437,detection_logs/frame_1784075032423.jpg,44,green,0.5252,1139.08,583.48,1090,540,96,94,11.642,53.015,-35.36315742,149.16582099,10.00,calibration-file(no-undistort)
1784075032.509,detection_logs/frame_1784075032493.jpg,44,green,0.5432,1126.42,588.72,1078,548,96,96,11.605,52.919,-35.36315775,149.16581993,10.00,calibration-file(no-undistort)
1784075032.681,detection_logs/frame_1784075032670.jpg,44,green,0.5453,1113.08,593.52,1064,550,96,96,11.571,53.208,-35.36315806,149.16582312,10.00,calibration-file(no-undistort)
1784075032.763,detection_logs/frame_1784075032746.jpg,44,green,0.5418,1102.74,594.58,1058,544,94,96,11.563,53.130,-35.36315812,149.16582226,10.00,calibration-file(no-undistort)
1784075032.816,detection_logs/frame_1784075032801.jpg,44,green,0.5515,1096.97,591.20,1058,536,94,96,11.587,53.086,-35.36315791,149.16582177,10.00,calibration-file(no-undistort)
1784075032.981,detection_logs/frame_1784075032967.jpg,44,green,0.5443,1094.13,589.09,1058,536,94,96,11.602,53.065,-35.36315777,149.16582154,10.00,calibration-file(no-undistort)
1784075033.049,detection_logs/frame_1784075033037.jpg,44,green,0.5466,1091.04,590.71,1052,544,94,96,11.591,53.423,-35.36315788,149.16582548,10.00,calibration-file(no-undistort)
1784075033.123,detection_logs/frame_1784075033109.jpg,44,green,0.5411,1089.85,594.43,1050,552,92,94,11.564,53.414,-35.36315812,149.16582538,10.00,calibration-file(no-undistort)
1784075033.188,detection_logs/frame_1784075033175.jpg,44,green,0.5444,1089.91,597.40,1050,552,92,96,11.543,53.414,-35.36315830,149.16582538,10.00,calibration-file(no-undistort)
1784075033.256,detection_logs/frame_1784075033244.jpg,44,green,0.5384,1088.13,596.59,1046,546,90,94,11.549,53.401,-35.36315825,149.16582524,10.00,calibration-file(no-undistort)
1784075033.326,detection_logs/frame_1784075033313.jpg,44,green,0.5511,1080.72,593.33,1028,540,92,94,11.572,53.753,-35.36315805,149.16582912,10.00,calibration-file(no-undistort)
1784075033.384,detection_logs/frame_1784075033372.jpg,44,green,0.5488,1065.90,591.37,1006,540,90,96,11.586,53.640,-35.36315792,149.16582788,10.00,calibration-file(no-undistort)
1784075033.461,detection_logs/frame_1784075033447.jpg,44,green,0.5574,1045.70,593.71,980,550,90,94,11.570,53.487,-35.36315807,149.16582619,10.00,calibration-file(no-undistort)
1784075033.518,detection_logs/frame_1784075033505.jpg,44,green,0.5680,1017.22,598.71,944,558,90,96,11.534,53.271,-35.36315839,149.16582381,10.00,calibration-file(no-undistort)
1784075033.583,detection_logs/frame_1784075033570.jpg,44,green,0.5533,982.93,603.83,910,562,88,94,11.498,53.465,-35.36315872,149.16582595,10.00,calibration-file(no-undistort)
1784075033.658,detection_logs/frame_1784075033641.jpg,44,green,0.5610,947.67,604.18,880,554,88,96,11.495,53.198,-35.36315874,149.16582301,10.00,calibration-file(no-undistort)
1784075033.732,detection_logs/frame_1784075033715.jpg,44,green,0.5626,910.57,603.02,846,550,88,96,11.503,52.917,-35.36315866,149.16581991,10.00,calibration-file(no-undistort)
1784075033.790,detection_logs/frame_1784075033774.jpg,44,green,0.5577,874.26,602.84,816,554,88,94,11.505,53.095,-35.36315865,149.16582187,10.00,calibration-file(no-undistort)
1784075033.851,detection_logs/frame_1784075033835.jpg,44,green,0.5700,842.11,606.75,792,564,90,94,11.477,52.852,-35.36315890,149.16581919,10.00,calibration-file(no-undistort)
1784075033.922,detection_logs/frame_1784075033904.jpg,44,green,0.5693,811.32,612.05,766,572,90,94,11.439,52.618,-35.36315924,149.16581662,10.00,calibration-file(no-undistort)
1784075033.988,detection_logs/frame_1784075033973.jpg,44,green,0.5569,784.47,616.54,746,572,88,96,11.407,52.415,-35.36315953,149.16581438,10.00,calibration-file(no-undistort)
1784075034.055,detection_logs/frame_1784075034039.jpg,44,green,0.5661,762.96,616.99,730,566,90,96,11.404,52.706,-35.36315956,149.16581758,10.00,calibration-file(no-undistort)
1784075034.133,detection_logs/frame_1784075034120.jpg,44,green,0.5633,742.48,615.76,710,562,90,94,11.413,52.550,-35.36315948,149.16581587,10.00,calibration-file(no-undistort)
1784075034.198,detection_logs/frame_1784075034185.jpg,44,green,0.5596,725.31,613.60,694,562,90,94,11.428,52.420,-35.36315934,149.16581444,10.00,calibration-file(no-undistort)
1784075034.260,detection_logs/frame_1784075034246.jpg,44,green,0.5514,713.13,615.27,682,570,94,96,11.416,52.328,-35.36315945,149.16581342,10.00,calibration-file(no-undistort)
1784075034.326,detection_logs/frame_1784075034313.jpg,44,green,0.5482,701.00,619.92,666,578,94,96,11.383,52.653,-35.36315974,149.16581701,10.00,calibration-file(no-undistort)
1784075034.390,detection_logs/frame_1784075034378.jpg,44,green,0.5446,689.24,622.88,652,578,94,96,11.362,52.564,-35.36315993,149.16581602,10.00,calibration-file(no-undistort)
1784075034.455,detection_logs/frame_1784075034443.jpg,44,green,0.5453,678.63,621.69,642,570,94,98,11.371,52.484,-35.36315985,149.16581514,10.00,calibration-file(no-undistort)
1784075034.524,detection_logs/frame_1784075034511.jpg,44,green,0.5425,667.57,618.63,628,564,94,98,11.392,52.400,-35.36315966,149.16581421,10.00,calibration-file(no-undistort)
1784075034.601,detection_logs/frame_1784075034587.jpg,44,green,0.5457,656.39,618.12,614,568,96,96,11.396,52.733,-35.36315963,149.16581788,10.00,calibration-file(no-undistort)
1784075034.651,detection_logs/frame_1784075034635.jpg,44,green,0.5421,647.51,619.45,606,574,96,98,11.387,52.666,-35.36315971,149.16581714,10.00,calibration-file(no-undistort)
1784075034.720,detection_logs/frame_1784075034706.jpg,44,green,0.5478,637.11,624.26,592,582,96,98,11.352,52.587,-35.36316002,149.16581627,10.00,calibration-file(no-undistort)
1784075034.802,detection_logs/frame_1784075034786.jpg,44,green,0.5365,625.20,627.63,578,582,96,98,11.329,52.887,-35.36316023,149.16581958,10.00,calibration-file(no-undistort)
1784075034.861,detection_logs/frame_1784075034843.jpg,44,green,0.5335,615.23,627.43,570,576,96,96,11.330,52.811,-35.36316022,149.16581874,10.00,calibration-file(no-undistort)
1784075034.919,detection_logs/frame_1784075034903.jpg,44,green,0.5452,604.62,625.15,556,570,98,98,11.346,52.731,-35.36316008,149.16581786,10.00,calibration-file(no-undistort)
1784075034.997,detection_logs/frame_1784075034980.jpg,44,green,0.5366,592.16,623.49,542,572,98,96,11.358,52.636,-35.36315997,149.16581682,10.00,calibration-file(no-undistort)
1784075035.061,detection_logs/frame_1784075035047.jpg,44,green,0.5369,581.50,626.18,534,580,98,98,11.339,52.928,-35.36316014,149.16582003,10.00,calibration-file(no-undistort)
1784075035.121,detection_logs/frame_1784075035106.jpg,44,green,0.5383,570.36,631.57,520,588,100,98,11.301,52.843,-35.36316049,149.16581910,10.00,calibration-file(no-undistort)
1784075035.198,detection_logs/frame_1784075035180.jpg,44,green,0.5400,557.58,634.05,506,586,100,98,11.283,52.746,-35.36316064,149.16581803,10.00,calibration-file(no-undistort)
1784075035.265,detection_logs/frame_1784075035247.jpg,44,green,0.5395,546.61,632.46,498,578,100,98,11.294,52.663,-35.36316054,149.16581711,10.00,calibration-file(no-undistort)
1784075035.340,detection_logs/frame_1784075035320.jpg,44,green,0.5376,535.90,629.79,486,574,100,98,11.313,52.963,-35.36316037,149.16582042,10.00,calibration-file(no-undistort)
1784075035.403,detection_logs/frame_1784075035390.jpg,44,green,0.5372,524.00,628.12,472,576,102,98,11.325,52.873,-35.36316027,149.16581942,10.00,calibration-file(no-undistort)
1784075035.467,detection_logs/frame_1784075035453.jpg,44,green,0.5291,513.64,630.92,464,586,102,96,11.305,52.794,-35.36316044,149.16581856,10.00,calibration-file(no-undistort)
1784075035.536,detection_logs/frame_1784075035521.jpg,44,green,0.5245,501.69,635.60,450,592,102,98,11.272,52.704,-35.36316074,149.16581756,10.00,calibration-file(no-undistort)
1784075035.599,detection_logs/frame_1784075035583.jpg,44,green,0.5217,489.78,638.28,438,590,102,98,11.253,52.995,-35.36316091,149.16582077,10.00,calibration-file(no-undistort)
1784075035.665,detection_logs/frame_1784075035651.jpg,44,green,0.5177,479.70,636.21,430,582,102,96,11.268,52.918,-35.36316078,149.16581992,10.00,calibration-file(no-undistort)
1784075035.733,detection_logs/frame_1784075035720.jpg,44,green,0.5218,467.63,633.06,414,578,104,96,11.290,52.827,-35.36316058,149.16581892,10.00,calibration-file(no-undistort)
1784075035.802,detection_logs/frame_1784075035787.jpg,44,green,0.5124,455.24,632.33,402,582,102,96,11.295,52.733,-35.36316053,149.16581788,10.00,calibration-file(no-undistort)
1784075035.873,detection_logs/frame_1784075035860.jpg,44,green,0.5192,444.63,635.02,392,590,104,98,11.276,53.034,-35.36316071,149.16582120,10.00,calibration-file(no-undistort)
1784075035.941,detection_logs/frame_1784075035926.jpg,44,green,0.5179,431.13,639.65,374,596,106,98,11.243,52.932,-35.36316100,149.16582007,10.00,calibration-file(no-undistort)
1784075036.005,detection_logs/frame_1784075035990.jpg,44,green,0.5174,417.41,642.14,360,594,106,98,11.225,52.827,-35.36316116,149.16581892,10.00,calibration-file(no-undistort)
1784075036.079,detection_logs/frame_1784075036063.jpg,44,green,0.5024,404.13,641.32,350,588,104,96,11.231,52.727,-35.36316111,149.16581781,10.00,calibration-file(no-undistort)
1784075036.145,detection_logs/frame_1784075036129.jpg,44,green,0.5108,389.91,638.72,332,584,108,96,11.250,52.991,-35.36316094,149.16582073,10.00,calibration-file(no-undistort)
1784075036.305,detection_logs/frame_1784075036292.jpg,44,green,0.5046,374.57,638.82,318,588,108,98,11.249,52.875,-35.36316095,149.16581945,10.00,calibration-file(no-undistort)
1784075036.403,detection_logs/frame_1784075036388.jpg,44,green,0.5081,362.71,642.80,310,598,108,98,11.221,52.785,-35.36316120,149.16581845,10.00,calibration-file(no-undistort)
1784075036.463,detection_logs/frame_1784075036449.jpg,44,green,0.4941,353.86,646.88,306,602,108,96,11.192,53.108,-35.36316146,149.16582202,10.00,calibration-file(no-undistort)
1784075036.617,detection_logs/frame_1784075036602.jpg,44,green,0.5020,349.24,647.60,306,596,108,98,11.187,53.073,-35.36316151,149.16582163,10.00,calibration-file(no-undistort)
1784075036.707,detection_logs/frame_1784075036687.jpg,44,green,0.5022,348.49,644.28,308,588,108,96,11.210,53.068,-35.36316130,149.16582157,10.00,calibration-file(no-undistort)
1784075036.778,detection_logs/frame_1784075036765.jpg,44,green,0.5073,352.23,639.76,316,584,106,96,11.242,53.096,-35.36316101,149.16582188,10.00,calibration-file(no-undistort)
1784075036.832,detection_logs/frame_1784075036820.jpg,44,green,0.4960,359.29,638.83,326,590,104,94,11.249,53.540,-35.36316095,149.16582677,10.00,calibration-file(no-undistort)
1784075036.902,detection_logs/frame_1784075036889.jpg,44,green,0.5050,364.02,640.60,322,596,106,96,11.236,53.576,-35.36316106,149.16582716,10.00,calibration-file(no-undistort)
1784075036.964,detection_logs/frame_1784075036951.jpg,44,green,0.5077,360.53,644.29,304,600,106,96,11.210,53.549,-35.36316130,149.16582687,10.00,calibration-file(no-undistort)
1784075037.050,detection_logs/frame_1784075037035.jpg,44,green,0.4953,350.11,645.28,282,596,108,96,11.203,53.470,-35.36316136,149.16582600,10.00,calibration-file(no-undistort)
1784075037.106,detection_logs/frame_1784075037093.jpg,44,green,0.4884,328.38,643.24,248,590,108,96,11.218,53.741,-35.36316123,149.16582899,10.00,calibration-file(no-undistort)
1784075037.162,detection_logs/frame_1784075037150.jpg,44,green,0.4824,297.00,642.03,206,590,110,98,11.226,53.503,-35.36316115,149.16582637,10.00,calibration-file(no-undistort)
1784075151.648,detection_logs/frame_1784075151615.jpg,1,green,0.6533,1650.50,355.50,1578,312,146,88,1.262,9.695,-35.36325067,149.16534380,10.00,calibration-file(no-undistort)
1784075151.702,detection_logs/frame_1784075151686.jpg,1,green,0.6574,1643.45,352.48,1564,306,146,88,1.283,10.069,-35.36325047,149.16534791,10.00,calibration-file(no-undistort)
1784075151.767,detection_logs/frame_1784075151752.jpg,1,green,0.6611,1632.10,345.44,1554,298,146,88,1.333,9.983,-35.36325002,149.16534696,10.00,calibration-file(no-undistort)
1784075151.833,detection_logs/frame_1784075151816.jpg,1,green,0.6708,1616.07,339.16,1538,294,144,88,1.378,9.861,-35.36324962,149.16534563,10.00,calibration-file(no-undistort)
1784075151.834,detection_logs/frame_1784075151816.jpg,2,red,0.5251,1609.34,708.47,1538,666,142,88,-1.246,9.810,-35.36327319,149.16534506,10.00,calibration-file(no-undistort)
1784075151.905,detection_logs/frame_1784075151890.jpg,1,green,0.6739,1602.38,337.64,1528,296,144,90,1.389,10.157,-35.36324953,149.16534888,10.00,calibration-file(no-undistort)
1784075151.974,detection_logs/frame_1784075151959.jpg,1,green,0.6810,1590.75,342.09,1520,306,142,90,1.357,10.069,-35.36324981,149.16534791,10.00,calibration-file(no-undistort)
1784075151.974,detection_logs/frame_1784075151959.jpg,2,red,0.5350,1596.95,718.68,1522,680,140,88,-1.319,10.116,-35.36327384,149.16534843,10.00,calibration-file(no-undistort)
1784075152.043,detection_logs/frame_1784075152025.jpg,1,green,0.6924,1576.62,346.97,1504,310,140,90,1.322,9.962,-35.36325012,149.16534673,10.00,calibration-file(no-undistort)
1784075152.043,detection_logs/frame_1784075152025.jpg,2,red,0.5376,1582.50,725.31,1506,684,140,88,-1.366,10.006,-35.36327427,149.16534722,10.00,calibration-file(no-undistort)
1784075152.102,detection_logs/frame_1784075152088.jpg,1,green,0.6937,1564.07,348.53,1494,306,140,90,1.311,9.866,-35.36325022,149.16534568,10.00,calibration-file(no-undistort)
1784075152.102,detection_logs/frame_1784075152088.jpg,2,red,0.5484,1569.40,726.31,1496,680,138,88,-1.373,9.907,-35.36327433,149.16534613,10.00,calibration-file(no-undistort)
1784075152.181,detection_logs/frame_1784075152164.jpg,1,green,0.6996,1553.39,345.38,1486,296,140,90,1.334,10.176,-35.36325002,149.16534909,10.00,calibration-file(no-undistort)
1784075152.181,detection_logs/frame_1784075152164.jpg,2,red,0.5572,1557.93,722.11,1488,672,136,88,-1.343,10.210,-35.36327406,149.16534947,10.00,calibration-file(no-undistort)
1784075152.241,detection_logs/frame_1784075152220.jpg,1,green,0.7075,1541.11,341.47,1472,292,138,90,1.361,10.083,-35.36324977,149.16534807,10.00,calibration-file(no-undistort)
1784075152.241,detection_logs/frame_1784075152220.jpg,2,red,0.5590,1544.51,717.49,1472,668,136,88,-1.310,10.108,-35.36327377,149.16534835,10.00,calibration-file(no-undistort)
1784075152.310,detection_logs/frame_1784075152291.jpg,1,green,0.7094,1530.10,340.33,1464,296,136,90,1.370,9.999,-35.36324970,149.16534715,10.00,calibration-file(no-undistort)
1784075152.310,detection_logs/frame_1784075152291.jpg,2,red,0.5675,1532.80,716.02,1464,672,134,88,-1.300,10.020,-35.36327367,149.16534737,10.00,calibration-file(no-undistort)
1784075152.376,detection_logs/frame_1784075152361.jpg,1,green,0.7175,1520.03,342.89,1456,304,134,90,1.351,9.923,-35.36324986,149.16534631,10.00,calibration-file(no-undistort)
1784075152.376,detection_logs/frame_1784075152361.jpg,2,red,0.5698,1522.53,719.06,1456,682,134,88,-1.321,9.942,-35.36327387,149.16534651,10.00,calibration-file(no-undistort)
1784075152.441,detection_logs/frame_1784075152426.jpg,1,green,0.7250,1507.81,346.55,1440,308,134,90,1.325,10.221,-35.36325009,149.16534958,10.00,calibration-file(no-undistort)
1784075152.441,detection_logs/frame_1784075152426.jpg,2,red,0.5712,1510.15,722.85,1442,684,132,90,-1.348,10.238,-35.36327411,149.16534978,10.00,calibration-file(no-undistort)
1784075152.509,detection_logs/frame_1784075152492.jpg,1,green,0.7274,1495.96,347.69,1430,304,132,90,1.317,10.131,-35.36325017,149.16534859,10.00,calibration-file(no-undistort)
1784075152.509,detection_logs/frame_1784075152492.jpg,2,red,0.5815,1497.87,723.61,1430,680,132,88,-1.354,10.145,-35.36327416,149.16534875,10.00,calibration-file(no-undistort)
1784075152.571,detection_logs/frame_1784075152559.jpg,1,green,0.7333,1485.20,344.45,1422,294,130,90,1.340,10.049,-35.36324996,149.16534770,10.00,calibration-file(no-undistort)
1784075152.571,detection_logs/frame_1784075152559.jpg,2,red,0.5928,1486.53,720.60,1422,672,128,88,-1.332,10.059,-35.36327397,149.16534781,10.00,calibration-file(no-undistort)
1784075152.643,detection_logs/frame_1784075152630.jpg,1,green,0.7431,1472.87,341.14,1408,292,128,90,1.364,9.956,-35.36324975,149.16534667,10.00,calibration-file(no-undistort)
1784075152.644,detection_logs/frame_1784075152630.jpg,2,red,0.5950,1473.56,717.06,1408,668,126,90,-1.307,9.961,-35.36327374,149.16534673,10.00,calibration-file(no-undistort)
1784075152.711,detection_logs/frame_1784075152698.jpg,1,green,0.7486,1461.34,340.32,1398,296,128,90,1.370,10.250,-35.36324970,149.16534990,10.00,calibration-file(no-undistort)
1784075152.711,detection_logs/frame_1784075152698.jpg,2,red,0.6062,1461.68,716.13,1398,674,126,88,-1.300,10.252,-35.36327368,149.16534993,10.00,calibration-file(no-undistort)
1784075152.776,detection_logs/frame_1784075152760.jpg,1,green,0.7583,1450.44,343.05,1388,304,128,90,1.350,10.167,-35.36324987,149.16534899,10.00,calibration-file(no-undistort)
1784075152.776,detection_logs/frame_1784075152760.jpg,2,red,0.6057,1450.90,719.39,1390,682,124,90,-1.324,10.170,-35.36327389,149.16534903,10.00,calibration-file(no-undistort)
1784075152.846,detection_logs/frame_1784075152833.jpg,1,green,0.7626,1437.60,346.81,1374,308,124,90,1.324,10.070,-35.36325011,149.16534792,10.00,calibration-file(no-undistort)
1784075152.846,detection_logs/frame_1784075152833.jpg,2,red,0.6152,1438.27,723.18,1374,686,124,88,-1.351,10.075,-35.36327413,149.16534798,10.00,calibration-file(no-undistort)
1784075152.902,detection_logs/frame_1784075152889.jpg,1,green,0.7679,1425.29,348.00,1364,304,122,90,1.315,10.339,-35.36325019,149.16535089,10.00,calibration-file(no-undistort)
1784075152.902,detection_logs/frame_1784075152889.jpg,2,red,0.6259,1425.99,724.37,1364,682,122,88,-1.359,10.345,-35.36327421,149.16535095,10.00,calibration-file(no-undistort)
1784075152.972,detection_logs/frame_1784075152957.jpg,1,green,0.7766,1413.84,345.15,1354,294,122,92,1.335,10.253,-35.36325000,149.16534994,10.00,calibration-file(no-undistort)
1784075152.972,detection_logs/frame_1784075152957.jpg,2,red,0.6324,1414.20,721.87,1354,674,120,88,-1.341,10.255,-35.36327405,149.16534997,10.00,calibration-file(no-undistort)
1784075153.037,detection_logs/frame_1784075153022.jpg,1,green,0.7821,1399.42,341.30,1336,290,120,92,1.363,10.143,-35.36324976,149.16534873,10.00,calibration-file(no-undistort)
1784075153.037,detection_logs/frame_1784075153022.jpg,2,red,0.6411,1399.46,718.11,1336,670,118,88,-1.314,10.144,-35.36327381,149.16534874,10.00,calibration-file(no-undistort)
1784075153.107,detection_logs/frame_1784075153090.jpg,1,green,0.7954,1383.60,340.45,1320,296,118,90,1.369,10.023,-35.36324970,149.16534741,10.00,calibration-file(no-undistort)
1784075153.107,detection_logs/frame_1784075153090.jpg,2,red,0.6459,1383.67,717.09,1320,674,118,88,-1.307,10.024,-35.36327374,149.16534742,10.00,calibration-file(no-undistort)
1784075153.178,detection_logs/frame_1784075153161.jpg,1,green,0.8004,1368.82,343.15,1308,304,118,90,1.349,10.302,-35.36324988,149.16535048,10.00,calibration-file(no-undistort)
1784075153.178,detection_logs/frame_1784075153161.jpg,2,red,0.6449,1368.98,720.16,1308,682,116,90,-1.329,10.303,-35.36327394,149.16535049,10.00,calibration-file(no-undistort)
1784075153.259,detection_logs/frame_1784075153247.jpg,1,green,0.8099,1352.94,346.88,1292,308,116,90,1.323,10.181,-35.36325012,149.16534915,10.00,calibration-file(no-undistort)
1784075153.259,detection_logs/frame_1784075153247.jpg,2,red,0.6537,1353.40,723.59,1292,686,116,88,-1.353,10.185,-35.36327416,149.16534919,10.00,calibration-file(no-undistort)
1784075153.315,detection_logs/frame_1784075153299.jpg,1,green,0.8111,1338.68,347.24,1282,302,114,90,1.320,10.073,-35.36325014,149.16534796,10.00,calibration-file(no-undistort)
1784075153.315,detection_logs/frame_1784075153299.jpg,2,red,0.6562,1339.20,724.16,1282,680,114,90,-1.357,10.077,-35.36327419,149.16534800,10.00,calibration-file(no-undistort)
1784075153.378,detection_logs/frame_1784075153363.jpg,1,green,0.8159,1326.52,344.19,1274,294,112,90,1.342,9.981,-35.36324994,149.16534695,10.00,calibration-file(no-undistort)
1784075153.444,detection_logs/frame_1784075153430.jpg,1,green,0.8245,1313.90,340.21,1260,290,112,90,1.370,10.267,-35.36324969,149.16535009,10.00,calibration-file(no-undistort)
1784075153.444,detection_logs/frame_1784075153430.jpg,2,red,0.6809,1312.99,718.10,1260,668,110,88,-1.314,10.260,-35.36327381,149.16535002,10.00,calibration-file(no-undistort)
1784075153.516,detection_logs/frame_1784075153498.jpg,1,green,0.8302,1302.08,338.89,1250,294,110,90,1.380,10.177,-35.36324961,149.16534910,10.00,calibration-file(no-undistort)
1784075153.516,detection_logs/frame_1784075153498.jpg,2,red,0.6827,1301.88,716.25,1250,672,110,88,-1.301,10.175,-35.36327369,149.16534909,10.00,calibration-file(no-undistort)
1784075153.582,detection_logs/frame_1784075153564.jpg,1,green,0.8391,1290.82,341.27,1240,302,108,90,1.363,10.092,-35.36324976,149.16534816,10.00,calibration-file(no-undistort)
1784075153.582,detection_logs/frame_1784075153564.jpg,2,red,0.6909,1291.23,719.20,1240,682,108,88,-1.322,10.095,-35.36327388,149.16534820,10.00,calibration-file(no-undistort)
1784075153.642,detection_logs/frame_1784075153630.jpg,1,green,0.8483,1277.51,345.59,1224,308,106,90,1.332,9.991,-35.36325003,149.16534705,10.00,calibration-file(no-undistort)
1784075153.714,detection_logs/frame_1784075153697.jpg,1,green,0.8520,1264.63,346.43,1212,302,106,90,1.326,10.274,-35.36325009,149.16535018,10.00,calibration-file(no-undistort)
1784075153.780,detection_logs/frame_1784075153767.jpg,1,green,0.8576,1251.69,343.74,1200,294,104,90,1.345,10.176,-35.36324991,149.16534910,10.00,calibration-file(no-undistort)
1784075153.963,detection_logs/frame_1784075153948.jpg,1,green,0.8671,1235.91,340.83,1180,292,104,90,1.366,10.057,-35.36324973,149.16534778,10.00,calibration-file(no-undistort)
1784075154.024,detection_logs/frame_1784075154010.jpg,1,green,0.8721,1220.42,340.27,1168,296,100,90,1.370,9.939,-35.36324969,149.16534648,10.00,calibration-file(no-undistort)
1784075154.106,detection_logs/frame_1784075154088.jpg,1,green,0.8759,1210.86,343.17,1168,304,100,90,1.349,10.239,-35.36324988,149.16534979,10.00,calibration-file(no-undistort)
1784075154.262,detection_logs/frame_1784075154247.jpg,1,green,0.8806,1207.76,346.21,1174,306,98,90,1.328,10.215,-35.36325007,149.16534953,10.00,calibration-file(no-undistort)
1784075154.342,detection_logs/frame_1784075154326.jpg,1,green,0.8834,1205.70,346.04,1170,300,98,90,1.329,10.200,-35.36325006,149.16534936,10.00,calibration-file(no-undistort)
1784075154.398,detection_logs/frame_1784075154382.jpg,1,green,0.8889,1203.28,342.58,1164,292,98,90,1.354,10.590,-35.36324984,149.16535365,10.00,calibration-file(no-undistort)
1784075154.466,detection_logs/frame_1784075154454.jpg,1,green,0.8955,1200.70,338.73,1160,288,96,92,1.381,10.570,-35.36324959,149.16535344,10.00,calibration-file(no-undistort)
1784075154.541,detection_logs/frame_1784075154529.jpg,1,green,0.8997,1198.59,337.93,1158,294,94,90,1.387,10.554,-35.36324954,149.16535326,10.00,calibration-file(no-undistort)
1784075154.600,detection_logs/frame_1784075154586.jpg,1,green,0.9054,1191.88,340.71,1144,302,92,90,1.367,10.503,-35.36324972,149.16535270,10.00,calibration-file(no-undistort)
1784075154.666,detection_logs/frame_1784075154654.jpg,1,green,0.9187,1176.81,344.53,1118,306,90,90,1.340,10.798,-35.36324997,149.16535594,10.00,calibration-file(no-undistort)
1784075154.732,detection_logs/frame_1784075154720.jpg,1,green,0.9254,1150.79,344.98,1080,300,88,90,1.337,10.601,-35.36324999,149.16535377,10.00,calibration-file(no-undistort)
1784075154.800,detection_logs/frame_1784075154788.jpg,1,green,0.9339,1112.18,342.00,1030,292,86,90,1.358,10.308,-35.36324980,149.16535055,10.00,calibration-file(no-undistort)
1784075154.866,detection_logs/frame_1784075154853.jpg,3,green,0.9404,1013.50,336.50,972,292,84,90,1.397,9.560,-35.36324945,149.16534231,10.00,calibration-file(no-undistort)
1784075154.939,detection_logs/frame_1784075154927.jpg,3,green,0.9503,983.28,339.52,914,298,80,90,1.375,9.775,-35.36324965,149.16534468,10.00,calibration-file(no-undistort)
1784075154.997,detection_logs/frame_1784075154986.jpg,4,green,0.9561,893.50,351.50,854,308,80,88,1.290,9.095,-35.36325041,149.16533718,10.00,calibration-file(no-undistort)
1784075155.078,detection_logs/frame_1784075155065.jpg,4,green,0.9629,865.80,352.00,800,308,78,90,1.287,8.885,-35.36325044,149.16533487,10.00,calibration-file(no-undistort)
1784075155.078,detection_logs/frame_1784075155065.jpg,5,blue,0.6091,1668.44,151.38,1642,108,86,62,2.712,14.970,-35.36323764,149.16540190,10.00,calibration-file(no-undistort)
1784075155.135,detection_logs/frame_1784075155122.jpg,4,green,0.9629,814.37,348.89,750,302,76,90,1.309,8.495,-35.36325024,149.16533058,10.00,calibration-file(no-undistort)
1784075155.199,detection_logs/frame_1784075155187.jpg,4,green,0.9629,759.84,341.19,704,292,78,90,1.363,8.490,-35.36324975,149.16533052,10.00,calibration-file(no-undistort)
1784075155.273,detection_logs/frame_1784075155259.jpg,4,green,0.9664,711.28,335.92,666,290,76,90,1.401,8.122,-35.36324942,149.16532647,10.00,calibration-file(no-undistort)
1784075155.342,detection_logs/frame_1784075155329.jpg,4,green,0.9648,669.74,335.61,634,294,74,92,1.403,7.807,-35.36324940,149.16532300,10.00,calibration-file(no-undistort)
1784075155.408,detection_logs/frame_1784075155395.jpg,4,green,0.9665,636.36,338.97,610,302,74,90,1.379,7.853,-35.36324961,149.16532351,10.00,calibration-file(no-undistort)
1784075155.469,detection_logs/frame_1784075155457.jpg,4,green,0.9665,612.22,343.18,596,306,74,90,1.349,7.670,-35.36324988,149.16532149,10.00,calibration-file(no-undistort)
1784075155.541,detection_logs/frame_1784075155528.jpg,4,green,0.9649,599.41,344.08,596,300,72,92,1.343,7.573,-35.36324994,149.16532042,10.00,calibration-file(no-undistort)
1784075155.541,detection_logs/frame_1784075155528.jpg,6,red,0.8619,630.39,728.72,596,684,72,90,-1.390,7.808,-35.36327449,149.16532301,10.00,calibration-file(no-undistort)
1784075155.609,detection_logs/frame_1784075155597.jpg,6,red,0.8810,636.60,724.44,610,676,70,88,-1.359,7.855,-35.36327421,149.16532353,10.00,calibration-file(no-undistort)
1784075155.609,detection_logs/frame_1784075155597.jpg,7,green,0.9655,643.50,337.50,608,292,72,92,1.390,7.908,-35.36324952,149.16532411,10.00,calibration-file(no-undistort)
1784075155.672,detection_logs/frame_1784075155659.jpg,7,green,0.9660,653.57,335.49,628,288,72,92,1.404,8.138,-35.36324939,149.16532665,10.00,calibration-file(no-undistort)
1784075155.735,detection_logs/frame_1784075155724.jpg,6,red,0.8866,675.99,719.94,654,676,68,88,-1.327,8.308,-35.36327393,149.16532852,10.00,calibration-file(no-undistort)
1784075155.736,detection_logs/frame_1784075155724.jpg,7,green,0.9712,675.46,336.83,652,294,72,90,1.394,8.304,-35.36324947,149.16532848,10.00,calibration-file(no-undistort)
1784075155.804,detection_logs/frame_1784075155793.jpg,6,red,0.8875,703.55,723.87,680,684,68,88,-1.355,8.517,-35.36327418,149.16533082,10.00,calibration-file(no-undistort)
1784075155.804,detection_logs/frame_1784075155793.jpg,7,green,0.9721,703.35,343.60,680,304,70,90,1.346,8.516,-35.36324991,149.16533080,10.00,calibration-file(no-undistort)
1784075155.869,detection_logs/frame_1784075155857.jpg,6,red,0.8737,730.38,727.38,706,686,68,90,-1.380,8.721,-35.36327440,149.16533306,10.00,calibration-file(no-undistort)
1784075155.869,detection_logs/frame_1784075155857.jpg,7,green,0.9691,731.76,349.02,706,306,70,92,1.308,8.731,-35.36325025,149.16533318,10.00,calibration-file(no-undistort)
1784075155.938,detection_logs/frame_1784075155925.jpg,6,red,0.8848,757.06,727.24,732,682,68,88,-1.379,9.005,-35.36327439,149.16533619,10.00,calibration-file(no-undistort)
1784075155.938,detection_logs/frame_1784075155925.jpg,7,green,0.9698,758.77,349.99,730,302,70,92,1.301,9.017,-35.36325031,149.16533633,10.00,calibration-file(no-undistort)
1784075156.002,detection_logs/frame_1784075155990.jpg,6,red,0.8845,782.52,723.40,754,674,68,88,-1.352,9.198,-35.36327415,149.16533832,10.00,calibration-file(no-undistort)
1784075156.002,detection_logs/frame_1784075155990.jpg,7,green,0.9739,784.82,346.16,754,294,70,90,1.328,9.215,-35.36325007,149.16533851,10.00,calibration-file(no-undistort)
1784075156.066,detection_logs/frame_1784075156055.jpg,6,red,0.8693,806.48,718.77,776,668,68,90,-1.319,9.379,-35.36327385,149.16534032,10.00,calibration-file(no-undistort)
1784075156.066,detection_logs/frame_1784075156055.jpg,7,green,0.9745,808.50,341.68,774,290,70,90,1.360,9.395,-35.36324978,149.16534049,10.00,calibration-file(no-undistort)
1784075156.139,detection_logs/frame_1784075156127.jpg,6,red,0.8836,828.53,717.74,794,674,68,88,-1.312,9.546,-35.36327378,149.16534216,10.00,calibration-file(no-undistort)
1784075156.140,detection_logs/frame_1784075156127.jpg,7,green,0.9732,830.63,341.06,794,296,70,90,1.364,9.562,-35.36324974,149.16534233,10.00,calibration-file(no-undistort)
1784075156.204,detection_logs/frame_1784075156191.jpg,6,red,0.8694,848.58,720.66,812,682,68,90,-1.333,9.698,-35.36327397,149.16534383,10.00,calibration-file(no-undistort)
1784075156.204,detection_logs/frame_1784075156191.jpg,7,green,0.9745,850.48,343.93,812,304,68,90,1.344,9.713,-35.36324993,149.16534399,10.00,calibration-file(no-undistort)
1784075156.266,detection_logs/frame_1784075156253.jpg,7,green,0.9749,867.92,347.66,826,308,70,90,1.317,9.845,-35.36325016,149.16534545,10.00,calibration-file(no-undistort)
1784075156.333,detection_logs/frame_1784075156322.jpg,7,green,0.9755,882.51,347.91,838,302,70,90,1.316,9.956,-35.36325018,149.16534667,10.00,calibration-file(no-undistort)
1784075156.402,detection_logs/frame_1784075156389.jpg,7,green,0.9731,894.32,344.72,848,294,70,90,1.338,10.045,-35.36324998,149.16534765,10.00,calibration-file(no-undistort)
1784075156.479,detection_logs/frame_1784075156465.jpg,7,green,0.9732,903.49,340.62,856,290,70,90,1.368,10.115,-35.36324972,149.16534842,10.00,calibration-file(no-undistort)
1784075156.539,detection_logs/frame_1784075156522.jpg,7,green,0.9731,910.57,339.99,864,296,68,90,1.372,10.168,-35.36324968,149.16534901,10.00,calibration-file(no-undistort)
1784075156.608,detection_logs/frame_1784075156591.jpg,7,green,0.9732,915.57,342.87,868,304,70,90,1.352,10.206,-35.36324986,149.16534943,10.00,calibration-file(no-undistort)
1784075156.685,detection_logs/frame_1784075156665.jpg,7,green,0.9731,918.53,346.73,872,308,68,90,1.324,10.229,-35.36325011,149.16534967,10.00,calibration-file(no-undistort)
1784075156.751,detection_logs/frame_1784075156730.jpg,7,green,0.9731,919.87,347.99,874,304,68,90,1.315,10.239,-35.36325019,149.16534979,10.00,calibration-file(no-undistort)
1784075156.814,detection_logs/frame_1784075156796.jpg,7,green,0.9727,919.90,345.58,874,296,70,90,1.332,10.239,-35.36325003,149.16534979,10.00,calibration-file(no-undistort)
1784075156.879,detection_logs/frame_1784075156862.jpg,7,green,0.9732,919.23,341.25,876,290,68,90,1.363,10.234,-35.36324976,149.16534973,10.00,calibration-file(no-undistort)
1784075156.947,detection_logs/frame_1784075156931.jpg,7,green,0.9697,917.92,340.03,876,294,68,92,1.372,10.224,-35.36324968,149.16534962,10.00,calibration-file(no-undistort)
1784075157.010,detection_logs/frame_1784075156993.jpg,7,green,0.9731,915.93,342.85,874,304,70,90,1.352,10.209,-35.36324986,149.16534946,10.00,calibration-file(no-undistort)
1784075157.078,detection_logs/frame_1784075157060.jpg,7,green,0.9727,914.03,346.68,874,308,70,90,1.324,10.195,-35.36325010,149.16534930,10.00,calibration-file(no-undistort)
1784075157.146,detection_logs/frame_1784075157131.jpg,7,green,0.9732,911.57,347.92,872,304,70,90,1.316,10.176,-35.36325018,149.16534909,10.00,calibration-file(no-undistort)
1784075157.211,detection_logs/frame_1784075157197.jpg,7,green,0.9737,908.81,345.51,870,296,70,90,1.333,10.182,-35.36325003,149.16534916,10.00,calibration-file(no-undistort)
1784075157.275,detection_logs/frame_1784075157261.jpg,7,green,0.9731,905.15,341.19,866,290,70,90,1.363,10.154,-35.36324975,149.16534886,10.00,calibration-file(no-undistort)
1784075157.344,detection_logs/frame_1784075157329.jpg,7,green,0.9732,900.91,340.37,862,296,70,90,1.369,10.122,-35.36324970,149.16534850,10.00,calibration-file(no-undistort)
1784075157.414,detection_logs/frame_1784075157398.jpg,7,green,0.9749,896.35,343.10,858,304,70,90,1.350,10.088,-35.36324987,149.16534812,10.00,calibration-file(no-undistort)
1784075157.414,detection_logs/frame_1784075157398.jpg,8,red,0.8702,892.44,727.06,860,682,68,90,-1.378,10.058,-35.36327438,149.16534780,10.00,calibration-file(no-undistort)
1784075157.577,detection_logs/frame_1784075157561.jpg,7,green,0.9750,892.05,346.85,856,308,68,90,1.323,10.073,-35.36325011,149.16534796,10.00,calibration-file(no-undistort)
1784075157.577,detection_logs/frame_1784075157561.jpg,8,red,0.8855,890.72,728.79,856,686,68,88,-1.390,10.063,-35.36327449,149.16534785,10.00,calibration-file(no-undistort)
1784075157.667,detection_logs/frame_1784075157654.jpg,7,green,0.9739,888.03,348.03,852,304,70,90,1.315,10.043,-35.36325019,149.16534763,10.00,calibration-file(no-undistort)
1784075157.667,detection_logs/frame_1784075157654.jpg,8,red,0.8822,887.42,727.49,852,682,68,88,-1.381,10.038,-35.36327441,149.16534758,10.00,calibration-file(no-undistort)
1784075157.734,detection_logs/frame_1784075157719.jpg,7,green,0.9732,884.67,344.77,850,294,70,90,1.338,10.017,-35.36324998,149.16534735,10.00,calibration-file(no-undistort)
1784075157.734,detection_logs/frame_1784075157719.jpg,8,red,0.8811,884.31,721.15,850,672,68,88,-1.336,10.015,-35.36327400,149.16534732,10.00,calibration-file(no-undistort)
1784075157.899,detection_logs/frame_1784075157884.jpg,7,green,0.9732,881.84,340.62,848,290,70,90,1.367,9.996,-35.36324972,149.16534711,10.00,calibration-file(no-undistort)
1784075157.899,detection_logs/frame_1784075157884.jpg,8,red,0.8803,881.70,715.53,848,668,68,88,-1.296,9.995,-35.36327364,149.16534710,10.00,calibration-file(no-undistort)
1784075157.967,detection_logs/frame_1784075157953.jpg,7,green,0.9745,879.01,339.96,846,296,68,90,1.372,10.002,-35.36324967,149.16534717,10.00,calibration-file(no-undistort)
1784075157.967,detection_logs/frame_1784075157953.jpg,8,red,0.8822,879.22,715.10,846,674,68,88,-1.293,10.003,-35.36327362,149.16534719,10.00,calibration-file(no-undistort)
1784075158.033,detection_logs/frame_1784075158015.jpg,7,green,0.9745,876.15,342.82,842,304,70,90,1.352,9.980,-35.36324986,149.16534694,10.00,calibration-file(no-undistort)
1784075158.033,detection_logs/frame_1784075158015.jpg,8,red,0.8688,876.20,719.28,842,682,68,90,-1.323,9.980,-35.36327388,149.16534694,10.00,calibration-file(no-undistort)
1784075158.099,detection_logs/frame_1784075158084.jpg,7,green,0.9750,872.87,346.68,838,308,70,90,1.324,9.955,-35.36325010,149.16534666,10.00,calibration-file(no-undistort)
1784075158.099,detection_logs/frame_1784075158084.jpg,8,red,0.8793,872.90,723.66,838,686,68,88,-1.354,9.955,-35.36327416,149.16534666,10.00,calibration-file(no-undistort)
1784075158.166,detection_logs/frame_1784075158149.jpg,7,green,0.9749,869.27,347.13,834,302,70,90,1.321,9.946,-35.36325013,149.16534656,10.00,calibration-file(no-undistort)
1784075158.166,detection_logs/frame_1784075158149.jpg,8,red,0.8815,869.64,724.29,836,680,68,88,-1.358,9.949,-35.36327420,149.16534659,10.00,calibration-file(no-undistort)
1784075158.236,detection_logs/frame_1784075158219.jpg,7,green,0.9749,866.23,344.14,832,294,70,90,1.342,9.923,-35.36324994,149.16534631,10.00,calibration-file(no-undistort)
1784075158.237,detection_logs/frame_1784075158219.jpg,8,red,0.8810,866.69,721.21,834,672,68,88,-1.337,9.926,-35.36327401,149.16534634,10.00,calibration-file(no-undistort)
1784075158.299,detection_logs/frame_1784075158285.jpg,7,green,0.9698,863.64,340.61,830,290,70,92,1.368,9.903,-35.36324972,149.16534609,10.00,calibration-file(no-undistort)
1784075158.299,detection_logs/frame_1784075158285.jpg,8,red,0.8816,864.29,717.93,832,670,68,88,-1.313,9.908,-35.36327380,149.16534614,10.00,calibration-file(no-undistort)
1784075158.372,detection_logs/frame_1784075158358.jpg,7,green,0.9732,862.17,340.02,830,296,70,90,1.372,9.892,-35.36324968,149.16534597,10.00,calibration-file(no-undistort)
1784075158.372,detection_logs/frame_1784075158358.jpg,8,red,0.8816,862.35,717.47,830,674,68,88,-1.310,9.893,-35.36327377,149.16534598,10.00,calibration-file(no-undistort)
1784075158.425,detection_logs/frame_1784075158413.jpg,7,green,0.9761,860.70,342.91,828,304,70,90,1.351,9.908,-35.36324986,149.16534614,10.00,calibration-file(no-undistort)
1784075158.425,detection_logs/frame_1784075158413.jpg,8,red,0.8687,860.73,720.76,828,682,68,90,-1.333,9.908,-35.36327398,149.16534615,10.00,calibration-file(no-undistort)
1784075158.504,detection_logs/frame_1784075158489.jpg,7,green,0.9745,859.20,346.78,826,308,70,90,1.324,9.897,-35.36325011,149.16534602,10.00,calibration-file(no-undistort)
1784075158.504,detection_logs/frame_1784075158489.jpg,8,red,0.8831,858.96,724.53,826,686,68,88,-1.360,9.895,-35.36327422,149.16534600,10.00,calibration-file(no-undistort)
1784075158.570,detection_logs/frame_1784075158553.jpg,7,green,0.9739,857.61,347.23,824,302,70,90,1.321,9.885,-35.36325014,149.16534589,10.00,calibration-file(no-undistort)
1784075158.570,detection_logs/frame_1784075158553.jpg,8,red,0.8817,857.18,724.81,824,680,68,88,-1.362,9.882,-35.36327424,149.16534585,10.00,calibration-file(no-undistort)
1784075158.638,detection_logs/frame_1784075158620.jpg,7,green,0.9739,855.95,344.23,822,294,70,90,1.342,9.872,-35.36324995,149.16534575,10.00,calibration-file(no-undistort)
1784075158.639,detection_logs/frame_1784075158620.jpg,8,red,0.8807,855.77,721.70,824,672,68,88,-1.340,9.871,-35.36327404,149.16534573,10.00,calibration-file(no-undistort)
1784075158.702,detection_logs/frame_1784075158684.jpg,7,green,0.9697,857.41,340.69,828,290,70,92,1.367,9.901,-35.36324972,149.16534607,10.00,calibration-file(no-undistort)
1784075158.702,detection_logs/frame_1784075158684.jpg,8,red,0.8803,857.09,718.44,828,670,68,88,-1.317,9.899,-35.36327383,149.16534604,10.00,calibration-file(no-undistort)
1784075158.766,detection_logs/frame_1784075158754.jpg,7,green,0.9749,865.98,340.07,846,296,70,90,1.371,9.966,-35.36324968,149.16534679,10.00,calibration-file(no-undistort)
1784075158.766,detection_logs/frame_1784075158754.jpg,8,red,0.8776,865.87,718.03,848,674,68,88,-1.314,9.966,-35.36327380,149.16534678,10.00,calibration-file(no-undistort)
1784075158.841,detection_logs/frame_1784075158827.jpg,7,green,0.9749,885.32,342.95,878,304,70,90,1.351,10.113,-35.36324986,149.16534840,10.00,calibration-file(no-undistort)
1784075158.841,detection_logs/frame_1784075158827.jpg,8,red,0.8822,885.10,721.02,878,682,68,88,-1.335,10.111,-35.36327399,149.16534838,10.00,calibration-file(no-undistort)
1784075158.903,detection_logs/frame_1784075158888.jpg,7,green,0.9755,914.71,346.81,916,308,70,90,1.324,10.336,-35.36325011,149.16535085,10.00,calibration-file(no-undistort)
1784075158.903,detection_logs/frame_1784075158888.jpg,8,red,0.8730,914.84,724.87,916,686,70,88,-1.363,10.337,-35.36327424,149.16535087,10.00,calibration-file(no-undistort)
1784075158.967,detection_logs/frame_1784075158954.jpg,7,green,0.9749,953.35,347.25,960,302,70,90,1.320,10.656,-35.36325014,149.16535438,10.00,calibration-file(no-undistort)
1784075158.967,detection_logs/frame_1784075158954.jpg,8,red,0.8735,953.48,725.97,960,682,70,88,-1.370,10.657,-35.36327431,149.16535439,10.00,calibration-file(no-undistort)
1784075159.035,detection_logs/frame_1784075159024.jpg,7,green,0.9711,993.63,343.44,992,292,72,90,1.347,10.961,-35.36324990,149.16535775,10.00,calibration-file(no-undistort)
1784075159.036,detection_logs/frame_1784075159024.jpg,8,red,0.8756,993.63,723.35,992,674,70,88,-1.352,10.961,-35.36327414,149.16535775,10.00,calibration-file(no-undistort)
1784075159.098,detection_logs/frame_1784075159086.jpg,7,green,0.9711,1029.00,339.70,1012,290,72,90,1.374,11.230,-35.36324966,149.16536070,10.00,calibration-file(no-undistort)
1784075159.098,detection_logs/frame_1784075159086.jpg,8,red,0.8653,1028.94,720.28,1012,670,70,90,-1.330,11.229,-35.36327395,149.16536069,10.00,calibration-file(no-undistort)
1784075159.165,detection_logs/frame_1784075159152.jpg,7,green,0.9707,1058.75,338.56,1030,294,70,90,1.382,11.455,-35.36324958,149.16536318,10.00,calibration-file(no-undistort)
1784075159.165,detection_logs/frame_1784075159152.jpg,8,red,0.8800,1059.05,719.90,1030,676,70,88,-1.327,11.457,-35.36327392,149.16536321,10.00,calibration-file(no-undistort)
1784075159.229,detection_logs/frame_1784075159218.jpg,7,green,0.9712,1080.34,341.08,1038,302,70,90,1.364,11.700,-35.36324975,149.16536589,10.00,calibration-file(no-undistort)
1784075159.229,detection_logs/frame_1784075159218.jpg,8,red,0.8679,1080.81,723.34,1038,684,70,90,-1.352,11.704,-35.36327414,149.16536593,10.00,calibration-file(no-undistort)
1784075159.300,detection_logs/frame_1784075159288.jpg,7,green,0.9731,1092.93,344.71,1038,306,72,90,1.338,11.796,-35.36324998,149.16536694,10.00,calibration-file(no-undistort)
1784075159.300,detection_logs/frame_1784075159288.jpg,8,red,0.8682,1093.47,727.33,1038,688,70,90,-1.380,11.800,-35.36327440,149.16536698,10.00,calibration-file(no-undistort)
1784075159.363,detection_logs/frame_1784075159350.jpg,7,green,0.9712,1097.83,345.03,1036,300,72,90,1.336,11.833,-35.36325000,149.16536735,10.00,calibration-file(no-undistort)
1784075159.363,detection_logs/frame_1784075159350.jpg,8,red,0.8675,1098.31,727.85,1036,682,70,90,-1.384,11.837,-35.36327443,149.16536739,10.00,calibration-file(no-undistort)
1784075159.431,detection_logs/frame_1784075159418.jpg,7,green,0.9690,1091.86,341.96,1020,292,72,90,1.358,11.969,-35.36324980,149.16536885,10.00,calibration-file(no-undistort)
1784075159.431,detection_logs/frame_1784075159418.jpg,8,red,0.8757,1092.67,724.83,1022,674,68,90,-1.362,11.976,-35.36327424,149.16536892,10.00,calibration-file(no-undistort)
1784075159.496,detection_logs/frame_1784075159483.jpg,7,green,0.9706,1076.82,338.81,1000,290,72,90,1.380,11.855,-35.36324960,149.16536759,10.00,calibration-file(no-undistort)
1784075159.496,detection_logs/frame_1784075159483.jpg,8,red,0.8715,1077.69,721.24,1000,672,70,88,-1.337,11.862,-35.36327401,149.16536767,10.00,calibration-file(no-undistort)
1784075159.569,detection_logs/frame_1784075159555.jpg,9,red,0.8718,1013.67,720.26,978,676,70,88,-1.330,11.377,-35.36327395,149.16536232,10.00,calibration-file(no-undistort)
1784075159.569,detection_logs/frame_1784075159555.jpg,10,green,0.9712,1012.50,340.50,976,296,74,90,1.368,11.368,-35.36324971,149.16536222,10.00,calibration-file(no-undistort)
1784075159.626,detection_logs/frame_1784075159612.jpg,9,red,0.8688,997.41,724.07,946,684,70,88,-1.357,11.253,-35.36327419,149.16536096,10.00,calibration-file(no-undistort)
1784075159.626,detection_logs/frame_1784075159612.jpg,10,green,0.9703,996.38,344.53,944,304,74,90,1.340,11.246,-35.36324997,149.16536088,10.00,calibration-file(no-undistort)
1784075159.691,detection_logs/frame_1784075159679.jpg,9,red,0.8557,964.16,728.08,910,686,72,88,-1.385,11.274,-35.36327444,149.16536118,10.00,calibration-file(no-undistort)
1784075159.691,detection_logs/frame_1784075159679.jpg,10,green,0.9726,963.35,349.43,910,308,72,88,1.305,11.267,-35.36325028,149.16536112,10.00,calibration-file(no-undistort)
1784075159.758,detection_logs/frame_1784075159744.jpg,9,red,0.8427,927.37,725.88,878,678,74,88,-1.370,10.995,-35.36327430,149.16535811,10.00,calibration-file(no-undistort)
1784075159.758,detection_logs/frame_1784075159744.jpg,10,green,0.9669,926.96,347.98,878,300,74,90,1.315,10.992,-35.36325019,149.16535808,10.00,calibration-file(no-undistort)
1784075159.826,detection_logs/frame_1784075159811.jpg,9,red,0.8335,888.82,719.89,840,670,76,88,-1.327,10.702,-35.36327392,149.16535489,10.00,calibration-file(no-undistort)
1784075159.826,detection_logs/frame_1784075159811.jpg,10,green,0.9672,888.54,342.53,840,292,76,90,1.354,10.700,-35.36324984,149.16535487,10.00,calibration-file(no-undistort)
1784075159.888,detection_logs/frame_1784075159875.jpg,9,red,0.8305,850.33,716.23,804,670,76,88,-1.301,10.411,-35.36327369,149.16535168,10.00,calibration-file(no-undistort)
1784075159.888,detection_logs/frame_1784075159875.jpg,10,green,0.9629,849.83,339.25,802,292,78,90,1.377,10.407,-35.36324963,149.16535164,10.00,calibration-file(no-undistort)
1784075159.954,detection_logs/frame_1784075159941.jpg,9,red,0.8126,815.51,717.57,774,676,78,90,-1.311,10.492,-35.36327377,149.16535257,10.00,calibration-file(no-undistort)
1784075159.954,detection_logs/frame_1784075159941.jpg,10,green,0.9581,815.35,340.96,774,300,78,90,1.365,10.490,-35.36324974,149.16535256,10.00,calibration-file(no-undistort)
1784075160.026,detection_logs/frame_1784075160013.jpg,9,red,0.8194,781.64,721.46,742,684,78,88,-1.338,10.235,-35.36327402,149.16534974,10.00,calibration-file(no-undistort)
1784075160.027,detection_logs/frame_1784075160013.jpg,10,green,0.9540,781.31,344.82,740,306,80,90,1.338,10.232,-35.36324998,149.16534971,10.00,calibration-file(no-undistort)
1784075160.099,detection_logs/frame_1784075160086.jpg,9,red,0.8122,747.43,724.26,706,684,80,88,-1.358,9.975,-35.36327420,149.16534689,10.00,calibration-file(no-undistort)
1784075160.099,detection_logs/frame_1784075160086.jpg,10,green,0.9503,747.57,347.50,706,306,82,90,1.319,9.977,-35.36325015,149.16534690,10.00,calibration-file(no-undistort)
1784075160.155,detection_logs/frame_1784075160143.jpg,9,red,0.7979,717.00,723.24,680,676,82,90,-1.351,9.745,-35.36327414,149.16534434,10.00,calibration-file(no-undistort)
1784075160.155,detection_logs/frame_1784075160143.jpg,10,green,0.9435,717.33,346.45,680,300,84,88,1.326,9.747,-35.36325009,149.16534437,10.00,calibration-file(no-undistort)
1784075160.230,detection_logs/frame_1784075160211.jpg,9,red,0.7977,689.56,719.34,656,670,84,88,-1.323,9.909,-35.36327389,149.16534615,10.00,calibration-file(no-undistort)
1784075160.231,detection_logs/frame_1784075160211.jpg,10,green,0.9382,689.98,342.73,656,292,84,90,1.353,9.912,-35.36324985,149.16534619,10.00,calibration-file(no-undistort)
1784075160.301,detection_logs/frame_1784075160287.jpg,9,red,0.7965,664.33,716.78,632,670,84,88,-1.305,9.718,-35.36327372,149.16534405,10.00,calibration-file(no-undistort)
1784075160.301,detection_logs/frame_1784075160287.jpg,10,green,0.9339,664.66,339.94,630,292,88,90,1.372,9.720,-35.36324967,149.16534407,10.00,calibration-file(no-undistort)
1784075160.358,detection_logs/frame_1784075160345.jpg,10,green,0.9284,643.90,341.16,614,300,88,90,1.364,9.563,-35.36324975,149.16534234,10.00,calibration-file(no-undistort)
1784075160.422,detection_logs/frame_1784075160409.jpg,10,green,0.9254,625.93,344.61,596,306,90,90,1.339,9.427,-35.36324997,149.16534084,10.00,calibration-file(no-undistort)
1784075160.493,detection_logs/frame_1784075160479.jpg,10,green,0.9189,609.33,346.44,578,304,90,90,1.326,9.673,-35.36325009,149.16534355,10.00,calibration-file(no-undistort)
1784075160.564,detection_logs/frame_1784075160550.jpg,10,green,0.9130,596.22,344.92,566,296,92,92,1.337,9.574,-35.36324999,149.16534246,10.00,calibration-file(no-undistort)
1784075160.634,detection_logs/frame_1784075160619.jpg,10,green,0.9083,583.80,340.88,550,290,94,90,1.366,9.479,-35.36324973,149.16534142,10.00,calibration-file(no-undistort)
1784075160.692,detection_logs/frame_1784075160677.jpg,10,green,0.8984,571.15,338.66,534,292,94,90,1.381,9.756,-35.36324959,149.16534446,10.00,calibration-file(no-undistort)
1784075160.761,detection_logs/frame_1784075160746.jpg,10,green,0.8955,560.45,340.33,522,300,98,90,1.370,9.675,-35.36324970,149.16534357,10.00,calibration-file(no-undistort)
1784075160.828,detection_logs/frame_1784075160812.jpg,10,green,0.8871,549.38,344.13,508,306,98,90,1.343,9.591,-35.36324994,149.16534265,10.00,calibration-file(no-undistort)
1784075160.902,detection_logs/frame_1784075160888.jpg,10,green,0.8823,537.01,346.21,492,304,98,90,1.328,9.497,-35.36325007,149.16534161,10.00,calibration-file(no-undistort)
1784075160.978,detection_logs/frame_1784075160966.jpg,10,green,0.8757,526.32,344.46,482,296,100,90,1.340,9.779,-35.36324996,149.16534472,10.00,calibration-file(no-undistort)
1784075161.028,detection_logs/frame_1784075161014.jpg,10,green,0.8698,515.20,340.64,468,290,102,90,1.367,9.695,-35.36324972,149.16534379,10.00,calibration-file(no-undistort)
1784075161.107,detection_logs/frame_1784075161092.jpg,10,green,0.8613,502.83,338.57,452,292,104,90,1.382,9.601,-35.36324958,149.16534276,10.00,calibration-file(no-undistort)
1784075161.261,detection_logs/frame_1784075161246.jpg,10,green,0.8576,492.28,341.14,444,302,104,90,1.364,9.521,-35.36324975,149.16534188,10.00,calibration-file(no-undistort)
1784075161.348,detection_logs/frame_1784075161331.jpg,10,green,0.8526,481.85,345.59,432,308,106,90,1.332,9.787,-35.36325003,149.16534481,10.00,calibration-file(no-undistort)
1784075161.410,detection_logs/frame_1784075161395.jpg,10,green,0.8462,471.45,347.31,420,304,108,90,1.320,9.708,-35.36325014,149.16534394,10.00,calibration-file(no-undistort)
1784075161.563,detection_logs/frame_1784075161546.jpg,10,green,0.8426,464.61,345.25,418,296,108,90,1.335,9.656,-35.36325001,149.16534337,10.00,calibration-file(no-undistort)
1784075161.643,detection_logs/frame_1784075161627.jpg,10,green,0.8430,465.97,341.96,430,292,108,90,1.358,9.666,-35.36324980,149.16534348,10.00,calibration-file(no-undistort)
1784075161.708,detection_logs/frame_1784075161697.jpg,10,green,0.8438,476.46,341.47,450,298,108,88,1.361,10.100,-35.36324977,149.16534826,10.00,calibration-file(no-undistort)
1784075161.775,detection_logs/frame_1784075161764.jpg,10,green,0.8465,490.92,345.19,464,308,108,88,1.335,10.210,-35.36325001,149.16534946,10.00,calibration-file(no-undistort)
1784075161.839,detection_logs/frame_1784075161828.jpg,10,green,0.8442,501.31,349.62,462,312,108,88,1.304,10.288,-35.36325029,149.16535033,10.00,calibration-file(no-undistort)
1784075161.909,detection_logs/frame_1784075161898.jpg,10,green,0.8388,504.07,351.23,448,308,112,88,1.292,10.309,-35.36325039,149.16535056,10.00,calibration-file(no-undistort)
1784075161.972,detection_logs/frame_1784075161959.jpg,10,green,0.8252,496.45,349.02,424,300,114,88,1.308,10.642,-35.36325025,149.16535423,10.00,calibration-file(no-undistort)
1784075162.038,detection_logs/frame_1784075162025.jpg,10,green,0.8156,475.95,344.76,388,294,114,88,1.338,10.486,-35.36324998,149.16535251,10.00,calibration-file(no-undistort)
1784075162.103,detection_logs/frame_1784075162092.jpg,10,green,0.8046,445.05,343.52,348,298,116,90,1.347,10.252,-35.36324990,149.16534993,10.00,calibration-file(no-undistort)
1784075162.172,detection_logs/frame_1784075162161.jpg,10,green,0.7918,409.16,345.89,312,306,120,90,1.330,10.416,-35.36325005,149.16535174,10.00,calibration-file(no-undistort)
1784075162.234,detection_logs/frame_1784075162221.jpg,10,green,0.7766,369.25,348.55,274,308,122,90,1.311,10.113,-35.36325022,149.16534840,10.00,calibration-file(no-undistort)
1784075162.310,detection_logs/frame_1784075162298.jpg,10,green,0.7611,327.62,348.11,236,302,126,90,1.314,9.798,-35.36325019,149.16534493,10.00,calibration-file(no-undistort)
1784075162.375,detection_logs/frame_1784075162358.jpg,10,green,0.7472,289.89,344.09,210,292,128,92,1.343,9.512,-35.36324994,149.16534178,10.00,calibration-file(no-undistort)
1784075163.787,detection_logs/frame_1784075163771.jpg,11,green,0.5715,946.11,125.71,920,108,54,28,2.894,16.919,-35.36323600,149.16542338,10.00,calibration-file(no-undistort)
1784075163.848,detection_logs/frame_1784075163833.jpg,11,green,0.5791,939.13,126.38,904,108,58,30,2.890,16.867,-35.36323604,149.16542279,10.00,calibration-file(no-undistort)
1784075163.919,detection_logs/frame_1784075163906.jpg,11,green,0.5085,925.25,123.67,896,108,46,22,2.909,16.761,-35.36323587,149.16542163,10.00,calibration-file(no-undistort)
1784075164.183,detection_logs/frame_1784075164170.jpg,11,green,0.5793,869.02,124.65,838,108,56,28,2.902,16.725,-35.36323593,149.16542124,10.00,calibration-file(no-undistort)
1784075164.253,detection_logs/frame_1784075164239.jpg,11,green,0.5947,852.95,125.94,822,108,58,30,2.893,16.985,-35.36323601,149.16542410,10.00,calibration-file(no-undistort)
1784075164.593,detection_logs/frame_1784075164579.jpg,11,green,0.5962,790.64,125.71,764,108,56,28,2.894,16.903,-35.36323600,149.16542319,10.00,calibration-file(no-undistort)
1784075164.655,detection_logs/frame_1784075164641.jpg,11,green,0.5891,775.75,125.49,746,108,58,28,2.896,16.790,-35.36323599,149.16542195,10.00,calibration-file(no-undistort)
1784075165.929,detection_logs/frame_1784075165917.jpg,12,green,0.6501,1649.50,344.50,1576,300,148,90,1.340,25.447,-35.36324996,149.16551732,10.00,calibration-file(no-undistort)
1784075166.002,detection_logs/frame_1784075165985.jpg,12,green,0.6680,1634.89,348.53,1548,308,146,90,1.311,25.337,-35.36325022,149.16551610,10.00,calibration-file(no-undistort)
1784075166.071,detection_logs/frame_1784075166055.jpg,12,green,0.6838,1604.21,351.67,1518,308,140,90,1.289,25.104,-35.36325042,149.16551353,10.00,calibration-file(no-undistort)
1784075166.129,detection_logs/frame_1784075166116.jpg,12,green,0.6974,1571.99,349.17,1492,302,140,88,1.307,24.860,-35.36325026,149.16551084,10.00,calibration-file(no-undistort)
1784075166.202,detection_logs/frame_1784075166186.jpg,12,green,0.7037,1544.37,343.75,1472,294,138,90,1.345,25.095,-35.36324992,149.16551344,10.00,calibration-file(no-undistort)
1784075166.263,detection_logs/frame_1784075166250.jpg,12,green,0.7135,1518.68,341.04,1450,296,136,88,1.365,24.900,-35.36324974,149.16551129,10.00,calibration-file(no-undistort)
1784075166.331,detection_logs/frame_1784075166318.jpg,12,green,0.7250,1496.00,343.16,1432,304,134,88,1.349,24.729,-35.36324988,149.16550940,10.00,calibration-file(no-undistort)
1784075166.396,detection_logs/frame_1784075166383.jpg,12,green,0.7331,1477.74,347.74,1420,310,132,90,1.317,24.590,-35.36325017,149.16550787,10.00,calibration-file(no-undistort)
1784075166.458,detection_logs/frame_1784075166446.jpg,12,green,0.7431,1460.62,350.50,1404,310,130,88,1.297,24.896,-35.36325035,149.16551124,10.00,calibration-file(no-undistort)
1784075166.530,detection_logs/frame_1784075166518.jpg,12,green,0.7472,1444.20,349.50,1388,302,128,90,1.304,24.772,-35.36325028,149.16550987,10.00,calibration-file(no-undistort)
1784075166.530,detection_logs/frame_1784075166518.jpg,13,red,0.6054,1452.69,717.21,1388,676,128,86,-1.308,24.836,-35.36327375,149.16551058,10.00,calibration-file(no-undistort)
1784075166.602,detection_logs/frame_1784075166589.jpg,12,green,0.7529,1431.43,345.80,1380,296,126,88,1.331,24.675,-35.36325005,149.16550881,10.00,calibration-file(no-undistort)
1784075166.602,detection_logs/frame_1784075166589.jpg,13,red,0.6097,1447.45,714.14,1380,668,124,88,-1.286,24.796,-35.36327355,149.16551014,10.00,calibration-file(no-undistort)
1784075166.664,detection_logs/frame_1784075166653.jpg,12,green,0.7583,1418.36,343.02,1364,296,126,88,1.350,24.576,-35.36324987,149.16550771,10.00,calibration-file(no-undistort)
1784075166.664,detection_logs/frame_1784075166653.jpg,13,red,0.6225,1434.43,711.98,1364,670,124,86,-1.271,24.697,-35.36327342,149.16550906,10.00,calibration-file(no-undistort)
1784075166.729,detection_logs/frame_1784075166716.jpg,12,green,0.7669,1406.07,344.24,1352,304,124,88,1.342,24.882,-35.36324995,149.16551109,10.00,calibration-file(no-undistort)
1784075166.729,detection_logs/frame_1784075166716.jpg,13,red,0.6176,1419.70,715.88,1352,678,124,88,-1.299,24.985,-35.36327367,149.16551223,10.00,calibration-file(no-undistort)
1784075166.798,detection_logs/frame_1784075166784.jpg,12,green,0.7766,1396.20,347.68,1344,310,124,88,1.317,24.807,-35.36325017,149.16551026,10.00,calibration-file(no-undistort)
1784075166.798,detection_logs/frame_1784075166784.jpg,13,red,0.6221,1408.27,721.77,1346,684,122,88,-1.341,24.899,-35.36327404,149.16551127,10.00,calibration-file(no-undistort)
1784075166.861,detection_logs/frame_1784075166850.jpg,12,green,0.7821,1385.96,349.90,1332,308,122,90,1.302,24.729,-35.36325031,149.16550941,10.00,calibration-file(no-undistort)
1784075166.861,detection_logs/frame_1784075166850.jpg,13,red,0.6350,1395.69,724.62,1332,684,122,86,-1.361,24.803,-35.36327422,149.16551022,10.00,calibration-file(no-undistort)
1784075165.589,detection_logs/frame_1784075165577.jpg,12,green,0.7871,1374.43,348.66,1318,302,120,88,1.310,25.051,-35.36325023,149.16551295,10.00,calibration-file(no-undistort)
1784075165.589,detection_logs/frame_1784075165577.jpg,13,red,0.6376,1381.95,722.94,1318,676,120,88,-1.349,25.108,-35.36327412,149.16551357,10.00,calibration-file(no-undistort)
1784075165.660,detection_logs/frame_1784075165648.jpg,12,green,0.7914,1365.01,344.42,1312,294,118,88,1.341,24.979,-35.36324996,149.16551216,10.00,calibration-file(no-undistort)
1784075165.661,detection_logs/frame_1784075165648.jpg,13,red,0.6437,1370.33,718.50,1312,668,118,88,-1.317,25.019,-35.36327383,149.16551260,10.00,calibration-file(no-undistort)
1784075165.723,detection_logs/frame_1784075165706.jpg,12,green,0.7959,1354.27,341.22,1298,294,118,88,1.363,24.898,-35.36324975,149.16551126,10.00,calibration-file(no-undistort)
1784075165.723,detection_logs/frame_1784075165706.jpg,13,red,0.6526,1357.98,715.57,1298,670,118,86,-1.296,24.926,-35.36327365,149.16551157,10.00,calibration-file(no-undistort)
1784075165.796,detection_logs/frame_1784075165783.jpg,12,green,0.8100,1338.03,342.55,1274,302,116,90,1.354,24.775,-35.36324984,149.16550991,10.00,calibration-file(no-undistort)
1784075165.796,detection_logs/frame_1784075165783.jpg,13,red,0.6611,1340.15,716.56,1274,676,114,88,-1.303,24.791,-35.36327371,149.16551008,10.00,calibration-file(no-undistort)
1784075165.861,detection_logs/frame_1784075165846.jpg,12,green,0.8228,1312.45,346.54,1238,310,112,88,1.325,24.953,-35.36325009,149.16551187,10.00,calibration-file(no-undistort)
1784075165.861,detection_logs/frame_1784075165846.jpg,13,red,0.6675,1313.82,719.75,1238,682,112,88,-1.326,24.963,-35.36327391,149.16551198,10.00,calibration-file(no-undistort)
1784075165.924,detection_logs/frame_1784075165913.jpg,12,green,0.8347,1277.28,350.38,1194,312,110,88,1.298,24.686,-35.36325034,149.16550893,10.00,calibration-file(no-undistort)
1784075165.924,detection_logs/frame_1784075165913.jpg,13,red,0.6984,1278.39,721.75,1196,682,108,86,-1.340,24.695,-35.36327404,149.16550903,10.00,calibration-file(no-undistort)
1784075165.990,detection_logs/frame_1784075165978.jpg,12,green,0.8498,1234.65,350.37,1148,306,108,86,1.298,24.363,-35.36325034,149.16550537,10.00,calibration-file(no-undistort)
1784075165.990,detection_logs/frame_1784075165978.jpg,13,red,0.6985,1235.32,719.66,1148,674,108,86,-1.326,24.368,-35.36327391,149.16550543,10.00,calibration-file(no-undistort)
1784075166.055,detection_logs/frame_1784075166043.jpg,12,green,0.8612,1187.12,347.78,1102,300,106,86,1.317,24.003,-35.36325017,149.16550140,10.00,calibration-file(no-undistort)
1784075166.055,detection_logs/frame_1784075166043.jpg,13,red,0.7199,1187.37,714.64,1102,666,104,84,-1.290,24.005,-35.36327359,149.16550142,10.00,calibration-file(no-undistort)
1784075166.127,detection_logs/frame_1784075166115.jpg,12,green,0.8721,1138.32,346.13,1060,300,104,88,1.328,23.987,-35.36325007,149.16550123,10.00,calibration-file(no-undistort)
1784075166.190,detection_logs/frame_1784075166179.jpg,12,green,0.8813,1090.90,347.69,1022,308,102,86,1.317,23.627,-35.36325017,149.16549727,10.00,calibration-file(no-undistort)
1784075166.190,detection_logs/frame_1784075166179.jpg,13,red,0.7307,1097.41,713.15,1022,672,100,86,-1.279,23.677,-35.36327349,149.16549781,10.00,calibration-file(no-undistort)
1784075166.254,detection_logs/frame_1784075166241.jpg,12,green,0.8871,1046.71,352.10,988,316,100,86,1.286,23.292,-35.36325045,149.16549358,10.00,calibration-file(no-undistort)
1784075166.254,detection_logs/frame_1784075166241.jpg,13,red,0.7400,1050.23,716.16,988,680,100,84,-1.301,23.319,-35.36327368,149.16549387,10.00,calibration-file(no-undistort)
1784075166.254,detection_logs/frame_1784075166241.jpg,14,green,0.4481,1491.24,155.54,1434,108,106,94,2.682,26.662,-35.36323790,149.16553070,10.00,calibration-file(no-undistort)
1784075166.325,detection_logs/frame_1784075166313.jpg,12,green,0.8910,1009.34,355.35,964,316,98,86,1.263,23.009,-35.36325066,149.16549046,10.00,calibration-file(no-undistort)
1784075166.325,detection_logs/frame_1784075166313.jpg,13,red,0.7472,1011.74,718.22,964,680,98,84,-1.315,23.027,-35.36327382,149.16549066,10.00,calibration-file(no-undistort)
1784075166.325,detection_logs/frame_1784075166313.jpg,14,green,0.4506,1475.99,153.47,1406,108,106,94,2.697,26.547,-35.36323777,149.16552943,10.00,calibration-file(no-undistort)
1784075166.393,detection_logs/frame_1784075166381.jpg,12,green,0.8940,981.64,354.79,950,310,98,84,1.267,23.053,-35.36325062,149.16549094,10.00,calibration-file(no-undistort)
1784075166.456,detection_logs/frame_1784075166442.jpg,12,green,0.8971,966.23,351.34,948,302,100,86,1.291,22.936,-35.36325040,149.16548966,10.00,calibration-file(no-undistort)
1784075166.456,detection_logs/frame_1784075166442.jpg,15,green,0.5504,1331.45,919.61,1280,866,106,106,-2.746,25.705,-35.36328667,149.16552016,10.00,calibration-file(no-undistort)
1784075166.519,detection_logs/frame_1784075166508.jpg,15,green,0.5499,1340.65,919.14,1296,866,104,106,-2.743,25.775,-35.36328664,149.16552092,10.00,calibration-file(no-undistort)
1784075166.519,detection_logs/frame_1784075166508.jpg,16,green,0.8994,1007.50,342.50,958,300,100,86,1.354,23.249,-35.36324984,149.16549310,10.00,calibration-file(no-undistort)
1784075166.586,detection_logs/frame_1784075166574.jpg,16,green,0.8997,1016.06,346.53,976,308,98,86,1.326,23.314,-35.36325009,149.16549382,10.00,calibration-file(no-undistort)
1784075166.655,detection_logs/frame_1784075166644.jpg,16,green,0.8997,1035.60,353.77,998,314,98,88,1.274,23.626,-35.36325055,149.16549725,10.00,calibration-file(no-undistort)
1784075166.721,detection_logs/frame_1784075166709.jpg,16,green,0.8955,1060.48,357.19,1022,314,98,86,1.250,23.814,-35.36325077,149.16549933,10.00,calibration-file(no-undistort)
1784075166.786,detection_logs/frame_1784075166774.jpg,16,green,0.8934,1086.26,354.38,1046,306,98,86,1.270,24.010,-35.36325059,149.16550148,10.00,calibration-file(no-undistort)
1784075166.859,detection_logs/frame_1784075166847.jpg,16,green,0.8879,1111.40,347.97,1068,296,100,88,1.315,24.255,-35.36325018,149.16550418,10.00,calibration-file(no-undistort)
1784075166.918,detection_logs/frame_1784075166906.jpg,16,green,0.8871,1134.64,343.88,1088,296,100,88,1.344,24.431,-35.36324992,149.16550612,10.00,calibration-file(no-undistort)
1784075166.984,detection_logs/frame_1784075166972.jpg,16,green,0.8846,1156.67,344.31,1108,302,100,90,1.341,24.598,-35.36324995,149.16550796,10.00,calibration-file(no-undistort)
1784075167.053,detection_logs/frame_1784075167040.jpg,16,green,0.8846,1176.23,347.68,1124,310,100,88,1.317,24.746,-35.36325017,149.16550959,10.00,calibration-file(no-undistort)
1784075167.117,detection_logs/frame_1784075167104.jpg,16,green,0.8786,1194.09,349.33,1140,308,100,88,1.306,24.909,-35.36325027,149.16551139,10.00,calibration-file(no-undistort)
1784075167.196,detection_logs/frame_1784075167184.jpg,16,green,0.8785,1211.21,347.25,1156,300,102,88,1.320,25.039,-35.36325014,149.16551281,10.00,calibration-file(no-undistort)
1784075167.265,detection_logs/frame_1784075167246.jpg,16,green,0.8674,1232.28,342.86,1184,292,102,90,1.352,25.198,-35.36324986,149.16551457,10.00,calibration-file(no-undistort)
1784075167.335,detection_logs/frame_1784075167319.jpg,16,green,0.8610,1260.75,338.83,1222,290,104,90,1.380,25.414,-35.36324960,149.16551695,10.00,calibration-file(no-undistort)
1784075167.395,detection_logs/frame_1784075167383.jpg,16,green,0.8483,1299.05,338.82,1270,296,108,92,1.380,25.714,-35.36324960,149.16552025,10.00,calibration-file(no-undistort)
1784075167.459,detection_logs/frame_1784075167447.jpg,16,green,0.8338,1346.36,340.67,1324,300,110,92,1.367,26.072,-35.36324972,149.16552420,10.00,calibration-file(no-undistort)
1784075167.521,detection_logs/frame_1784075167509.jpg,16,green,0.8192,1397.40,340.23,1372,294,112,94,1.370,26.459,-35.36324969,149.16552846,10.00,calibration-file(no-undistort)
1784075167.592,detection_logs/frame_1784075167581.jpg,16,green,0.8081,1445.66,336.39,1408,284,114,96,1.398,26.825,-35.36324945,149.16553249,10.00,calibration-file(no-undistort)
1784075167.660,detection_logs/frame_1784075167647.jpg,16,green,0.7954,1488.80,330.01,1438,274,116,98,1.443,27.207,-35.36324904,149.16553670,10.00,calibration-file(no-undistort)
1784075167.727,detection_logs/frame_1784075167716.jpg,16,green,0.7914,1520.48,325.88,1450,276,118,96,1.472,27.447,-35.36324877,149.16553934,10.00,calibration-file(no-undistort)
1784075167.789,detection_logs/frame_1784075167777.jpg,16,green,0.7954,1538.74,326.79,1452,284,116,98,1.466,27.585,-35.36324883,149.16554087,10.00,calibration-file(no-undistort)
1784075167.855,detection_logs/frame_1784075167839.jpg,17,green,0.7965,1501.50,336.50,1444,288,116,98,1.397,27.303,-35.36324945,149.16553776,10.00,calibration-file(no-undistort)
1784075167.921,detection_logs/frame_1784075167909.jpg,17,green,0.8081,1489.41,336.50,1422,288,112,98,1.397,27.384,-35.36324945,149.16553865,10.00,calibration-file(no-undistort)
1784075167.989,detection_logs/frame_1784075167976.jpg,17,green,0.8192,1461.28,332.99,1390,282,112,98,1.422,27.171,-35.36324923,149.16553630,10.00,calibration-file(no-undistort)
1784075168.056,detection_logs/frame_1784075168043.jpg,17,green,0.8318,1426.91,327.99,1360,278,108,96,1.457,26.910,-35.36324891,149.16553343,10.00,calibration-file(no-undistort)
1784075168.123,detection_logs/frame_1784075168109.jpg,17,green,0.8483,1386.07,328.02,1318,284,106,94,1.457,26.882,-35.36324891,149.16553312,10.00,calibration-file(no-undistort)
1784075168.183,detection_logs/frame_1784075168172.jpg,17,green,0.8636,1341.26,333.22,1274,294,102,94,1.420,26.542,-35.36324924,149.16552938,10.00,calibration-file(no-undistort)
1784075168.257,detection_logs/frame_1784075168244.jpg,17,green,0.8762,1298.79,339.81,1238,302,100,92,1.373,26.220,-35.36324966,149.16552583,10.00,calibration-file(no-undistort)
1784075168.320,detection_logs/frame_1784075168308.jpg,17,green,0.8889,1255.23,342.34,1196,298,98,92,1.355,25.890,-35.36324983,149.16552219,10.00,calibration-file(no-undistort)
1784075168.386,detection_logs/frame_1784075168374.jpg,17,green,0.9020,1211.50,340.52,1156,290,94,92,1.368,25.912,-35.36324971,149.16552244,10.00,calibration-file(no-undistort)
1784075168.451,detection_logs/frame_1784075168439.jpg,17,green,0.9105,1171.43,338.21,1124,288,92,92,1.385,25.609,-35.36324956,149.16551909,10.00,calibration-file(no-undistort)
1784075168.611,detection_logs/frame_1784075168598.jpg,17,green,0.9189,1133.24,338.86,1090,294,90,92,1.380,25.319,-35.36324960,149.16551590,10.00,calibration-file(no-undistort)
1784075168.702,detection_logs/frame_1784075168691.jpg,17,green,0.9272,1096.45,342.93,1056,304,88,90,1.351,25.040,-35.36324986,149.16551283,10.00,calibration-file(no-undistort)
1784075168.774,detection_logs/frame_1784075168756.jpg,17,green,0.9339,1064.68,347.09,1032,306,86,92,1.322,25.199,-35.36325013,149.16551458,10.00,calibration-file(no-undistort)
1784075168.937,detection_logs/frame_1784075168922.jpg,17,green,0.9414,1035.74,347.99,1006,302,84,90,1.315,24.979,-35.36325019,149.16551216,10.00,calibration-file(no-undistort)
1784075169.016,detection_logs/frame_1784075168999.jpg,17,green,0.9466,1004.69,345.18,970,294,82,90,1.335,24.744,-35.36325001,149.16550957,10.00,calibration-file(no-undistort)
1784075169.078,detection_logs/frame_1784075169061.jpg,17,green,0.9503,968.59,342.06,926,292,80,90,1.357,24.470,-35.36324981,149.16550655,10.00,calibration-file(no-undistort)
1784075169.141,detection_logs/frame_1784075169128.jpg,17,green,0.9581,925.43,342.07,874,298,78,90,1.357,24.543,-35.36324981,149.16550735,10.00,calibration-file(no-undistort)
1784075169.202,detection_logs/frame_1784075169190.jpg,17,green,0.9621,876.69,345.32,820,306,78,90,1.334,24.173,-35.36325002,149.16550328,10.00,calibration-file(no-undistort)
1784075169.270,detection_logs/frame_1784075169259.jpg,17,green,0.9669,824.52,348.57,768,308,76,90,1.311,23.778,-35.36325022,149.16549892,10.00,calibration-file(no-undistort)
1784075169.270,detection_logs/frame_1784075169259.jpg,18,red,0.8460,804.62,729.88,768,686,74,88,-1.398,23.627,-35.36327456,149.16549726,10.00,calibration-file(no-undistort)
1784075169.350,detection_logs/frame_1784075169335.jpg,17,green,0.9665,771.82,348.48,720,302,74,90,1.312,23.732,-35.36325022,149.16549842,10.00,calibration-file(no-undistort)
1784075169.350,detection_logs/frame_1784075169335.jpg,18,red,0.8572,779.64,727.12,720,680,72,88,-1.378,23.791,-35.36327438,149.16549907,10.00,calibration-file(no-undistort)
1784075169.407,detection_logs/frame_1784075169395.jpg,17,green,0.9665,721.15,344.23,676,292,74,90,1.342,23.348,-35.36324995,149.16549419,10.00,calibration-file(no-undistort)
1784075169.407,detection_logs/frame_1784075169395.jpg,18,red,0.8527,734.42,720.49,676,672,72,90,-1.331,23.449,-35.36327396,149.16549530,10.00,calibration-file(no-undistort)
1784075169.474,detection_logs/frame_1784075169461.jpg,17,green,0.9660,674.74,339.75,638,288,74,92,1.374,22.996,-35.36324966,149.16549031,10.00,calibration-file(no-undistort)
1784075169.474,detection_logs/frame_1784075169461.jpg,18,red,0.8545,687.98,715.84,640,670,72,90,-1.298,23.096,-35.36327366,149.16549142,10.00,calibration-file(no-undistort)
1784075169.547,detection_logs/frame_1784075169533.jpg,17,green,0.9645,636.49,338.07,612,292,74,92,1.386,22.706,-35.36324955,149.16548712,10.00,calibration-file(no-undistort)
1784075169.547,detection_logs/frame_1784075169533.jpg,18,red,0.8694,650.21,716.59,614,676,70,90,-1.304,22.810,-35.36327371,149.16548827,10.00,calibration-file(no-undistort)
1784075169.607,detection_logs/frame_1784075169593.jpg,17,green,0.9690,609.50,340.62,600,302,72,90,1.367,22.774,-35.36324972,149.16548787,10.00,calibration-file(no-undistort)
1784075169.607,detection_logs/frame_1784075169593.jpg,18,red,0.8708,623.90,721.82,600,684,70,90,-1.341,22.883,-35.36327404,149.16548907,10.00,calibration-file(no-undistort)
1784075169.680,detection_logs/frame_1784075169665.jpg,17,green,0.9660,594.98,343.91,598,304,72,92,1.344,22.664,-35.36324993,149.16548665,10.00,calibration-file(no-undistort)
1784075169.680,detection_logs/frame_1784075169665.jpg,18,red,0.8712,609.75,726.80,598,688,70,90,-1.376,22.776,-35.36327436,149.16548789,10.00,calibration-file(no-undistort)
1784075169.735,detection_logs/frame_1784075169724.jpg,18,red,0.8689,607.65,728.26,608,684,70,90,-1.387,22.760,-35.36327446,149.16548771,10.00,calibration-file(no-undistort)
1784075169.735,detection_logs/frame_1784075169724.jpg,19,green,0.9660,642.50,345.50,608,300,70,92,1.333,23.024,-35.36325003,149.16549062,10.00,calibration-file(no-undistort)
1784075169.803,detection_logs/frame_1784075169788.jpg,19,green,0.9672,651.06,341.47,624,292,72,92,1.361,23.089,-35.36324977,149.16549134,10.00,calibration-file(no-undistort)
1784075169.803,detection_logs/frame_1784075169788.jpg,20,red,0.8799,658.10,720.05,624,676,70,88,-1.328,23.142,-35.36327393,149.16549192,10.00,calibration-file(no-undistort)
1784075169.872,detection_logs/frame_1784075169859.jpg,19,green,0.9668,669.43,335.99,644,288,72,92,1.400,23.364,-35.36324942,149.16549437,10.00,calibration-file(no-undistort)
1784075169.872,detection_logs/frame_1784075169859.jpg,20,red,0.8663,668.87,717.51,646,670,70,90,-1.310,23.360,-35.36327377,149.16549432,10.00,calibration-file(no-undistort)
1784075169.936,detection_logs/frame_1784075169924.jpg,19,green,0.9679,693.03,335.35,668,292,70,92,1.405,23.543,-35.36324938,149.16549634,10.00,calibration-file(no-undistort)
1784075169.937,detection_logs/frame_1784075169924.jpg,20,red,0.8752,690.84,717.75,670,674,68,90,-1.312,23.527,-35.36327379,149.16549616,10.00,calibration-file(no-undistort)
1784075170.001,detection_logs/frame_1784075169988.jpg,19,green,0.9731,718.14,340.19,692,302,70,90,1.371,23.734,-35.36324969,149.16549844,10.00,calibration-file(no-undistort)
1784075170.001,detection_logs/frame_1784075169988.jpg,20,red,0.8753,716.43,722.47,692,682,70,88,-1.345,23.721,-35.36327409,149.16549830,10.00,calibration-file(no-undistort)
1784075170.076,detection_logs/frame_1784075170063.jpg,19,green,0.9698,742.46,345.67,714,306,70,92,1.332,23.918,-35.36325004,149.16550047,10.00,calibration-file(no-undistort)
1784075170.076,detection_logs/frame_1784075170063.jpg,20,red,0.8603,741.76,727.73,714,686,70,90,-1.383,23.913,-35.36327442,149.16550041,10.00,calibration-file(no-undistort)
1784075170.137,detection_logs/frame_1784075170124.jpg,19,green,0.9749,766.17,347.68,736,304,70,90,1.317,24.143,-35.36325017,149.16550295,10.00,calibration-file(no-undistort)
1784075170.138,detection_logs/frame_1784075170124.jpg,20,red,0.8602,765.88,728.79,736,682,70,90,-1.390,24.141,-35.36327449,149.16550293,10.00,calibration-file(no-undistort)
1784075170.204,detection_logs/frame_1784075170191.jpg,19,green,0.9745,788.58,344.50,756,294,70,90,1.340,24.313,-35.36324996,149.16550482,10.00,calibration-file(no-undistort)
1784075170.204,detection_logs/frame_1784075170191.jpg,20,red,0.8820,788.27,724.94,756,674,68,88,-1.363,24.311,-35.36327424,149.16550479,10.00,calibration-file(no-undistort)
1784075170.271,detection_logs/frame_1784075170257.jpg,19,green,0.9693,809.29,340.92,774,290,70,92,1.365,24.470,-35.36324973,149.16550655,10.00,calibration-file(no-undistort)
1784075170.271,detection_logs/frame_1784075170257.jpg,20,red,0.8813,809.18,720.43,776,670,68,88,-1.331,24.469,-35.36327396,149.16550654,10.00,calibration-file(no-undistort)
1784075170.334,detection_logs/frame_1784075170322.jpg,19,green,0.9732,827.99,339.60,790,294,70,90,1.375,24.612,-35.36324965,149.16550811,10.00,calibration-file(no-undistort)
1784075170.334,detection_logs/frame_1784075170322.jpg,20,red,0.8813,828.07,718.50,792,672,68,88,-1.317,24.612,-35.36327383,149.16550812,10.00,calibration-file(no-undistort)
1784075170.401,detection_logs/frame_1784075170388.jpg,19,green,0.9793,845.29,342.36,806,304,70,88,1.355,24.743,-35.36324983,149.16550956,10.00,calibration-file(no-undistort)
1784075170.401,detection_logs/frame_1784075170388.jpg,20,red,0.8796,845.07,720.94,806,682,68,88,-1.335,24.741,-35.36327399,149.16550954,10.00,calibration-file(no-undistort)
1784075170.463,detection_logs/frame_1784075170452.jpg,19,green,0.9750,860.83,346.49,820,308,70,90,1.326,24.861,-35.36325009,149.16551085,10.00,calibration-file(no-undistort)
1784075170.464,detection_logs/frame_1784075170452.jpg,20,red,0.8802,860.34,724.78,820,686,68,88,-1.362,24.857,-35.36327423,149.16551081,10.00,calibration-file(no-undistort)
1784075170.536,detection_logs/frame_1784075170523.jpg,19,green,0.9732,874.37,347.92,832,304,70,90,1.316,24.963,-35.36325018,149.16551198,10.00,calibration-file(no-undistort)
1784075170.536,detection_logs/frame_1784075170523.jpg,20,red,0.8838,873.55,726.00,832,682,68,88,-1.371,24.957,-35.36327431,149.16551192,10.00,calibration-file(no-undistort)
1784075170.606,detection_logs/frame_1784075170592.jpg,19,green,0.9749,885.74,345.62,842,296,70,90,1.332,25.041,-35.36325003,149.16551283,10.00,calibration-file(no-undistort)
1784075170.606,detection_logs/frame_1784075170592.jpg,20,red,0.8816,884.86,723.50,842,674,68,88,-1.353,25.034,-35.36327415,149.16551276,10.00,calibration-file(no-undistort)
1784075170.672,detection_logs/frame_1784075170655.jpg,19,green,0.9698,894.89,341.75,850,290,70,92,1.359,25.110,-35.36324979,149.16551360,10.00,calibration-file(no-undistort)
1784075170.672,detection_logs/frame_1784075170655.jpg,20,red,0.8778,894.21,719.60,852,670,68,88,-1.325,25.105,-35.36327390,149.16551354,10.00,calibration-file(no-undistort)
1784075170.735,detection_logs/frame_1784075170719.jpg,19,green,0.9749,901.79,340.05,856,294,70,90,1.372,25.162,-35.36324968,149.16551418,10.00,calibration-file(no-undistort)
1784075170.735,detection_logs/frame_1784075170719.jpg,20,red,0.8815,901.38,717.79,858,672,68,88,-1.312,25.159,-35.36327379,149.16551414,10.00,calibration-file(no-undistort)
1784075170.809,detection_logs/frame_1784075170791.jpg,19,green,0.9746,907.66,342.08,864,302,68,90,1.357,25.207,-35.36324981,149.16551467,10.00,calibration-file(no-undistort)
1784075170.809,detection_logs/frame_1784075170791.jpg,20,red,0.8813,907.21,720.33,864,682,68,88,-1.330,25.203,-35.36327395,149.16551463,10.00,calibration-file(no-undistort)
1784075170.877,detection_logs/frame_1784075170861.jpg,19,green,0.9745,912.22,346.13,868,308,70,90,1.328,25.223,-35.36325007,149.16551485,10.00,calibration-file(no-undistort)
1784075170.878,detection_logs/frame_1784075170861.jpg,20,red,0.8793,911.91,724.08,870,686,68,88,-1.357,25.221,-35.36327419,149.16551482,10.00,calibration-file(no-undistort)
1784075170.941,detection_logs/frame_1784075170929.jpg,19,green,0.9749,915.63,347.55,872,304,70,90,1.318,25.249,-35.36325016,149.16551513,10.00,calibration-file(no-undistort)
1784075170.942,detection_logs/frame_1784075170929.jpg,20,red,0.8681,915.14,725.77,872,682,68,90,-1.369,25.245,-35.36327430,149.16551509,10.00,calibration-file(no-undistort)
1784075171.016,detection_logs/frame_1784075170997.jpg,19,green,0.9731,917.61,345.29,874,296,70,90,1.334,25.264,-35.36325001,149.16551530,10.00,calibration-file(no-undistort)
1784075171.017,detection_logs/frame_1784075170997.jpg,20,red,0.8688,917.22,723.67,876,674,68,90,-1.354,25.261,-35.36327416,149.16551526,10.00,calibration-file(no-undistort)
1784075171.083,detection_logs/frame_1784075171065.jpg,19,green,0.9739,918.73,341.07,876,290,70,90,1.364,25.273,-35.36324974,149.16551539,10.00,calibration-file(no-undistort)
1784075171.083,detection_logs/frame_1784075171065.jpg,20,red,0.8804,918.36,719.79,878,670,68,88,-1.326,25.270,-35.36327392,149.16551536,10.00,calibration-file(no-undistort)
1784075171.154,detection_logs/frame_1784075171140.jpg,19,green,0.9749,919.43,339.53,878,294,70,90,1.375,25.269,-35.36324965,149.16551535,10.00,calibration-file(no-undistort)
1784075171.220,detection_logs/frame_1784075171203.jpg,19,green,0.9745,919.19,342.51,878,304,70,90,1.354,25.267,-35.36324984,149.16551533,10.00,calibration-file(no-undistort)
1784075171.220,detection_logs/frame_1784075171203.jpg,20,red,0.8823,919.64,722.36,878,682,68,88,-1.345,25.270,-35.36327408,149.16551537,10.00,calibration-file(no-undistort)
1784075171.289,detection_logs/frame_1784075171271.jpg,19,green,0.9745,918.41,346.47,878,308,70,90,1.326,25.261,-35.36325009,149.16551526,10.00,calibration-file(no-undistort)
1784075171.289,detection_logs/frame_1784075171271.jpg,20,red,0.8823,917.53,726.00,878,686,68,88,-1.371,25.254,-35.36327431,149.16551519,10.00,calibration-file(no-undistort)
1784075171.363,detection_logs/frame_1784075171344.jpg,19,green,0.9749,917.38,347.81,878,304,70,90,1.316,25.253,-35.36325017,149.16551518,10.00,calibration-file(no-undistort)
1784075171.363,detection_logs/frame_1784075171344.jpg,20,red,0.8831,915.96,726.74,878,682,68,88,-1.376,25.242,-35.36327436,149.16551506,10.00,calibration-file(no-undistort)
1784075171.446,detection_logs/frame_1784075171428.jpg,19,green,0.9793,915.50,345.07,876,296,70,88,1.336,25.239,-35.36325000,149.16551502,10.00,calibration-file(no-undistort)
1784075171.446,detection_logs/frame_1784075171428.jpg,20,red,0.8807,914.39,723.70,878,674,68,88,-1.354,25.230,-35.36327417,149.16551493,10.00,calibration-file(no-undistort)
1784075171.503,detection_logs/frame_1784075171485.jpg,19,green,0.9732,913.10,340.90,874,290,70,90,1.366,25.221,-35.36324973,149.16551482,10.00,calibration-file(no-undistort)
1784075171.503,detection_logs/frame_1784075171485.jpg,20,red,0.8790,912.27,719.33,876,668,68,88,-1.323,25.214,-35.36327389,149.16551475,10.00,calibration-file(no-undistort)
1784075171.570,detection_logs/frame_1784075171553.jpg,19,green,0.9761,910.42,339.40,872,294,70,90,1.376,25.200,-35.36324964,149.16551460,10.00,calibration-file(no-undistort)
1784075171.570,detection_logs/frame_1784075171553.jpg,20,red,0.8813,909.42,718.10,872,674,68,88,-1.314,25.193,-35.36327381,149.16551451,10.00,calibration-file(no-undistort)
1784075171.639,detection_logs/frame_1784075171622.jpg,19,green,0.9762,907.25,342.42,870,304,68,90,1.355,25.176,-35.36324983,149.16551433,10.00,calibration-file(no-undistort)
1784075171.639,detection_logs/frame_1784075171622.jpg,20,red,0.8817,906.30,720.78,870,682,68,88,-1.333,25.169,-35.36327398,149.16551425,10.00,calibration-file(no-undistort)
1784075171.708,detection_logs/frame_1784075171688.jpg,19,green,0.9816,903.78,346.01,866,308,70,88,1.329,25.150,-35.36325006,149.16551404,10.00,calibration-file(no-undistort)
1784075171.708,detection_logs/frame_1784075171688.jpg,20,red,0.8812,903.15,724.51,868,686,68,88,-1.360,25.145,-35.36327422,149.16551399,10.00,calibration-file(no-undistort)
1784075171.791,detection_logs/frame_1784075171777.jpg,19,green,0.9816,900.60,347.08,864,304,70,88,1.322,25.126,-35.36325013,149.16551378,10.00,calibration-file(no-undistort)
1784075171.791,detection_logs/frame_1784075171777.jpg,20,red,0.8799,900.16,725.68,866,682,68,88,-1.368,25.123,-35.36327429,149.16551374,10.00,calibration-file(no-undistort)
1784075171.847,detection_logs/frame_1784075171828.jpg,19,green,0.9779,897.69,344.15,862,294,70,90,1.342,25.104,-35.36324994,149.16551353,10.00,calibration-file(no-undistort)
1784075171.847,detection_logs/frame_1784075171828.jpg,20,red,0.8794,897.42,723.05,864,674,68,88,-1.350,25.102,-35.36327412,149.16551351,10.00,calibration-file(no-undistort)
1784075171.915,detection_logs/frame_1784075171900.jpg,19,green,0.9761,895.03,340.26,860,290,70,90,1.370,25.093,-35.36324969,149.16551341,10.00,calibration-file(no-undistort)
1784075171.915,detection_logs/frame_1784075171900.jpg,20,red,0.8656,894.45,719.31,860,668,68,90,-1.323,25.088,-35.36327388,149.16551336,10.00,calibration-file(no-undistort)
1784075171.978,detection_logs/frame_1784075171958.jpg,19,green,0.9778,891.78,339.78,856,296,70,90,1.373,25.068,-35.36324966,149.16551314,10.00,calibration-file(no-undistort)
1784075171.978,detection_logs/frame_1784075171958.jpg,20,red,0.8795,891.55,718.94,858,676,68,88,-1.320,25.066,-35.36327386,149.16551312,10.00,calibration-file(no-undistort)
1784075172.052,detection_logs/frame_1784075172036.jpg,19,green,0.9816,888.91,343.17,854,306,70,88,1.349,25.046,-35.36324988,149.16551290,10.00,calibration-file(no-undistort)
1784075172.052,detection_logs/frame_1784075172036.jpg,20,red,0.8794,888.79,722.28,856,684,68,88,-1.344,25.046,-35.36327407,149.16551289,10.00,calibration-file(no-undistort)
1784075172.113,detection_logs/frame_1784075172095.jpg,19,green,0.9816,885.95,346.61,852,308,68,88,1.325,25.024,-35.36325010,149.16551265,10.00,calibration-file(no-undistort)
1784075172.113,detection_logs/frame_1784075172095.jpg,20,red,0.8812,885.72,725.59,852,686,68,88,-1.368,25.022,-35.36327429,149.16551263,10.00,calibration-file(no-undistort)
1784075172.291,detection_logs/frame_1784075172275.jpg,19,green,0.9777,882.53,346.32,848,300,68,90,1.327,25.034,-35.36325008,149.16551277,10.00,calibration-file(no-undistort)
1784075172.291,detection_logs/frame_1784075172275.jpg,20,red,0.8678,882.24,725.32,848,678,68,90,-1.366,25.032,-35.36327427,149.16551274,10.00,calibration-file(no-undistort)
1784075172.379,detection_logs/frame_1784075172365.jpg,19,green,0.9815,878.78,343.18,844,294,68,88,1.349,25.006,-35.36324988,149.16551245,10.00,calibration-file(no-undistort)
1784075172.379,detection_logs/frame_1784075172365.jpg,20,red,0.8790,878.53,721.98,844,672,68,88,-1.342,25.004,-35.36327406,149.16551243,10.00,calibration-file(no-undistort)
1784075172.433,detection_logs/frame_1784075172415.jpg,19,green,0.9816,875.21,339.95,840,292,70,88,1.372,24.979,-35.36324967,149.16551216,10.00,calibration-file(no-undistort)
1784075172.433,detection_logs/frame_1784075172415.jpg,20,red,0.8784,874.79,718.78,840,670,68,88,-1.319,24.976,-35.36327385,149.16551212,10.00,calibration-file(no-undistort)
1784075172.605,detection_logs/frame_1784075172585.jpg,19,green,0.9831,871.80,340.00,838,298,68,88,1.372,24.953,-35.36324968,149.16551187,10.00,calibration-file(no-undistort)
1784075172.605,detection_logs/frame_1784075172585.jpg,20,red,0.8798,871.39,718.90,838,676,68,88,-1.320,24.950,-35.36327386,149.16551184,10.00,calibration-file(no-undistort)
1784075172.670,detection_logs/frame_1784075172653.jpg,19,green,0.9779,869.33,343.78,836,306,70,90,1.345,24.943,-35.36324992,149.16551176,10.00,calibration-file(no-undistort)
1784075172.670,detection_logs/frame_1784075172653.jpg,20,red,0.8662,868.90,722.70,836,684,68,90,-1.347,24.940,-35.36327410,149.16551173,10.00,calibration-file(no-undistort)
1784075172.728,detection_logs/frame_1784075172713.jpg,19,green,0.9816,871.97,347.08,846,308,70,88,1.322,24.963,-35.36325013,149.16551198,10.00,calibration-file(no-undistort)
1784075172.728,detection_logs/frame_1784075172713.jpg,20,red,0.8801,871.45,725.91,846,686,68,88,-1.370,24.959,-35.36327431,149.16551194,10.00,calibration-file(no-undistort)
1784075172.798,detection_logs/frame_1784075172780.jpg,19,green,0.9774,883.17,346.67,868,300,70,90,1.324,25.048,-35.36325010,149.16551292,10.00,calibration-file(no-undistort)
1784075172.798,detection_logs/frame_1784075172780.jpg,20,red,0.8799,883.02,725.30,870,678,68,88,-1.366,25.047,-35.36327427,149.16551291,10.00,calibration-file(no-undistort)
1784075172.875,detection_logs/frame_1784075172856.jpg,19,green,0.9766,906.15,343.02,904,292,70,90,1.350,25.222,-35.36324987,149.16551484,10.00,calibration-file(no-undistort)
1784075172.876,detection_logs/frame_1784075172856.jpg,20,red,0.8651,905.88,721.83,904,670,68,90,-1.341,25.220,-35.36327405,149.16551482,10.00,calibration-file(no-undistort)
1784075172.933,detection_logs/frame_1784075172920.jpg,21,red,0.8830,983.53,714.53,950,670,68,88,-1.289,25.845,-35.36327358,149.16552170,10.00,calibration-file(no-undistort)
1784075172.933,detection_logs/frame_1784075172920.jpg,22,green,0.9763,984.50,334.50,950,290,70,90,1.411,25.853,-35.36324932,149.16552178,10.00,calibration-file(no-undistort)
1784075173.004,detection_logs/frame_1784075172991.jpg,21,red,0.8749,1008.36,718.54,998,678,70,88,-1.318,26.034,-35.36327384,149.16552377,10.00,calibration-file(no-undistort)
1784075173.004,detection_logs/frame_1784075172991.jpg,22,green,0.9749,1008.68,337.52,998,296,70,90,1.390,26.036,-35.36324952,149.16552380,10.00,calibration-file(no-undistort)
1784075173.066,detection_logs/frame_1784075173053.jpg,21,red,0.8657,1057.35,727.00,1048,686,70,90,-1.378,26.405,-35.36327438,149.16552787,10.00,calibration-file(no-undistort)
1784075173.066,detection_logs/frame_1784075173053.jpg,22,green,0.9731,1057.35,344.56,1048,304,72,90,1.340,26.405,-35.36324997,149.16552787,10.00,calibration-file(no-undistort)
1784075173.132,detection_logs/frame_1784075173117.jpg,21,red,0.8706,1104.84,732.35,1084,688,70,90,-1.416,26.765,-35.36327472,149.16553183,10.00,calibration-file(no-undistort)
1784075173.132,detection_logs/frame_1784075173117.jpg,22,green,0.9672,1104.18,347.95,1082,302,72,92,1.315,26.760,-35.36325018,149.16553178,10.00,calibration-file(no-undistort)
1784075173.201,detection_logs/frame_1784075173187.jpg,21,red,0.8608,1137.20,731.13,1098,680,72,90,-1.407,27.101,-35.36327464,149.16553553,10.00,calibration-file(no-undistort)
1784075173.201,detection_logs/frame_1784075173187.jpg,22,green,0.9672,1136.27,345.16,1098,294,72,92,1.335,27.094,-35.36325001,149.16553546,10.00,calibration-file(no-undistort)
1784075173.272,detection_logs/frame_1784075173257.jpg,21,red,0.8633,1155.08,726.72,1102,674,72,90,-1.376,27.237,-35.36327436,149.16553703,10.00,calibration-file(no-undistort)
1784075173.272,detection_logs/frame_1784075173257.jpg,22,green,0.9702,1154.18,339.77,1102,288,72,90,1.374,27.230,-35.36324966,149.16553695,10.00,calibration-file(no-undistort)
1784075173.337,detection_logs/frame_1784075173323.jpg,21,red,0.8609,1156.28,723.27,1086,672,72,90,-1.351,27.246,-35.36327414,149.16553713,10.00,calibration-file(no-undistort)
1784075173.337,detection_logs/frame_1784075173323.jpg,22,green,0.9712,1155.15,336.32,1086,288,72,90,1.398,27.237,-35.36324944,149.16553703,10.00,calibration-file(no-undistort)
1784075173.402,detection_logs/frame_1784075173388.jpg,23,red,0.8695,1093.12,724.68,1058,680,70,90,-1.361,26.967,-35.36327423,149.16553405,10.00,calibration-file(no-undistort)
1784075173.402,detection_logs/frame_1784075173388.jpg,24,green,0.9711,1091.50,340.50,1056,296,72,90,1.368,26.954,-35.36324971,149.16553392,10.00,calibration-file(no-undistort)
1784075173.470,detection_logs/frame_1784075173455.jpg,23,red,0.8647,1076.14,727.91,1024,686,70,90,-1.384,26.838,-35.36327443,149.16553263,10.00,calibration-file(no-undistort)
1784075173.470,detection_logs/frame_1784075173455.jpg,24,green,0.9706,1074.37,344.53,1022,304,72,90,1.340,26.825,-35.36324997,149.16553249,10.00,calibration-file(no-undistort)
1784075173.540,detection_logs/frame_1784075173526.jpg,23,red,0.8519,1037.76,729.19,980,684,72,90,-1.393,26.547,-35.36327452,149.16552943,10.00,calibration-file(no-undistort)
1784075173.540,detection_logs/frame_1784075173526.jpg,24,green,0.9712,1036.46,347.67,980,304,72,90,1.317,26.537,-35.36325017,149.16552932,10.00,calibration-file(no-undistort)
1784075173.601,detection_logs/frame_1784075173588.jpg,23,red,0.8579,989.29,724.15,934,676,72,88,-1.357,26.180,-35.36327419,149.16552538,10.00,calibration-file(no-undistort)
1784075173.601,detection_logs/frame_1784075173588.jpg,24,green,0.9690,987.99,344.59,932,296,74,90,1.339,26.170,-35.36324997,149.16552527,10.00,calibration-file(no-undistort)
1784075173.666,detection_logs/frame_1784075173653.jpg,23,red,0.8431,942.40,717.95,892,670,74,88,-1.313,26.142,-35.36327380,149.16552497,10.00,calibration-file(no-undistort)
1784075173.666,detection_logs/frame_1784075173653.jpg,24,green,0.9678,941.40,340.46,892,292,74,90,1.369,26.134,-35.36324971,149.16552488,10.00,calibration-file(no-undistort)
1784075173.738,detection_logs/frame_1784075173721.jpg,23,red,0.8337,896.33,715.69,848,672,76,88,-1.297,25.793,-35.36327365,149.16552112,10.00,calibration-file(no-undistort)
1784075173.738,detection_logs/frame_1784075173721.jpg,24,green,0.9637,895.42,339.01,848,294,76,90,1.379,25.786,-35.36324961,149.16552104,10.00,calibration-file(no-undistort)
1784075173.800,detection_logs/frame_1784075173785.jpg,23,red,0.8317,850.02,718.27,804,680,76,88,-1.316,25.442,-35.36327382,149.16551725,10.00,calibration-file(no-undistort)
1784075173.800,detection_logs/frame_1784075173785.jpg,24,green,0.9625,849.60,342.81,804,304,76,90,1.352,25.438,-35.36324986,149.16551722,10.00,calibration-file(no-undistort)
1784075173.869,detection_logs/frame_1784075173854.jpg,23,red,0.8260,807.79,722.13,768,684,76,90,-1.343,25.121,-35.36327406,149.16551372,10.00,calibration-file(no-undistort)
1784075173.869,detection_logs/frame_1784075173854.jpg,24,green,0.9577,807.91,347.12,768,308,78,90,1.321,25.122,-35.36325013,149.16551374,10.00,calibration-file(no-undistort)
1784075173.869,detection_logs/frame_1784075173854.jpg,25,green,0.4931,1703.06,130.67,1690,108,38,32,2.859,31.908,-35.36323632,149.16558849,10.00,calibration-file(no-undistort)
1784075173.948,detection_logs/frame_1784075173925.jpg,23,red,0.8222,769.06,723.53,734,682,78,88,-1.353,25.182,-35.36327415,149.16551439,10.00,calibration-file(no-undistort)
1784075173.948,detection_logs/frame_1784075173925.jpg,24,green,0.9540,768.93,348.36,732,304,80,90,1.313,25.181,-35.36325021,149.16551438,10.00,calibration-file(no-undistort)
1784075174.005,detection_logs/frame_1784075173991.jpg,23,red,0.8123,732.84,721.16,700,674,80,88,-1.336,24.907,-35.36327400,149.16551137,10.00,calibration-file(no-undistort)
1784075174.005,detection_logs/frame_1784075173991.jpg,24,green,0.9471,732.62,345.81,698,296,82,90,1.331,24.906,-35.36325005,149.16551135,10.00,calibration-file(no-undistort)
1784075174.089,detection_logs/frame_1784075174074.jpg,23,red,0.8025,702.25,717.49,676,668,80,90,-1.310,24.675,-35.36327377,149.16550881,10.00,calibration-file(no-undistort)
1784075174.089,detection_logs/frame_1784075174074.jpg,24,green,0.9414,701.81,341.40,674,290,82,90,1.362,24.672,-35.36324977,149.16550877,10.00,calibration-file(no-undistort)
1784075174.154,detection_logs/frame_1784075174135.jpg,23,red,0.8036,675.86,716.81,652,674,82,88,-1.305,24.866,-35.36327373,149.16551091,10.00,calibration-file(no-undistort)
1784075174.154,detection_logs/frame_1784075174135.jpg,24,green,0.9382,675.29,340.55,650,296,84,90,1.368,24.861,-35.36324971,149.16551086,10.00,calibration-file(no-undistort)
1784075174.235,detection_logs/frame_1784075174222.jpg,23,red,0.7973,652.38,720.41,628,684,84,88,-1.331,24.688,-35.36327396,149.16550895,10.00,calibration-file(no-undistort)
1784075174.235,detection_logs/frame_1784075174222.jpg,24,green,0.9336,652.50,344.05,628,306,86,90,1.343,24.688,-35.36324993,149.16550896,10.00,calibration-file(no-undistort)
1784075174.297,detection_logs/frame_1784075174275.jpg,23,red,0.7894,633.75,724.23,612,686,86,88,-1.358,24.546,-35.36327420,149.16550739,10.00,calibration-file(no-undistort)
1784075174.297,detection_logs/frame_1784075174275.jpg,24,green,0.9272,634.12,347.56,612,308,86,90,1.318,24.549,-35.36325016,149.16550742,10.00,calibration-file(no-undistort)
1784075174.361,detection_logs/frame_1784075174343.jpg,23,red,0.7830,617.64,724.56,594,680,88,88,-1.360,24.424,-35.36327422,149.16550605,10.00,calibration-file(no-undistort)
1784075174.361,detection_logs/frame_1784075174343.jpg,24,green,0.9233,617.82,347.72,592,302,90,90,1.317,24.426,-35.36325017,149.16550606,10.00,calibration-file(no-undistort)
1784075174.421,detection_logs/frame_1784075174406.jpg,23,red,0.7727,602.96,721.40,576,672,90,88,-1.338,24.703,-35.36327402,149.16550912,10.00,calibration-file(no-undistort)
1784075174.422,detection_logs/frame_1784075174406.jpg,24,green,0.9138,603.01,344.10,574,292,92,92,1.343,24.704,-35.36324994,149.16550912,10.00,calibration-file(no-undistort)
1784075174.496,detection_logs/frame_1784075174477.jpg,24,green,0.9104,591.70,340.50,564,290,92,92,1.368,24.618,-35.36324971,149.16550818,10.00,calibration-file(no-undistort)
1784075174.557,detection_logs/frame_1784075174540.jpg,24,green,0.9059,580.59,339.87,548,296,94,90,1.373,24.534,-35.36324967,149.16550725,10.00,calibration-file(no-undistort)
1784075174.632,detection_logs/frame_1784075174619.jpg,24,green,0.8984,569.25,343.16,532,304,96,92,1.349,24.448,-35.36324988,149.16550630,10.00,calibration-file(no-undistort)
1784075174.692,detection_logs/frame_1784075174673.jpg,24,green,0.8955,559.41,346.94,522,308,96,90,1.323,24.745,-35.36325012,149.16550958,10.00,calibration-file(no-undistort)
1784075174.758,detection_logs/frame_1784075174742.jpg,24,green,0.8882,548.46,346.52,506,300,98,90,1.326,24.662,-35.36325009,149.16550867,10.00,calibration-file(no-undistort)
1784075174.831,detection_logs/frame_1784075174813.jpg,24,green,0.8786,536.06,342.87,490,292,98,90,1.351,24.568,-35.36324986,149.16550763,10.00,calibration-file(no-undistort)
1784075174.916,detection_logs/frame_1784075174898.jpg,24,green,0.8739,524.86,339.68,478,290,102,92,1.374,24.483,-35.36324966,149.16550670,10.00,calibration-file(no-undistort)
1784075174.970,detection_logs/frame_1784075174951.jpg,24,green,0.8674,512.87,340.18,464,298,102,90,1.371,24.756,-35.36324969,149.16550970,10.00,calibration-file(no-undistort)
1784075175.036,detection_logs/frame_1784075175016.jpg,24,green,0.8629,500.64,343.90,450,306,104,90,1.344,24.663,-35.36324993,149.16550867,10.00,calibration-file(no-undistort)
1784075175.103,detection_logs/frame_1784075175087.jpg,24,green,0.8586,489.38,346.76,440,306,104,90,1.324,24.578,-35.36325011,149.16550773,10.00,calibration-file(no-undistort)
1784075175.173,detection_logs/frame_1784075175158.jpg,24,green,0.8498,477.22,346.42,424,300,108,90,1.326,24.485,-35.36325009,149.16550672,10.00,calibration-file(no-undistort)
1784075175.238,detection_logs/frame_1784075175221.jpg,24,green,0.8430,465.16,342.83,412,292,108,90,1.352,24.766,-35.36324986,149.16550981,10.00,calibration-file(no-undistort)
1784075175.311,detection_logs/frame_1784075175292.jpg,24,green,0.8375,454.75,340.08,404,292,108,90,1.371,24.687,-35.36324968,149.16550894,10.00,calibration-file(no-undistort)
1784075175.391,detection_logs/frame_1784075175374.jpg,24,green,0.8338,443.57,341.30,390,300,110,90,1.363,24.602,-35.36324976,149.16550801,10.00,calibration-file(no-undistort)
1784075175.448,detection_logs/frame_1784075175432.jpg,24,green,0.8284,432.55,344.73,378,306,112,90,1.338,24.519,-35.36324998,149.16550709,10.00,calibration-file(no-undistort)
1784075175.518,detection_logs/frame_1784075175501.jpg,24,green,0.8204,422.42,348.14,368,308,114,90,1.314,24.805,-35.36325020,149.16551024,10.00,calibration-file(no-undistort)
1784075175.584,detection_logs/frame_1784075175565.jpg,24,green,0.8137,410.95,346.59,354,298,114,90,1.325,24.718,-35.36325010,149.16550928,10.00,calibration-file(no-undistort)
1784075175.655,detection_logs/frame_1784075175637.jpg,24,green,0.8100,400.42,342.87,344,292,116,90,1.352,24.638,-35.36324986,149.16550841,10.00,calibration-file(no-undistort)
1784075175.731,detection_logs/frame_1784075175714.jpg,24,green,0.8046,390.61,340.84,334,294,118,90,1.366,24.918,-35.36324973,149.16551149,10.00,calibration-file(no-undistort)
1784075175.789,detection_logs/frame_1784075175773.jpg,24,green,0.7965,379.29,341.80,320,300,118,90,1.359,24.832,-35.36324979,149.16551054,10.00,calibration-file(no-undistort)
1784075175.981,detection_logs/frame_1784075175963.jpg,24,green,0.7918,367.63,345.84,308,308,118,90,1.330,24.744,-35.36325005,149.16550957,10.00,calibration-file(no-undistort)
1784075176.041,detection_logs/frame_1784075176022.jpg,24,green,0.7864,356.93,348.89,298,308,120,90,1.309,24.663,-35.36325024,149.16550867,10.00,calibration-file(no-undistort)
1784075176.108,detection_logs/frame_1784075176092.jpg,24,green,0.7821,349.77,347.06,296,298,120,90,1.322,24.981,-35.36325013,149.16551218,10.00,calibration-file(no-undistort)
1784075176.267,detection_logs/frame_1784075176253.jpg,24,green,0.7775,345.62,343.52,294,294,122,88,1.347,24.949,-35.36324990,149.16551183,10.00,calibration-file(no-undistort)
1784075176.343,detection_logs/frame_1784075176325.jpg,24,green,0.7808,343.57,342.03,292,296,124,90,1.357,24.934,-35.36324981,149.16551166,10.00,calibration-file(no-undistort)
1784075176.407,detection_logs/frame_1784075176389.jpg,24,green,0.7808,345.29,344.60,298,306,122,88,1.339,24.947,-35.36324997,149.16551180,10.00,calibration-file(no-undistort)
1784075176.481,detection_logs/frame_1784075176468.jpg,24,green,0.7821,351.18,349.41,306,314,124,86,1.305,25.364,-35.36325028,149.16551639,10.00,calibration-file(no-undistort)
1784075176.540,detection_logs/frame_1784075176527.jpg,24,green,0.7767,355.06,352.17,304,312,122,86,1.285,25.393,-35.36325045,149.16551672,10.00,calibration-file(no-undistort)
1784075176.605,detection_logs/frame_1784075176592.jpg,24,green,0.7710,350.66,350.83,284,304,124,86,1.295,25.360,-35.36325037,149.16551635,10.00,calibration-file(no-undistort)
1784075176.669,detection_logs/frame_1784075176657.jpg,24,green,0.7570,339.12,347.21,262,298,126,86,1.321,25.272,-35.36325014,149.16551539,10.00,calibration-file(no-undistort)
1784075176.736,detection_logs/frame_1784075176723.jpg,24,green,0.7512,317.59,345.61,228,300,128,88,1.332,25.536,-35.36325003,149.16551829,10.00,calibration-file(no-undistort)
1784075176.819,detection_logs/frame_1784075176800.jpg,26,green,0.3232,1652.62,539.19,1598,512,124,50,-0.043,35.657,-35.36326239,149.16562978,10.00,calibration-file(no-undistort)
1784075176.880,detection_logs/frame_1784075176865.jpg,26,green,0.3477,1632.12,537.68,1562,516,120,50,-0.033,35.501,-35.36326229,149.16562806,10.00,calibration-file(no-undistort)
1784075176.944,detection_logs/frame_1784075176928.jpg,26,green,0.3689,1595.23,537.82,1526,514,118,50,-0.034,35.657,-35.36326230,149.16562978,10.00,calibration-file(no-undistort)
1784075177.017,detection_logs/frame_1784075177001.jpg,26,green,0.3929,1553.62,531.35,1490,504,114,50,0.012,35.342,-35.36326189,149.16562631,10.00,calibration-file(no-undistort)
1784075177.075,detection_logs/frame_1784075177060.jpg,26,green,0.4107,1518.86,525.49,1464,500,112,50,0.054,35.078,-35.36326151,149.16562341,10.00,calibration-file(no-undistort)
1784075177.145,detection_logs/frame_1784075177127.jpg,26,green,0.4239,1486.36,523.80,1438,504,110,50,0.066,34.832,-35.36326141,149.16562069,10.00,calibration-file(no-undistort)
1784075177.213,detection_logs/frame_1784075177198.jpg,26,green,0.4099,1454.52,529.37,1412,514,106,48,0.026,35.053,-35.36326176,149.16562313,10.00,calibration-file(no-undistort)
1784075177.291,detection_logs/frame_1784075177272.jpg,26,green,0.4241,1429.82,532.25,1394,518,104,48,0.006,34.866,-35.36326195,149.16562107,10.00,calibration-file(no-undistort)
1784075177.355,detection_logs/frame_1784075177339.jpg,26,green,0.4626,1407.78,535.22,1374,514,104,50,-0.015,34.699,-35.36326214,149.16561923,10.00,calibration-file(no-undistort)
1784075177.417,detection_logs/frame_1784075177400.jpg,26,green,0.4481,1386.27,534.91,1354,506,102,48,-0.013,34.536,-35.36326212,149.16561743,10.00,calibration-file(no-undistort)
1784075177.482,detection_logs/frame_1784075177466.jpg,26,green,0.4517,1369.44,532.75,1342,502,100,48,0.002,34.844,-35.36326198,149.16562083,10.00,calibration-file(no-undistort)
1784075177.555,detection_logs/frame_1784075177539.jpg,26,green,0.4886,1354.59,531.02,1328,504,98,50,0.015,34.732,-35.36326187,149.16561959,10.00,calibration-file(no-undistort)
1784075177.618,detection_logs/frame_1784075177602.jpg,26,green,0.4749,1339.30,535.00,1308,514,98,48,-0.014,34.616,-35.36326212,149.16561831,10.00,calibration-file(no-undistort)
1784075177.683,detection_logs/frame_1784075177666.jpg,26,green,0.4825,1327.56,537.30,1296,518,96,48,-0.030,34.527,-35.36326227,149.16561733,10.00,calibration-file(no-undistort)
1784075177.749,detection_logs/frame_1784075177733.jpg,26,green,0.4892,1316.31,539.21,1284,514,94,48,-0.043,34.850,-35.36326239,149.16562089,10.00,calibration-file(no-undistort)
1784075177.815,detection_logs/frame_1784075177799.jpg,26,green,0.5283,1303.54,535.83,1268,504,94,50,-0.019,34.753,-35.36326217,149.16561983,10.00,calibration-file(no-undistort)
1784075177.882,detection_logs/frame_1784075177866.jpg,26,green,0.5275,1293.55,531.95,1262,500,90,50,0.008,34.677,-35.36326193,149.16561899,10.00,calibration-file(no-undistort)
1784075177.962,detection_logs/frame_1784075177937.jpg,26,green,0.5132,1284.22,529.38,1252,504,90,48,0.026,34.607,-35.36326176,149.16561821,10.00,calibration-file(no-undistort)
1784075178.018,detection_logs/frame_1784075178001.jpg,26,green,0.5235,1272.45,533.09,1238,514,88,48,0.000,34.926,-35.36326200,149.16562173,10.00,calibration-file(no-undistort)
1784075178.094,detection_logs/frame_1784075178079.jpg,26,green,0.5291,1263.54,537.40,1230,518,88,48,-0.031,34.858,-35.36326227,149.16562098,10.00,calibration-file(no-undistort)
1784075178.156,detection_logs/frame_1784075178140.jpg,26,green,0.5634,1254.53,537.65,1220,512,86,50,-0.032,34.790,-35.36326229,149.16562023,10.00,calibration-file(no-undistort)
1784075178.220,detection_logs/frame_1784075178204.jpg,26,green,0.5311,1242.32,533.11,1206,504,84,48,-0.000,35.097,-35.36326200,149.16562361,10.00,calibration-file(no-undistort)
1784075178.284,detection_logs/frame_1784075178269.jpg,26,green,0.5574,1232.96,530.15,1198,500,84,50,0.021,35.026,-35.36326181,149.16562283,10.00,calibration-file(no-undistort)
1784075178.358,detection_logs/frame_1784075178342.jpg,26,green,0.5109,1222.35,527.61,1188,504,80,48,0.039,34.946,-35.36326165,149.16562194,10.00,calibration-file(no-undistort)
1784075178.426,detection_logs/frame_1784075178408.jpg,26,green,0.5131,1210.74,531.51,1172,514,80,48,0.011,34.858,-35.36326190,149.16562098,10.00,calibration-file(no-undistort)
1784075178.492,detection_logs/frame_1784075178474.jpg,26,green,0.5248,1198.39,534.44,1162,516,78,50,-0.010,35.136,-35.36326209,149.16562404,10.00,calibration-file(no-undistort)
1784075178.560,detection_logs/frame_1784075178541.jpg,26,green,0.4921,1185.30,534.82,1150,512,76,48,-0.012,35.037,-35.36326211,149.16562295,10.00,calibration-file(no-undistort)
1784075178.623,detection_logs/frame_1784075178610.jpg,26,green,0.4987,1169.05,531.89,1132,504,76,48,0.009,34.914,-35.36326192,149.16562159,10.00,calibration-file(no-undistort)
1784075178.692,detection_logs/frame_1784075178676.jpg,26,green,0.4885,1154.97,527.49,1122,500,74,48,0.040,34.807,-35.36326164,149.16562042,10.00,calibration-file(no-undistort)
1784075178.748,detection_logs/frame_1784075178735.jpg,26,green,0.5000,1141.42,527.27,1110,504,72,50,0.041,35.095,-35.36326163,149.16562359,10.00,calibration-file(no-undistort)
1784075178.821,detection_logs/frame_1784075178807.jpg,26,green,0.4820,1127.30,530.77,1094,514,72,48,0.017,34.988,-35.36326185,149.16562241,10.00,calibration-file(no-undistort)
1784075178.889,detection_logs/frame_1784075178873.jpg,26,green,0.4803,1115.15,534.60,1086,516,68,50,-0.011,34.896,-35.36326210,149.16562139,10.00,calibration-file(no-undistort)
1784075178.956,detection_logs/frame_1784075178940.jpg,26,green,0.4843,1103.97,535.90,1074,512,68,50,-0.020,34.811,-35.36326218,149.16562046,10.00,calibration-file(no-undistort)
1784075179.022,detection_logs/frame_1784075179007.jpg,26,green,0.4523,1089.84,532.32,1058,504,66,48,0.005,35.085,-35.36326195,149.16562348,10.00,calibration-file(no-undistort)
1784075179.089,detection_logs/frame_1784075179072.jpg,26,green,0.4592,1077.83,528.17,1048,500,66,48,0.035,34.994,-35.36326169,149.16562248,10.00,calibration-file(no-undistort)
1784075179.162,detection_logs/frame_1784075179147.jpg,26,green,0.4672,1065.22,527.13,1036,504,64,50,0.042,34.898,-35.36326162,149.16562142,10.00,calibration-file(no-undistort)
1784075179.225,detection_logs/frame_1784075179209.jpg,26,green,0.4379,1049.00,530.54,1018,514,62,48,0.018,34.775,-35.36326184,149.16562007,10.00,calibration-file(no-undistort)
1784075179.292,detection_logs/frame_1784075179276.jpg,26,green,0.4539,1028.71,534.50,994,516,60,50,-0.010,35.012,-35.36326209,149.16562267,10.00,calibration-file(no-undistort)
1784075179.360,detection_logs/frame_1784075179344.jpg,26,green,0.4245,1002.69,534.85,962,512,58,48,-0.012,34.815,-35.36326211,149.16562050,10.00,calibration-file(no-undistort)
1784075179.428,detection_logs/frame_1784075179410.jpg,26,green,0.4294,970.90,531.92,922,504,58,48,0.008,34.574,-35.36326192,149.16561785,10.00,calibration-file(no-undistort)
1784075179.594,detection_logs/frame_1784075179575.jpg,26,green,0.4460,929.25,529.23,876,500,56,50,0.027,34.258,-35.36326175,149.16561437,10.00,calibration-file(no-undistort)
1784075179.680,detection_logs/frame_1784075179667.jpg,26,green,0.4128,882.79,528.28,830,506,54,48,0.034,34.260,-35.36326169,149.16561439,10.00,calibration-file(no-undistort)
1784075179.746,detection_logs/frame_1784075179731.jpg,26,green,0.4019,835.17,531.12,786,514,52,48,0.014,33.899,-35.36326187,149.16561041,10.00,calibration-file(no-undistort)
1784075179.808,detection_logs/frame_1784075179797.jpg,26,green,0.4060,787.93,535.80,744,518,52,48,-0.019,33.540,-35.36326217,149.16560647,10.00,calibration-file(no-undistort)
1784075179.972,detection_logs/frame_1784075179960.jpg,26,green,0.4268,742.70,536.60,706,512,52,50,-0.025,33.524,-35.36326222,149.16560629,10.00,calibration-file(no-undistort)
1784075180.036,detection_logs/frame_1784075180024.jpg,26,green,0.4194,700.02,533.47,674,504,52,48,-0.003,33.201,-35.36326202,149.16560272,10.00,calibration-file(no-undistort)
1784075180.102,detection_logs/frame_1784075180091.jpg,26,green,0.4177,667.07,530.27,656,500,50,50,0.020,32.951,-35.36326182,149.16559997,10.00,calibration-file(no-undistort)
1784075180.170,detection_logs/frame_1784075180158.jpg,26,green,0.4190,644.82,529.49,648,504,50,50,0.026,32.782,-35.36326177,149.16559812,10.00,calibration-file(no-undistort)
1784075180.237,detection_logs/frame_1784075180225.jpg,26,green,0.4073,636.00,531.44,654,512,48,50,0.012,32.915,-35.36326189,149.16559958,10.00,calibration-file(no-undistort)
1784075180.303,detection_logs/frame_1784075180291.jpg,27,green,0.4109,690.09,539.09,668,516,48,50,-0.043,33.325,-35.36326238,149.16560410,10.00,calibration-file(no-undistort)
1784075184.219,detection_logs/frame_1784075184206.jpg,28,green,0.4287,861.02,250.93,838,228,46,54,2.127,34.948,-35.36324289,149.16562197,10.00,calibration-file(no-undistort)
1784075184.286,detection_logs/frame_1784075184273.jpg,28,green,0.4326,860.08,272.25,838,272,46,54,2.243,34.941,-35.36324185,149.16562189,10.00,calibration-file(no-undistort)
1784075184.351,detection_logs/frame_1784075184338.jpg,29,green,0.4223,864.69,362.39,840,336,46,54,1.602,34.976,-35.36324760,149.16562228,10.00,calibration-file(no-undistort)
1784075184.425,detection_logs/frame_1784075184412.jpg,30,green,0.4314,862.95,434.38,840,408,46,56,1.091,34.963,-35.36325220,149.16562213,10.00,calibration-file(no-undistort)
1784075184.485,detection_logs/frame_1784075184473.jpg,30,green,0.4289,862.12,465.54,840,470,46,56,0.870,34.956,-35.36325419,149.16562206,10.00,calibration-file(no-undistort)
1784075184.549,detection_logs/frame_1784075184536.jpg,30,green,0.4391,860.52,519.82,840,522,46,58,0.862,34.944,-35.36325425,149.16562193,10.00,calibration-file(no-undistort)
1784075184.616,detection_logs/frame_1784075184604.jpg,30,green,0.4320,861.10,577.04,842,570,44,60,0.456,34.949,-35.36325790,149.16562198,10.00,calibration-file(no-undistort)
1784075184.684,detection_logs/frame_1784075184671.jpg,30,green,0.4599,863.18,627.28,842,608,46,62,0.099,34.964,-35.36326111,149.16562215,10.00,calibration-file(no-undistort)
1784075184.750,detection_logs/frame_1784075184738.jpg,30,green,0.4646,863.64,674.80,842,650,46,64,0.195,34.968,-35.36326024,149.16562219,10.00,calibration-file(no-undistort)
1784075184.820,detection_logs/frame_1784075184804.jpg,30,green,0.4759,862.77,724.77,842,700,46,66,-0.160,34.961,-35.36326343,149.16562212,10.00,calibration-file(no-undistort)
1784075184.820,detection_logs/frame_1784075184804.jpg,31,green,0.2692,464.26,266.36,392,182,146,170,3.097,31.940,-35.36323418,149.16558884,10.00,calibration-file(no-undistort)
1784075184.889,detection_logs/frame_1784075184875.jpg,30,green,0.5077,863.81,767.26,842,734,48,68,-0.461,34.969,-35.36326615,149.16562220,10.00,calibration-file(no-undistort)
1784075184.889,detection_logs/frame_1784075184875.jpg,31,green,0.2777,463.62,284.00,392,218,146,168,2.972,31.935,-35.36323530,149.16558878,10.00,calibration-file(no-undistort)
1784075184.970,detection_logs/frame_1784075184954.jpg,30,green,0.4981,865.65,800.76,844,756,46,70,-0.699,34.983,-35.36326828,149.16562236,10.00,calibration-file(no-undistort)
1784075184.970,detection_logs/frame_1784075184954.jpg,31,green,0.2799,465.23,310.82,394,240,146,168,2.781,31.947,-35.36323701,149.16558892,10.00,calibration-file(no-undistort)
1784075185.029,detection_logs/frame_1784075185013.jpg,30,green,0.4849,866.28,828.10,844,776,46,70,-0.482,34.988,-35.36326633,149.16562241,10.00,calibration-file(no-undistort)
1784075185.029,detection_logs/frame_1784075185013.jpg,31,green,0.2798,466.05,335.67,394,258,146,168,3.017,31.954,-35.36323490,149.16558899,10.00,calibration-file(no-undistort)
1784075185.087,detection_logs/frame_1784075185075.jpg,30,green,0.5017,865.99,846.53,844,788,46,72,-0.613,34.986,-35.36326750,149.16562238,10.00,calibration-file(no-undistort)
1784075185.087,detection_logs/frame_1784075185075.jpg,31,green,0.2798,466.43,354.15,394,270,146,168,2.886,31.956,-35.36323608,149.16558902,10.00,calibration-file(no-undistort)
1784075185.153,detection_logs/frame_1784075185142.jpg,30,green,0.5089,865.14,864.66,844,808,46,74,-0.742,34.979,-35.36326866,149.16562231,10.00,calibration-file(no-undistort)
1784075185.153,detection_logs/frame_1784075185142.jpg,31,green,0.2729,466.46,372.85,394,288,146,170,2.753,31.957,-35.36323727,149.16558902,10.00,calibration-file(no-undistort)
1784075185.217,detection_logs/frame_1784075185205.jpg,30,green,0.5585,866.04,884.76,844,836,48,78,-0.884,34.986,-35.36326994,149.16562239,10.00,calibration-file(no-undistort)
1784075185.217,detection_logs/frame_1784075185205.jpg,31,green,0.2809,468.03,396.35,396,318,146,168,2.586,31.969,-35.36323877,149.16558915,10.00,calibration-file(no-undistort)
1784075185.284,detection_logs/frame_1784075185271.jpg,30,green,0.5273,867.64,902.46,846,856,46,78,-0.609,34.989,-35.36326747,149.16562242,10.00,calibration-file(no-undistort)
1784075185.284,detection_logs/frame_1784075185271.jpg,31,green,0.2772,467.91,417.53,396,336,144,168,2.836,31.959,-35.36323652,149.16558904,10.00,calibration-file(no-undistort)
1784075185.350,detection_logs/frame_1784075185339.jpg,30,green,0.5615,868.80,915.10,846,864,48,80,-0.699,34.998,-35.36326828,149.16562252,10.00,calibration-file(no-undistort)
1784075185.350,detection_logs/frame_1784075185339.jpg,31,green,0.2741,468.15,433.79,396,344,146,170,2.720,31.960,-35.36323756,149.16558906,10.00,calibration-file(no-undistort)
1784075185.415,detection_logs/frame_1784075185404.jpg,30,green,0.5366,869.78,922.87,848,872,46,80,-0.754,35.005,-35.36326878,149.16562260,10.00,calibration-file(no-undistort)
1784075185.415,detection_logs/frame_1784075185404.jpg,31,green,0.2784,468.76,445.50,398,352,144,168,2.637,31.965,-35.36323831,149.16558911,10.00,calibration-file(no-undistort)
1784075185.493,detection_logs/frame_1784075185479.jpg,30,green,0.5893,871.32,929.53,848,876,48,84,-0.802,35.017,-35.36326920,149.16562273,10.00,calibration-file(no-undistort)
1784075185.493,detection_logs/frame_1784075185479.jpg,31,green,0.2810,469.76,454.39,398,358,146,168,2.574,31.973,-35.36323888,149.16558920,10.00,calibration-file(no-undistort)
1784075185.553,detection_logs/frame_1784075185541.jpg,30,green,0.5836,871.77,936.65,848,888,48,84,-0.452,35.020,-35.36326606,149.16562277,10.00,calibration-file(no-undistort)
1784075185.554,detection_logs/frame_1784075185541.jpg,31,green,0.2736,470.36,463.01,398,368,146,170,2.914,31.977,-35.36323583,149.16558925,10.00,calibration-file(no-undistort)
1784075185.618,detection_logs/frame_1784075185606.jpg,31,green,0.2737,470.67,475.99,398,390,146,170,2.821,31.980,-35.36323666,149.16558927,10.00,calibration-file(no-undistort)
1784075185.683,detection_logs/frame_1784075185671.jpg,31,green,0.2771,470.04,489.70,398,406,144,168,2.724,31.975,-35.36323753,149.16558922,10.00,calibration-file(no-undistort)
1784075185.748,detection_logs/frame_1784075185735.jpg,31,green,0.2744,471.31,498.84,400,408,146,170,2.659,31.984,-35.36323811,149.16558933,10.00,calibration-file(no-undistort)
1784075185.818,detection_logs/frame_1784075185803.jpg,31,green,0.2701,472.26,505.26,402,412,144,170,2.970,31.973,-35.36323532,149.16558920,10.00,calibration-file(no-undistort)
1784075185.889,detection_logs/frame_1784075185873.jpg,31,green,0.2741,473.36,509.95,402,416,146,170,2.936,31.982,-35.36323562,149.16558930,10.00,calibration-file(no-undistort)
1784075185.956,detection_logs/frame_1784075185941.jpg,31,green,0.2798,473.98,515.78,402,426,146,168,2.895,31.987,-35.36323600,149.16558935,10.00,calibration-file(no-undistort)
1784075186.033,detection_logs/frame_1784075186020.jpg,31,green,0.2695,473.72,527.17,402,446,144,170,3.159,31.985,-35.36323362,149.16558933,10.00,calibration-file(no-undistort)
1784075186.086,detection_logs/frame_1784075186071.jpg,31,green,0.2681,473.75,538.51,402,458,144,170,3.078,31.985,-35.36323435,149.16558933,10.00,calibration-file(no-undistort)
1784075186.155,detection_logs/frame_1784075186136.jpg,31,green,0.2749,472.36,548.17,400,464,144,168,3.010,31.974,-35.36323496,149.16558921,10.00,calibration-file(no-undistort)
1784075186.232,detection_logs/frame_1784075186215.jpg,31,green,0.2675,471.61,555.80,400,468,144,170,2.956,31.969,-35.36323545,149.16558915,10.00,calibration-file(no-undistort)
1784075186.292,detection_logs/frame_1784075186276.jpg,31,green,0.2739,471.22,561.21,400,472,144,168,3.273,31.966,-35.36323259,149.16558912,10.00,calibration-file(no-undistort)
1784075186.361,detection_logs/frame_1784075186344.jpg,31,green,0.2734,471.11,568.23,400,482,144,168,3.224,31.965,-35.36323304,149.16558911,10.00,calibration-file(no-undistort)
1784075186.433,detection_logs/frame_1784075186417.jpg,31,green,0.2729,469.51,580.83,398,504,144,168,3.134,31.953,-35.36323385,149.16558898,10.00,calibration-file(no-undistort)
1784075186.496,detection_logs/frame_1784075186480.jpg,31,green,0.2651,468.59,593.81,398,516,144,170,3.042,31.946,-35.36323467,149.16558890,10.00,calibration-file(no-undistort)
1784075186.569,detection_logs/frame_1784075186554.jpg,31,green,0.2717,467.97,605.35,398,524,144,168,3.305,31.941,-35.36323231,149.16558885,10.00,calibration-file(no-undistort)
1784075186.630,detection_logs/frame_1784075186614.jpg,31,green,0.2644,467.57,615.35,398,530,144,170,3.234,31.938,-35.36323295,149.16558881,10.00,calibration-file(no-undistort)
1784075186.697,detection_logs/frame_1784075186681.jpg,31,green,0.2711,467.30,622.11,398,534,144,168,3.186,31.936,-35.36323338,149.16558879,10.00,calibration-file(no-undistort)
1784075186.764,detection_logs/frame_1784075186745.jpg,31,green,0.2706,467.20,631.85,398,548,144,168,3.117,31.935,-35.36323400,149.16558878,10.00,calibration-file(no-undistort)
1784075186.830,detection_logs/frame_1784075186813.jpg,31,green,0.2698,467.31,648.10,398,574,144,168,3.368,31.936,-35.36323174,149.16558879,10.00,calibration-file(no-undistort)
1784075187.014,detection_logs/frame_1784075186998.jpg,31,green,0.2622,467.56,666.67,398,592,144,170,3.237,31.938,-35.36323293,149.16558881,10.00,calibration-file(no-undistort)
1784075187.084,detection_logs/frame_1784075187066.jpg,31,green,0.2630,467.65,677.80,398,590,144,170,3.158,31.938,-35.36323364,149.16558882,10.00,calibration-file(no-undistort)
1784075187.139,detection_logs/frame_1784075187125.jpg,31,green,0.2679,468.24,677.82,400,576,142,168,3.157,31.943,-35.36323364,149.16558887,10.00,calibration-file(no-undistort)
1784075187.311,detection_logs/frame_1784075187300.jpg,31,green,0.2696,468.52,675.53,400,574,142,168,3.530,31.945,-35.36323029,149.16558889,10.00,calibration-file(no-undistort)
1784075187.376,detection_logs/frame_1784075187364.jpg,31,green,0.2702,468.63,676.87,400,584,142,168,3.520,31.946,-35.36323038,149.16558890,10.00,calibration-file(no-undistort)
1784075187.438,detection_logs/frame_1784075187425.jpg,31,green,0.2705,468.68,681.16,400,596,142,168,3.490,31.946,-35.36323065,149.16558891,10.00,calibration-file(no-undistort)
1784075187.506,detection_logs/frame_1784075187494.jpg,31,green,0.2712,468.55,686.96,400,604,142,168,3.838,31.945,-35.36322752,149.16558889,10.00,calibration-file(no-undistort)
1784075187.577,detection_logs/frame_1784075187565.jpg,31,green,0.2758,469.10,694.48,402,614,140,166,3.785,31.950,-35.36322800,149.16558894,10.00,calibration-file(no-undistort)
1784075187.638,detection_logs/frame_1784075187627.jpg,31,green,0.2764,469.45,704.83,402,628,140,166,3.711,31.952,-35.36322866,149.16558897,10.00,calibration-file(no-undistort)
1784075187.704,detection_logs/frame_1784075187692.jpg,31,green,0.2766,469.67,718.93,402,646,140,166,3.611,31.954,-35.36322956,149.16558899,10.00,calibration-file(no-undistort)
1784075187.770,detection_logs/frame_1784075187759.jpg,31,green,0.2797,469.22,741.95,400,680,142,166,3.871,31.950,-35.36322723,149.16558895,10.00,calibration-file(no-undistort)
1784075187.838,detection_logs/frame_1784075187828.jpg,31,green,0.2807,468.54,776.39,398,726,144,166,3.626,31.945,-35.36322943,149.16558889,10.00,calibration-file(no-undistort)
1784075187.904,detection_logs/frame_1784075187892.jpg,31,green,0.2681,467.73,814.25,398,760,142,168,3.357,31.939,-35.36323184,149.16558883,10.00,calibration-file(no-undistort)
1784075187.970,detection_logs/frame_1784075187958.jpg,31,green,0.2635,466.54,850.47,396,786,144,170,3.100,31.930,-35.36323416,149.16558873,10.00,calibration-file(no-undistort)
1784075190.451,detection_logs/frame_1784075190436.jpg,32,green,0.3602,1409.37,174.02,1378,120,68,106,11.946,39.078,-35.36315468,149.16566746,10.00,calibration-file(no-undistort)
1784075190.638,detection_logs/frame_1784075190624.jpg,32,green,0.4405,1403.62,184.83,1374,130,74,110,11.870,39.034,-35.36315537,149.16566698,10.00,calibration-file(no-undistort)
1784075190.705,detection_logs/frame_1784075190688.jpg,32,green,0.8040,1404.87,194.29,1374,142,70,110,12.181,39.044,-35.36315258,149.16566709,10.00,calibration-file(no-undistort)
1784075191.866,detection_logs/frame_1784075191852.jpg,33,green,0.3673,1389.23,497.87,1368,446,72,104,11.716,38.925,-35.36315675,149.16566578,10.00,calibration-file(no-undistort)
1784075191.938,detection_logs/frame_1784075191920.jpg,33,green,0.3798,1390.07,507.41,1368,462,72,106,11.648,38.932,-35.36315736,149.16566585,10.00,calibration-file(no-undistort)
1784075191.996,detection_logs/frame_1784075191982.jpg,33,green,0.3632,1390.50,528.88,1368,488,72,104,11.496,38.935,-35.36315873,149.16566589,10.00,calibration-file(no-undistort)
1784075192.060,detection_logs/frame_1784075192048.jpg,33,green,0.3489,1398.17,559.16,1372,518,68,106,11.715,38.993,-35.36315676,149.16566653,10.00,calibration-file(no-undistort)
1784075192.193,detection_logs/frame_1784075192182.jpg,33,green,0.3604,1396.24,599.06,1368,544,72,106,11.431,38.978,-35.36315931,149.16566637,10.00,calibration-file(no-undistort)
1784075192.324,detection_logs/frame_1784075192313.jpg,34,green,0.8521,1045.50,168.50,1004,114,84,110,14.913,36.319,-35.36312803,149.16563708,10.00,calibration-file(no-undistort)
1784075192.386,detection_logs/frame_1784075192376.jpg,34,green,0.8579,1045.50,178.07,1004,134,84,108,14.845,36.319,-35.36312864,149.16563708,10.00,calibration-file(no-undistort)
1784075192.451,detection_logs/frame_1784075192440.jpg,34,green,0.8620,1045.50,200.15,1004,160,84,106,14.689,36.319,-35.36313005,149.16563708,10.00,calibration-file(no-undistort)
1784075192.518,detection_logs/frame_1784075192507.jpg,34,green,0.8676,1045.50,220.69,1004,174,84,106,14.954,36.319,-35.36312766,149.16563708,10.00,calibration-file(no-undistort)
1784075192.593,detection_logs/frame_1784075192575.jpg,34,green,0.8774,1045.50,233.68,1004,180,84,104,14.862,36.319,-35.36312849,149.16563708,10.00,calibration-file(no-undistort)
1784075192.671,detection_logs/frame_1784075192659.jpg,34,green,0.8815,1045.50,244.00,1004,188,84,104,14.789,36.319,-35.36312915,149.16563708,10.00,calibration-file(no-undistort)
1784075192.726,detection_logs/frame_1784075192711.jpg,34,green,0.8905,1045.50,253.37,1004,198,84,102,14.722,36.319,-35.36312975,149.16563708,10.00,calibration-file(no-undistort)
1784075192.789,detection_logs/frame_1784075192776.jpg,34,green,0.8940,1045.50,265.71,1004,216,84,100,15.024,36.319,-35.36312704,149.16563708,10.00,calibration-file(no-undistort)
1784075192.903,detection_logs/frame_1784075192864.jpg,34,green,0.9051,1045.50,283.36,1004,242,84,98,14.899,36.319,-35.36312816,149.16563708,10.00,calibration-file(no-undistort)
1784075192.961,detection_logs/frame_1784075192945.jpg,34,green,0.9102,1045.50,299.29,1004,254,84,98,14.786,36.319,-35.36312918,149.16563708,10.00,calibration-file(no-undistort)
1784075193.009,detection_logs/frame_1784075192993.jpg,34,green,0.9157,1045.50,311.06,1004,260,84,96,14.702,36.319,-35.36312993,149.16563708,10.00,calibration-file(no-undistort)
1784075193.086,detection_logs/frame_1784075193073.jpg,34,green,0.9207,1045.50,318.99,1004,264,84,94,15.035,36.319,-35.36312694,149.16563708,10.00,calibration-file(no-undistort)
1784075193.144,detection_logs/frame_1784075193130.jpg,34,green,0.9266,1045.50,324.14,1004,268,84,92,14.999,36.319,-35.36312726,149.16563708,10.00,calibration-file(no-undistort)
1784075193.211,detection_logs/frame_1784075193197.jpg,34,green,0.9343,1045.50,332.65,1004,284,84,92,14.938,36.319,-35.36312781,149.16563708,10.00,calibration-file(no-undistort)
1784075193.280,detection_logs/frame_1784075193263.jpg,34,green,0.9414,1045.50,349.87,1004,316,84,90,14.816,36.319,-35.36312891,149.16563708,10.00,calibration-file(no-undistort)
1784075193.348,detection_logs/frame_1784075193332.jpg,34,green,0.9488,1045.50,376.43,1004,356,84,86,14.995,36.319,-35.36312730,149.16563708,10.00,calibration-file(no-undistort)
1784075193.415,detection_logs/frame_1784075193401.jpg,34,green,0.9581,1045.50,410.07,1004,396,84,84,14.756,36.319,-35.36312945,149.16563708,10.00,calibration-file(no-undistort)
1784075193.483,detection_logs/frame_1784075193467.jpg,34,green,0.9635,1045.50,448.86,1004,436,84,84,14.480,36.319,-35.36313192,149.16563708,10.00,calibration-file(no-undistort)
1784075193.552,detection_logs/frame_1784075193537.jpg,34,green,0.9719,1045.50,493.66,1004,484,84,82,14.518,36.319,-35.36313158,149.16563708,10.00,calibration-file(no-undistort)
1784075193.618,detection_logs/frame_1784075193606.jpg,34,green,0.9784,1045.50,545.88,1004,540,84,82,14.147,36.319,-35.36313492,149.16563708,10.00,calibration-file(no-undistort)
1784075193.682,detection_logs/frame_1784075193671.jpg,34,green,0.9805,1045.50,601.69,1004,594,84,80,13.750,36.319,-35.36313848,149.16563708,10.00,calibration-file(no-undistort)
1784075193.747,detection_logs/frame_1784075193736.jpg,34,green,0.9816,1045.90,654.98,1004,636,86,80,13.372,36.322,-35.36314188,149.16563711,10.00,calibration-file(no-undistort)
1784075193.815,detection_logs/frame_1784075193805.jpg,34,green,0.9887,1046.20,700.08,1004,664,86,80,13.352,36.325,-35.36314206,149.16563713,10.00,calibration-file(no-undistort)
1784075193.880,detection_logs/frame_1784075193870.jpg,34,green,0.9887,1046.40,733.44,1004,680,86,78,13.115,36.326,-35.36314419,149.16563715,10.00,calibration-file(no-undistort)
1784075193.953,detection_logs/frame_1784075193942.jpg,34,green,0.9908,1046.54,755.22,1004,688,86,78,12.960,36.327,-35.36314558,149.16563716,10.00,calibration-file(no-undistort)
1784075194.016,detection_logs/frame_1784075194006.jpg,34,green,0.9909,1046.61,767.15,1004,692,86,78,12.875,36.328,-35.36314634,149.16563717,10.00,calibration-file(no-undistort)
1784075194.078,detection_logs/frame_1784075194068.jpg,35,green,0.9922,1046.50,727.50,1004,690,86,76,13.357,36.327,-35.36314201,149.16563716,10.00,calibration-file(no-undistort)
1784075194.231,detection_logs/frame_1784075194221.jpg,35,green,0.9960,1046.50,720.45,1004,676,86,76,13.408,36.327,-35.36314156,149.16563716,10.00,calibration-file(no-undistort)
1784075194.329,detection_logs/frame_1784075194319.jpg,35,green,0.9962,1046.50,699.75,1004,650,86,76,13.555,36.327,-35.36314024,149.16563716,10.00,calibration-file(no-undistort)
1784075194.395,detection_logs/frame_1784075194384.jpg,35,green,0.9971,1045.92,670.58,1004,620,84,76,13.762,36.322,-35.36313838,149.16563711,10.00,calibration-file(no-undistort)
1784075194.559,detection_logs/frame_1784075194548.jpg,35,green,0.9993,1045.60,642.93,1004,598,84,74,14.036,36.320,-35.36313591,149.16563708,10.00,calibration-file(no-undistort)
1784075194.623,detection_logs/frame_1784075194613.jpg,35,green,0.9987,1045.42,620.79,1004,582,84,76,14.193,36.319,-35.36313450,149.16563707,10.00,calibration-file(no-undistort)
1784075194.699,detection_logs/frame_1784075194689.jpg,35,green,0.9999,1044.41,603.70,1002,572,84,74,14.315,36.311,-35.36313341,149.16563699,10.00,calibration-file(no-undistort)
1784075194.757,detection_logs/frame_1784075194747.jpg,35,green,0.9998,1042.90,587.45,1000,556,84,74,14.430,36.300,-35.36313237,149.16563686,10.00,calibration-file(no-undistort)
1784075194.829,detection_logs/frame_1784075194817.jpg,35,green,0.9993,1041.49,570.01,998,536,86,74,14.588,36.307,-35.36313096,149.16563694,10.00,calibration-file(no-undistort)
1784075194.896,detection_logs/frame_1784075194885.jpg,35,green,0.9996,1040.17,550.91,998,514,84,74,14.723,36.297,-35.36312974,149.16563683,10.00,calibration-file(no-undistort)
1784075194.958,detection_logs/frame_1784075194944.jpg,35,green,0.9996,1039.33,533.84,998,500,84,74,14.845,36.291,-35.36312865,149.16563676,10.00,calibration-file(no-undistort)
1784075195.027,detection_logs/frame_1784075195016.jpg,35,green,0.9998,1039.24,522.27,998,496,86,74,14.949,36.290,-35.36312771,149.16563675,10.00,calibration-file(no-undistort)
1784075195.093,detection_logs/frame_1784075195075.jpg,35,green,0.9994,1039.71,515.49,1000,494,84,74,14.997,36.294,-35.36312728,149.16563679,10.00,calibration-file(no-undistort)
1784075195.163,detection_logs/frame_1784075195146.jpg,35,green,0.9996,1040.16,510.43,1000,488,84,74,15.033,36.297,-35.36312695,149.16563683,10.00,calibration-file(no-undistort)
1784075195.234,detection_logs/frame_1784075195221.jpg,35,green,0.9996,1041.35,503.93,1002,476,84,74,15.079,36.306,-35.36312654,149.16563693,10.00,calibration-file(no-undistort)
1784075195.298,detection_logs/frame_1784075195281.jpg,35,green,0.9998,1042.27,494.83,1002,460,84,76,15.144,36.313,-35.36312596,149.16563701,10.00,calibration-file(no-undistort)
1784075195.364,detection_logs/frame_1784075195348.jpg,35,green,0.9988,1042.94,486.82,1002,454,84,74,15.201,36.318,-35.36312545,149.16563706,10.00,calibration-file(no-undistort)
1784075195.431,detection_logs/frame_1784075195417.jpg,35,green,0.9985,1044.20,483.98,1004,458,84,74,15.221,36.328,-35.36312527,149.16563717,10.00,calibration-file(no-undistort)
1784075195.499,detection_logs/frame_1784075195484.jpg,35,green,0.9957,1045.07,485.68,1004,464,84,74,15.209,36.334,-35.36312537,149.16563724,10.00,calibration-file(no-undistort)
1784075195.567,detection_logs/frame_1784075195552.jpg,35,green,0.9994,1045.64,488.10,1004,464,84,74,15.203,36.338,-35.36312543,149.16563729,10.00,calibration-file(no-undistort)
1784075195.634,detection_logs/frame_1784075195617.jpg,35,green,0.9957,1045.96,488.33,1004,458,84,74,15.201,36.341,-35.36312544,149.16563731,10.00,calibration-file(no-undistort)
1784075195.700,detection_logs/frame_1784075195685.jpg,35,green,0.9957,1046.52,486.24,1006,450,82,76,15.216,36.345,-35.36312531,149.16563736,10.00,calibration-file(no-undistort)
1784075195.701,detection_logs/frame_1784075195685.jpg,36,green,0.3840,1387.31,903.11,1362,858,74,110,12.254,38.929,-35.36315192,149.16566582,10.00,calibration-file(no-undistort)
1784075195.774,detection_logs/frame_1784075195759.jpg,35,green,0.9943,1046.84,485.51,1006,452,82,74,15.221,36.348,-35.36312526,149.16563739,10.00,calibration-file(no-undistort)
1784075195.774,detection_logs/frame_1784075195759.jpg,36,green,0.3781,1395.94,909.26,1368,864,70,104,12.211,38.994,-35.36315231,149.16566654,10.00,calibration-file(no-undistort)
1784075195.833,detection_logs/frame_1784075195817.jpg,35,green,0.9938,1047.01,488.56,1006,460,82,74,15.200,36.331,-35.36312546,149.16563720,10.00,calibration-file(no-undistort)
1784075195.911,detection_logs/frame_1784075195891.jpg,35,green,0.9916,1047.86,494.35,1008,468,82,74,15.159,36.337,-35.36312583,149.16563727,10.00,calibration-file(no-undistort)
1784075195.970,detection_logs/frame_1784075195956.jpg,35,green,0.9912,1049.23,499.58,1010,470,82,74,15.121,36.348,-35.36312616,149.16563739,10.00,calibration-file(no-undistort)
1784075196.035,detection_logs/frame_1784075196018.jpg,35,green,0.9909,1050.98,500.97,1012,464,82,74,15.134,36.361,-35.36312605,149.16563753,10.00,calibration-file(no-undistort)
1784075196.103,detection_logs/frame_1784075196087.jpg,35,green,0.9909,1052.17,500.95,1012,462,82,74,15.134,36.370,-35.36312605,149.16563763,10.00,calibration-file(no-undistort)
1784075196.163,detection_logs/frame_1784075196151.jpg,35,green,0.9896,1052.91,501.51,1012,464,82,74,15.130,36.375,-35.36312609,149.16563769,10.00,calibration-file(no-undistort)
1784075196.236,detection_logs/frame_1784075196221.jpg,35,green,0.9906,1053.32,505.76,1012,474,82,74,15.100,36.379,-35.36312636,149.16563773,10.00,calibration-file(no-undistort)
1784075196.312,detection_logs/frame_1784075196299.jpg,35,green,0.9903,1053.48,513.56,1012,486,82,74,15.078,36.380,-35.36312655,149.16563774,10.00,calibration-file(no-undistort)
1784075196.380,detection_logs/frame_1784075196365.jpg,35,green,0.9883,1053.09,521.49,1010,492,84,74,15.021,36.377,-35.36312706,149.16563771,10.00,calibration-file(no-undistort)
1784075196.444,detection_logs/frame_1784075196428.jpg,35,green,0.9868,1052.30,525.30,1010,488,82,74,14.994,36.371,-35.36312730,149.16563764,10.00,calibration-file(no-undistort)
1784075196.511,detection_logs/frame_1784075196498.jpg,35,green,0.9874,1051.66,526.71,1010,486,82,74,14.984,36.366,-35.36312739,149.16563759,10.00,calibration-file(no-undistort)
1784075196.581,detection_logs/frame_1784075196566.jpg,35,green,0.9896,1051.16,527.96,1010,488,82,74,14.987,36.362,-35.36312737,149.16563755,10.00,calibration-file(no-undistort)
1784075196.647,detection_logs/frame_1784075196632.jpg,35,green,0.9865,1050.80,532.38,1010,498,82,74,14.955,36.359,-35.36312766,149.16563752,10.00,calibration-file(no-undistort)
1784075196.713,detection_logs/frame_1784075196699.jpg,35,green,0.9865,1050.56,538.84,1010,506,82,76,14.909,36.358,-35.36312807,149.16563750,10.00,calibration-file(no-undistort)
1784075196.783,detection_logs/frame_1784075196768.jpg,35,green,0.9857,1050.41,543.56,1010,508,82,74,14.876,36.356,-35.36312837,149.16563749,10.00,calibration-file(no-undistort)
1784075196.854,detection_logs/frame_1784075196840.jpg,35,green,0.9893,1049.92,544.87,1008,504,84,74,14.900,36.353,-35.36312815,149.16563745,10.00,calibration-file(no-undistort)
1784075196.916,detection_logs/frame_1784075196902.jpg,35,green,0.9895,1049.59,542.83,1008,498,84,74,14.914,36.350,-35.36312802,149.16563742,10.00,calibration-file(no-undistort)
1784075196.982,detection_logs/frame_1784075196968.jpg,35,green,0.9893,1049.39,541.63,1008,500,84,74,14.923,36.349,-35.36312795,149.16563740,10.00,calibration-file(no-undistort)
1784075197.049,detection_logs/frame_1784075197035.jpg,35,green,0.9901,1048.87,543.62,1008,508,82,74,14.909,36.345,-35.36312807,149.16563736,10.00,calibration-file(no-undistort)
1784075197.114,detection_logs/frame_1784075197101.jpg,35,green,0.9889,1048.53,545.70,1008,510,82,74,14.916,36.342,-35.36312801,149.16563733,10.00,calibration-file(no-undistort)
1784075197.186,detection_logs/frame_1784075197170.jpg,35,green,0.9908,1048.32,539.01,1008,490,82,74,14.964,36.341,-35.36312758,149.16563731,10.00,calibration-file(no-undistort)
1784075197.258,detection_logs/frame_1784075197242.jpg,35,green,0.9912,1048.21,517.78,1008,450,82,74,15.115,36.340,-35.36312622,149.16563730,10.00,calibration-file(no-undistort)
1784075197.258,detection_logs/frame_1784075197242.jpg,37,green,0.3862,1390.77,916.82,1366,862,70,102,12.279,38.937,-35.36315169,149.16566591,10.00,calibration-file(no-undistort)
1784075197.324,detection_logs/frame_1784075197308.jpg,37,green,0.4185,1388.04,885.32,1358,808,74,106,12.514,38.916,-35.36314958,149.16566568,10.00,calibration-file(no-undistort)
1784075197.324,detection_logs/frame_1784075197308.jpg,38,green,0.9924,1048.50,440.50,1008,404,82,74,15.675,36.342,-35.36312119,149.16563733,10.00,calibration-file(no-undistort)
1784075197.388,detection_logs/frame_1784075197375.jpg,37,green,0.4358,1386.22,833.58,1354,762,76,104,12.882,38.902,-35.36314628,149.16566553,10.00,calibration-file(no-undistort)
1784075197.388,detection_logs/frame_1784075197375.jpg,38,green,0.9948,1049.00,418.34,1008,360,84,74,15.832,36.346,-35.36311978,149.16563737,10.00,calibration-file(no-undistort)
1784075197.446,detection_logs/frame_1784075197435.jpg,37,green,0.4145,1389.77,796.81,1356,740,72,100,13.143,38.929,-35.36314393,149.16566583,10.00,calibration-file(no-undistort)
1784075197.446,detection_logs/frame_1784075197435.jpg,38,green,0.9959,1049.40,385.84,1008,334,84,74,16.063,36.349,-35.36311770,149.16563740,10.00,calibration-file(no-undistort)
1784075197.510,detection_logs/frame_1784075197499.jpg,37,green,0.3975,1390.56,767.84,1354,722,72,98,13.349,38.935,-35.36314208,149.16566589,10.00,calibration-file(no-undistort)
1784075197.511,detection_logs/frame_1784075197499.jpg,38,green,0.9966,1049.59,358.41,1008,316,84,76,16.258,36.350,-35.36311595,149.16563742,10.00,calibration-file(no-undistort)
1784075197.584,detection_logs/frame_1784075197573.jpg,37,green,0.3974,1390.23,742.97,1352,700,72,98,13.604,38.933,-35.36313980,149.16566586,10.00,calibration-file(no-undistort)
1784075197.584,detection_logs/frame_1784075197573.jpg,38,green,0.9999,1049.67,333.22,1008,294,84,76,16.515,36.351,-35.36311364,149.16563742,10.00,calibration-file(no-undistort)
1784075197.641,detection_logs/frame_1784075197631.jpg,38,green,0.9975,1049.19,313.43,1006,280,86,76,16.656,36.347,-35.36311238,149.16563738,10.00,calibration-file(no-undistort)
1784075197.715,detection_logs/frame_1784075197703.jpg,38,green,0.9953,1048.89,299.39,1006,272,86,76,16.755,36.345,-35.36311149,149.16563736,10.00,calibration-file(no-undistort)
1784075197.785,detection_logs/frame_1784075197774.jpg,38,green,0.9938,1048.69,294.01,1006,276,86,76,16.794,36.343,-35.36311114,149.16563734,10.00,calibration-file(no-undistort)
1784075197.962,detection_logs/frame_1784075197951.jpg,38,green,0.9945,1048.55,303.37,1006,302,86,76,16.905,36.342,-35.36311014,149.16563733,10.00,calibration-file(no-undistort)
1784075198.025,detection_logs/frame_1784075198014.jpg,39,green,0.9911,1047.50,369.50,1006,332,84,76,16.435,36.334,-35.36311436,149.16563724,10.00,calibration-file(no-undistort)
1784075198.086,detection_logs/frame_1784075198075.jpg,39,green,0.9919,1047.50,377.56,1006,348,84,76,16.378,36.334,-35.36311487,149.16563724,10.00,calibration-file(no-undistort)
1784075198.260,detection_logs/frame_1784075198249.jpg,39,green,0.9870,1047.50,385.60,1006,350,84,78,16.321,36.334,-35.36311539,149.16563724,10.00,calibration-file(no-undistort)
1784075198.320,detection_logs/frame_1784075198308.jpg,39,green,0.9827,1047.50,392.05,1006,354,84,78,16.542,36.334,-35.36311340,149.16563724,10.00,calibration-file(no-undistort)
1784075198.389,detection_logs/frame_1784075198378.jpg,39,green,0.9804,1046.96,402.07,1004,366,86,80,16.471,36.330,-35.36311404,149.16563720,10.00,calibration-file(no-undistort)
1784075198.455,detection_logs/frame_1784075198444.jpg,39,green,0.9778,1046.15,423.31,1004,398,84,80,16.320,36.324,-35.36311539,149.16563713,10.00,calibration-file(no-undistort)
1784075198.519,detection_logs/frame_1784075198507.jpg,39,green,0.9735,1045.67,451.52,1004,430,84,84,16.120,36.321,-35.36311719,149.16563709,10.00,calibration-file(no-undistort)
1784075198.587,detection_logs/frame_1784075198576.jpg,39,green,0.9701,1045.38,483.76,1004,464,84,84,16.247,36.318,-35.36311605,149.16563707,10.00,calibration-file(no-undistort)
1784075198.658,detection_logs/frame_1784075198647.jpg,39,green,0.9614,1045.23,520.56,1004,502,84,86,15.985,36.317,-35.36311840,149.16563705,10.00,calibration-file(no-undistort)
1784075198.720,detection_logs/frame_1784075198709.jpg,39,green,0.9530,1045.16,561.06,1004,542,84,88,15.698,36.317,-35.36312099,149.16563705,10.00,calibration-file(no-undistort)
1784075198.786,detection_logs/frame_1784075198775.jpg,39,green,0.9466,1045.15,607.96,1004,592,84,90,15.787,36.317,-35.36312018,149.16563705,10.00,calibration-file(no-undistort)
1784075198.849,detection_logs/frame_1784075198839.jpg,39,green,0.9355,1045.17,663.11,1004,652,84,92,15.396,36.317,-35.36312370,149.16563705,10.00,calibration-file(no-undistort)
1784075198.918,detection_logs/frame_1784075198907.jpg,39,green,0.9230,1045.22,719.79,1004,702,84,94,14.993,36.317,-35.36312732,149.16563705,10.00,calibration-file(no-undistort)
1784075198.918,detection_logs/frame_1784075198907.jpg,40,red,0.7860,692.68,749.39,652,704,82,92,14.783,33.645,-35.36312921,149.16560761,10.00,calibration-file(no-undistort)
1784075198.985,detection_logs/frame_1784075198975.jpg,39,green,0.9141,1045.67,770.48,1004,736,86,96,14.633,36.321,-35.36313055,149.16563709,10.00,calibration-file(no-undistort)
1784075198.985,detection_logs/frame_1784075198975.jpg,40,red,0.7752,692.62,767.22,652,738,82,94,14.656,33.644,-35.36313034,149.16560761,10.00,calibration-file(no-undistort)
1784075199.048,detection_logs/frame_1784075199037.jpg,39,green,0.9012,1046.02,815.31,1004,768,86,98,14.771,36.323,-35.36312931,149.16563712,10.00,calibration-file(no-undistort)
1784075199.048,detection_logs/frame_1784075199037.jpg,40,red,0.7482,692.28,799.86,650,768,84,98,14.880,33.641,-35.36312833,149.16560758,10.00,calibration-file(no-undistort)
1784075199.114,detection_logs/frame_1784075199103.jpg,39,green,0.8904,1046.68,853.91,1006,796,84,100,14.496,36.328,-35.36313178,149.16563717,10.00,calibration-file(no-undistort)
1784075199.114,detection_logs/frame_1784075199103.jpg,40,red,0.7481,691.92,835.14,650,798,84,98,14.630,33.639,-35.36313058,149.16560755,10.00,calibration-file(no-undistort)
1784075199.188,detection_logs/frame_1784075199176.jpg,39,green,0.8793,1047.15,888.66,1006,826,84,102,14.250,36.332,-35.36313399,149.16563721,10.00,calibration-file(no-undistort)
1784075199.188,detection_logs/frame_1784075199176.jpg,40,red,0.7346,691.53,869.76,650,828,84,100,14.384,33.636,-35.36313279,149.16560752,10.00,calibration-file(no-undistort)
1784075199.254,detection_logs/frame_1784075199243.jpg,39,green,0.8673,1047.87,923.16,1006,862,86,104,14.004,36.337,-35.36313620,149.16563727,10.00,calibration-file(no-undistort)
1784075199.254,detection_logs/frame_1784075199243.jpg,40,red,0.7200,690.92,906.15,648,862,84,104,14.125,33.631,-35.36313511,149.16560747,10.00,calibration-file(no-undistort)
1784075200.863,detection_logs/frame_1784075200848.jpg,41,green,0.5666,328.10,146.33,292,114,68,64,22.173,30.899,-35.36306282,149.16557737,10.00,calibration-file(no-undistort)
1784075200.933,detection_logs/frame_1784075200916.jpg,41,green,0.5534,328.65,156.26,294,134,66,64,22.102,30.903,-35.36306345,149.16557741,10.00,calibration-file(no-undistort)
1784075200.996,detection_logs/frame_1784075200983.jpg,41,green,0.5702,329.30,168.86,294,140,66,66,22.013,30.908,-35.36306425,149.16557747,10.00,calibration-file(no-undistort)
1784075201.065,detection_logs/frame_1784075201050.jpg,41,green,0.5618,330.43,178.34,294,146,66,64,22.302,30.916,-35.36306166,149.16557756,10.00,calibration-file(no-undistort)
1784075201.139,detection_logs/frame_1784075201124.jpg,41,green,0.5466,331.26,187.58,294,156,66,62,22.236,30.923,-35.36306225,149.16557763,10.00,calibration-file(no-undistort)
1784075201.204,detection_logs/frame_1784075201189.jpg,41,green,0.5463,331.57,197.85,294,168,66,62,22.163,30.925,-35.36306290,149.16557766,10.00,calibration-file(no-undistort)
1784075201.273,detection_logs/frame_1784075201255.jpg,41,green,0.5600,331.73,216.09,294,194,68,62,22.034,30.926,-35.36306407,149.16557767,10.00,calibration-file(no-undistort)
1784075201.346,detection_logs/frame_1784075201329.jpg,41,green,0.5445,331.85,235.05,296,214,66,62,22.277,30.909,-35.36306188,149.16557748,10.00,calibration-file(no-undistort)
1784075201.416,detection_logs/frame_1784075201403.jpg,41,green,0.5502,332.69,251.96,298,224,66,62,22.157,30.915,-35.36306296,149.16557755,10.00,calibration-file(no-undistort)
1784075201.579,detection_logs/frame_1784075201565.jpg,41,green,0.5350,334.51,265.35,300,234,66,60,22.062,30.929,-35.36306381,149.16557770,10.00,calibration-file(no-undistort)
1784075201.664,detection_logs/frame_1784075201647.jpg,41,green,0.5352,337.52,277.70,302,246,66,60,21.974,30.952,-35.36306460,149.16557795,10.00,calibration-file(no-undistort)
1784075201.730,detection_logs/frame_1784075201712.jpg,41,green,0.5374,339.67,289.32,302,254,66,60,22.281,30.968,-35.36306184,149.16557813,10.00,calibration-file(no-undistort)
1784075201.790,detection_logs/frame_1784075201776.jpg,41,green,0.5321,339.41,295.94,300,256,66,60,22.234,30.966,-35.36306226,149.16557811,10.00,calibration-file(no-undistort)
1784075201.959,detection_logs/frame_1784075201944.jpg,41,green,0.5184,339.85,302.83,300,266,66,58,22.185,30.970,-35.36306270,149.16557815,10.00,calibration-file(no-undistort)
1784075202.024,detection_logs/frame_1784075202009.jpg,41,green,0.5137,338.16,307.98,298,272,66,58,22.149,30.957,-35.36306303,149.16557801,10.00,calibration-file(no-undistort)
1784075202.093,detection_logs/frame_1784075202081.jpg,41,green,0.5157,337.88,312.11,298,274,66,58,22.498,30.955,-35.36305990,149.16557798,10.00,calibration-file(no-undistort)
1784075202.155,detection_logs/frame_1784075202145.jpg,41,green,0.5153,335.97,313.48,296,274,66,58,22.488,30.940,-35.36305998,149.16557782,10.00,calibration-file(no-undistort)
1784075202.223,detection_logs/frame_1784075202212.jpg,41,green,0.5084,334.46,318.60,296,288,66,58,22.452,30.929,-35.36306031,149.16557770,10.00,calibration-file(no-undistort)
1784075202.295,detection_logs/frame_1784075202282.jpg,41,green,0.5259,333.69,335.63,296,322,68,58,22.331,30.923,-35.36306140,149.16557763,10.00,calibration-file(no-undistort)
1784075202.361,detection_logs/frame_1784075202349.jpg,41,green,0.5133,334.10,359.45,298,352,66,58,22.607,30.926,-35.36305892,149.16557767,10.00,calibration-file(no-undistort)
1784075202.419,detection_logs/frame_1784075202407.jpg,41,green,0.4946,334.23,386.79,298,380,66,56,22.413,30.927,-35.36306066,149.16557768,10.00,calibration-file(no-undistort)
1784075202.484,detection_logs/frame_1784075202473.jpg,41,green,0.4827,333.51,416.33,298,410,66,56,22.203,30.922,-35.36306255,149.16557762,10.00,calibration-file(no-undistort)
1784075202.559,detection_logs/frame_1784075202547.jpg,41,green,0.5025,334.26,447.19,298,436,68,56,22.429,30.927,-35.36306052,149.16557768,10.00,calibration-file(no-undistort)
1784075202.559,detection_logs/frame_1784075202547.jpg,42,green,0.4623,1411.55,171.69,1356,112,120,118,24.386,39.094,-35.36304294,149.16566765,10.00,calibration-file(no-undistort)
1784075202.629,detection_logs/frame_1784075202613.jpg,41,green,0.4677,336.56,478.72,300,468,66,54,22.205,30.945,-35.36306253,149.16557787,10.00,calibration-file(no-undistort)
1784075202.629,detection_logs/frame_1784075202613.jpg,42,green,0.4680,1410.37,189.50,1354,146,120,118,24.260,39.085,-35.36304407,149.16566755,10.00,calibration-file(no-undistort)
1784075202.693,detection_logs/frame_1784075202678.jpg,41,green,0.4698,338.10,518.31,300,512,66,54,21.924,30.956,-35.36306506,149.16557800,10.00,calibration-file(no-undistort)
1784075202.693,detection_logs/frame_1784075202678.jpg,42,green,0.4691,1409.82,227.68,1354,190,118,116,23.988,39.081,-35.36304651,149.16566750,10.00,calibration-file(no-undistort)
1784075202.760,detection_logs/frame_1784075202745.jpg,41,green,0.4770,337.55,557.20,298,546,68,54,21.647,30.952,-35.36306754,149.16557796,10.00,calibration-file(no-undistort)
1784075202.760,detection_logs/frame_1784075202745.jpg,42,green,0.4675,1407.98,269.06,1352,226,118,114,23.694,39.067,-35.36304915,149.16566735,10.00,calibration-file(no-undistort)
1784075202.822,detection_logs/frame_1784075202809.jpg,41,green,0.4612,335.22,591.40,298,568,66,54,21.861,30.935,-35.36306562,149.16557776,10.00,calibration-file(no-undistort)
1784075202.822,detection_logs/frame_1784075202809.jpg,42,green,0.4661,1407.39,301.90,1352,248,118,114,23.917,39.063,-35.36304715,149.16566730,10.00,calibration-file(no-undistort)
1784075202.901,detection_logs/frame_1784075202885.jpg,41,green,0.4709,333.56,620.14,298,586,66,56,21.656,30.922,-35.36306746,149.16557762,10.00,calibration-file(no-undistort)
1784075202.901,detection_logs/frame_1784075202885.jpg,43,blue,0.4648,1408.14,326.40,1352,268,118,114,23.743,39.069,-35.36304871,149.16566736,10.00,calibration-file(no-undistort)
1784075202.965,detection_logs/frame_1784075202948.jpg,41,green,0.4563,332.57,643.14,298,602,66,54,21.493,30.915,-35.36306892,149.16557754,10.00,calibration-file(no-undistort)
1784075202.965,detection_logs/frame_1784075202948.jpg,42,green,0.4616,1407.18,347.78,1352,282,118,114,23.592,39.061,-35.36305007,149.16566728,10.00,calibration-file(no-undistort)
1784075203.033,detection_logs/frame_1784075203017.jpg,41,green,0.4601,332.30,665.06,298,622,66,54,21.337,30.912,-35.36307032,149.16557752,10.00,calibration-file(no-undistort)
1784075203.033,detection_logs/frame_1784075203017.jpg,42,green,0.4532,1406.46,366.18,1350,302,120,112,23.461,39.056,-35.36305125,149.16566722,10.00,calibration-file(no-undistort)
1784075203.089,detection_logs/frame_1784075203077.jpg,41,green,0.4720,331.33,688.29,296,652,68,54,21.629,30.905,-35.36306771,149.16557744,10.00,calibration-file(no-undistort)
1784075203.089,detection_logs/frame_1784075203077.jpg,42,green,0.4602,1407.78,389.20,1354,332,114,112,23.754,39.066,-35.36304862,149.16566733,10.00,calibration-file(no-undistort)
1784075203.159,detection_logs/frame_1784075203148.jpg,41,green,0.4782,331.76,711.19,296,674,68,54,21.466,30.908,-35.36306917,149.16557747,10.00,calibration-file(no-undistort)
1784075203.159,detection_logs/frame_1784075203148.jpg,42,green,0.4538,1408.92,412.31,1352,354,118,112,23.589,39.074,-35.36305009,149.16566742,10.00,calibration-file(no-undistort)
1784075203.231,detection_logs/frame_1784075203220.jpg,41,green,0.4619,330.46,729.36,296,686,66,54,21.337,30.898,-35.36307033,149.16557736,10.00,calibration-file(no-undistort)
1784075203.231,detection_logs/frame_1784075203220.jpg,42,green,0.4551,1410.82,430.66,1354,366,116,112,23.459,39.089,-35.36305126,149.16566758,10.00,calibration-file(no-undistort)
1784075203.286,detection_logs/frame_1784075203275.jpg,41,green,0.4721,329.58,744.73,296,698,66,54,21.228,30.892,-35.36307131,149.16557729,10.00,calibration-file(no-undistort)
1784075203.286,detection_logs/frame_1784075203275.jpg,42,green,0.4624,1411.07,444.10,1352,376,118,112,23.364,39.091,-35.36305212,149.16566760,10.00,calibration-file(no-undistort)
1784075203.359,detection_logs/frame_1784075203343.jpg,41,green,0.4801,330.30,753.79,296,704,68,54,21.575,30.897,-35.36306819,149.16557735,10.00,calibration-file(no-undistort)
1784075203.359,detection_logs/frame_1784075203343.jpg,42,green,0.4598,1412.04,454.60,1354,384,116,112,23.701,39.098,-35.36304909,149.16566769,10.00,calibration-file(no-undistort)
1784075203.431,detection_logs/frame_1784075203415.jpg,41,green,0.4864,331.15,763.32,296,718,68,54,21.507,30.904,-35.36306879,149.16557742,10.00,calibration-file(no-undistort)
1784075203.431,detection_logs/frame_1784075203415.jpg,42,green,0.4463,1412.59,464.33,1354,398,116,110,23.632,39.102,-35.36304971,149.16566773,10.00,calibration-file(no-undistort)
1784075203.496,detection_logs/frame_1784075203481.jpg,41,green,0.4832,330.91,778.20,296,742,66,56,21.402,30.902,-35.36306974,149.16557740,10.00,calibration-file(no-undistort)
1784075203.496,detection_logs/frame_1784075203481.jpg,42,green,0.4506,1413.01,478.30,1354,422,116,110,23.532,39.105,-35.36305060,149.16566777,10.00,calibration-file(no-undistort)
1784075203.573,detection_logs/frame_1784075203560.jpg,41,green,0.4752,331.45,793.93,296,760,66,54,21.691,30.906,-35.36306715,149.16557745,10.00,calibration-file(no-undistort)
1784075203.573,detection_logs/frame_1784075203560.jpg,42,green,0.4570,1413.21,494.25,1354,440,116,110,23.820,39.107,-35.36304802,149.16566778,10.00,calibration-file(no-undistort)
1784075203.633,detection_logs/frame_1784075203619.jpg,41,green,0.4839,331.29,806.08,296,768,66,56,21.604,30.905,-35.36306792,149.16557743,10.00,calibration-file(no-undistort)
1784075203.633,detection_logs/frame_1784075203619.jpg,42,green,0.4499,1413.17,508.25,1354,450,116,110,23.720,39.107,-35.36304892,149.16566778,10.00,calibration-file(no-undistort)
1784075203.709,detection_logs/frame_1784075203692.jpg,41,green,0.4845,331.00,816.50,296,776,66,56,21.530,30.903,-35.36306859,149.16557741,10.00,calibration-file(no-undistort)
1784075203.709,detection_logs/frame_1784075203692.jpg,42,green,0.4651,1412.04,519.82,1352,458,118,110,23.638,39.098,-35.36304965,149.16566769,10.00,calibration-file(no-undistort)
1784075203.774,detection_logs/frame_1784075203758.jpg,41,green,0.4999,331.55,823.53,296,780,68,56,21.480,30.907,-35.36306904,149.16557745,10.00,calibration-file(no-undistort)
1784075203.774,detection_logs/frame_1784075203758.jpg,42,green,0.4602,1411.07,527.75,1352,462,118,110,23.582,39.091,-35.36305016,149.16566761,10.00,calibration-file(no-undistort)
1784075203.834,detection_logs/frame_1784075203819.jpg,41,green,0.5129,331.60,830.89,296,790,68,58,21.829,30.907,-35.36306591,149.16557746,10.00,calibration-file(no-undistort)
1784075203.835,detection_logs/frame_1784075203819.jpg,42,green,0.4640,1411.37,536.87,1354,474,116,110,23.918,39.093,-35.36304714,149.16566763,10.00,calibration-file(no-undistort)
1784075203.901,detection_logs/frame_1784075203886.jpg,41,green,0.5110,330.65,843.74,296,812,66,60,21.738,30.900,-35.36306673,149.16557738,10.00,calibration-file(no-undistort)
1784075203.901,detection_logs/frame_1784075203886.jpg,42,green,0.4614,1410.50,549.94,1352,496,118,110,23.825,39.086,-35.36304798,149.16566756,10.00,calibration-file(no-undistort)
1784075203.965,detection_logs/frame_1784075203950.jpg,42,green,0.4642,1410.83,565.51,1354,514,116,110,23.714,39.089,-35.36304897,149.16566758,10.00,calibration-file(no-undistort)
1784075204.041,detection_logs/frame_1784075204025.jpg,42,green,0.4722,1410.15,579.03,1352,522,118,112,23.618,39.084,-35.36304983,149.16566753,10.00,calibration-file(no-undistort)
1784075204.099,detection_logs/frame_1784075204086.jpg,42,green,0.4591,1410.59,590.90,1354,532,116,110,23.912,39.087,-35.36304719,149.16566756,10.00,calibration-file(no-undistort)
1784075204.166,detection_logs/frame_1784075204153.jpg,41,green,0.5106,331.79,885.27,298,850,66,60,21.821,30.909,-35.36306598,149.16557747,10.00,calibration-file(no-undistort)
1784075204.166,detection_logs/frame_1784075204153.jpg,42,green,0.4645,1411.06,598.44,1354,536,116,108,23.859,39.091,-35.36304767,149.16566760,10.00,calibration-file(no-undistort)
1784075204.235,detection_logs/frame_1784075204223.jpg,41,green,0.5168,332.10,896.64,298,862,66,60,21.740,30.911,-35.36306670,149.16557750,10.00,calibration-file(no-undistort)
1784075204.235,detection_logs/frame_1784075204223.jpg,42,green,0.4693,1410.46,606.60,1352,546,118,110,23.801,39.086,-35.36304819,149.16566755,10.00,calibration-file(no-undistort)
1784075204.296,detection_logs/frame_1784075204284.jpg,41,green,0.5341,331.67,911.50,296,884,68,62,21.635,30.908,-35.36306765,149.16557746,10.00,calibration-file(no-undistort)
1784075204.296,detection_logs/frame_1784075204284.jpg,42,green,0.4759,1409.92,621.57,1352,570,118,112,23.695,39.082,-35.36304915,149.16566751,10.00,calibration-file(no-undistort)
1784075204.368,detection_logs/frame_1784075204353.jpg,41,green,0.5292,330.57,930.09,296,904,66,62,21.881,30.899,-35.36306544,149.16557737,10.00,calibration-file(no-undistort)
1784075204.368,detection_logs/frame_1784075204353.jpg,42,green,0.4696,1409.50,637.19,1352,588,118,110,23.962,39.079,-35.36304674,149.16566747,10.00,calibration-file(no-undistort)
1784075204.430,detection_logs/frame_1784075204416.jpg,42,green,0.4757,1409.24,652.56,1352,600,118,110,23.853,39.077,-35.36304773,149.16566745,10.00,calibration-file(no-undistort)
1784075204.512,detection_logs/frame_1784075204499.jpg,42,green,0.4696,1409.27,664.79,1352,608,118,110,23.766,39.077,-35.36304851,149.16566745,10.00,calibration-file(no-undistort)
1784075204.572,detection_logs/frame_1784075204558.jpg,42,green,0.4725,1409.49,674.34,1352,612,118,112,23.698,39.079,-35.36304912,149.16566747,10.00,calibration-file(no-undistort)
1784075204.641,detection_logs/frame_1784075204628.jpg,42,green,0.4735,1409.76,684.36,1352,624,118,112,24.017,39.081,-35.36304626,149.16566750,10.00,calibration-file(no-undistort)
1784075204.701,detection_logs/frame_1784075204688.jpg,42,green,0.4742,1409.84,699.54,1352,648,118,112,23.909,39.081,-35.36304722,149.16566750,10.00,calibration-file(no-undistort)
1784075204.779,detection_logs/frame_1784075204765.jpg,42,green,0.4737,1409.90,716.33,1352,666,118,112,23.789,39.082,-35.36304830,149.16566751,10.00,calibration-file(no-undistort)
1784075204.851,detection_logs/frame_1784075204831.jpg,42,green,0.4706,1410.07,731.07,1352,676,118,112,24.052,39.083,-35.36304594,149.16566752,10.00,calibration-file(no-undistort)
1784075204.906,detection_logs/frame_1784075204893.jpg,42,green,0.4722,1410.39,743.14,1352,684,118,112,23.966,39.086,-35.36304671,149.16566755,10.00,calibration-file(no-undistort)
1784075204.976,detection_logs/frame_1784075204961.jpg,42,green,0.4783,1409.08,752.39,1350,688,118,114,23.901,39.076,-35.36304730,149.16566744,10.00,calibration-file(no-undistort)
1784075205.036,detection_logs/frame_1784075205025.jpg,42,green,0.4753,1409.06,762.74,1350,702,120,114,23.827,39.075,-35.36304796,149.16566744,10.00,calibration-file(no-undistort)
1784075205.107,detection_logs/frame_1784075205094.jpg,42,green,0.4686,1409.65,779.11,1352,728,118,114,24.100,39.080,-35.36304550,149.16566749,10.00,calibration-file(no-undistort)
1784075205.293,detection_logs/frame_1784075205279.jpg,42,green,0.4631,1409.98,797.21,1352,746,118,116,23.972,39.082,-35.36304666,149.16566751,10.00,calibration-file(no-undistort)
1784075205.356,detection_logs/frame_1784075205342.jpg,42,green,0.4680,1410.66,810.61,1352,752,118,114,23.877,39.088,-35.36304751,149.16566757,10.00,calibration-file(no-undistort)
1784075205.430,detection_logs/frame_1784075205417.jpg,42,green,0.4705,1410.22,814.49,1350,742,118,114,23.849,39.084,-35.36304776,149.16566753,10.00,calibration-file(no-undistort)
1784075205.589,detection_logs/frame_1784075205573.jpg,42,green,0.4765,1408.76,814.32,1348,740,118,114,24.218,39.073,-35.36304445,149.16566741,10.00,calibration-file(no-undistort)
1784075205.651,detection_logs/frame_1784075205639.jpg,42,green,0.4825,1408.18,814.17,1348,744,118,116,24.219,39.069,-35.36304444,149.16566736,10.00,calibration-file(no-undistort)
1784075205.722,detection_logs/frame_1784075205708.jpg,42,green,0.4726,1406.42,816.46,1346,752,118,116,24.202,39.055,-35.36304459,149.16566722,10.00,calibration-file(no-undistort)
1784075205.788,detection_logs/frame_1784075205774.jpg,42,green,0.4719,1404.83,818.55,1346,756,116,116,24.188,39.043,-35.36304472,149.16566708,10.00,calibration-file(no-undistort)
1784075205.855,detection_logs/frame_1784075205841.jpg,42,green,0.4797,1403.39,823.60,1344,766,118,116,24.552,39.051,-35.36304144,149.16566716,10.00,calibration-file(no-undistort)
1784075205.916,detection_logs/frame_1784075205905.jpg,42,green,0.4750,1401.95,832.69,1342,780,118,116,24.488,39.040,-35.36304202,149.16566704,10.00,calibration-file(no-undistort)
1784075205.985,detection_logs/frame_1784075205974.jpg,42,green,0.4684,1399.59,843.75,1340,794,116,116,24.409,39.022,-35.36304273,149.16566685,10.00,calibration-file(no-undistort)
1784075206.055,detection_logs/frame_1784075206042.jpg,42,green,0.4653,1397.93,864.91,1340,828,116,116,24.259,39.009,-35.36304408,149.16566671,10.00,calibration-file(no-undistort)
1784075206.392,detection_logs/frame_1784075206379.jpg,44,green,0.8587,1043.50,166.50,1002,114,84,106,30.111,36.304,-35.36299150,149.16563691,10.00,calibration-file(no-undistort)
1784075206.454,detection_logs/frame_1784075206442.jpg,44,green,0.8774,1044.51,181.11,1004,144,84,104,30.008,36.312,-35.36299244,149.16563699,10.00,calibration-file(no-undistort)
1784075206.521,detection_logs/frame_1784075206507.jpg,44,green,0.8867,1046.46,214.13,1006,182,84,102,29.773,36.327,-35.36299454,149.16563716,10.00,calibration-file(no-undistort)
1784075206.597,detection_logs/frame_1784075206586.jpg,44,green,0.8967,1048.13,247.18,1008,208,82,100,29.984,36.339,-35.36299265,149.16563730,10.00,calibration-file(no-undistort)
1784075206.657,detection_logs/frame_1784075206643.jpg,44,green,0.9051,1048.95,274.09,1008,228,82,98,29.792,36.345,-35.36299437,149.16563736,10.00,calibration-file(no-undistort)
1784075206.724,detection_logs/frame_1784075206709.jpg,44,green,0.9143,1049.32,294.82,1008,242,82,98,29.645,36.348,-35.36299569,149.16563740,10.00,calibration-file(no-undistort)
1784075206.790,detection_logs/frame_1784075206777.jpg,44,green,0.9234,1049.46,309.80,1008,252,82,96,29.539,36.349,-35.36299665,149.16563741,10.00,calibration-file(no-undistort)
1784075206.856,detection_logs/frame_1784075206842.jpg,44,green,0.9288,1049.47,325.33,1008,272,82,92,29.851,36.349,-35.36299384,149.16563741,10.00,calibration-file(no-undistort)
1784075206.919,detection_logs/frame_1784075206907.jpg,44,green,0.9380,1049.40,344.65,1008,298,82,92,29.714,36.349,-35.36299507,149.16563740,10.00,calibration-file(no-undistort)
1784075206.981,detection_logs/frame_1784075206971.jpg,44,green,0.9466,1048.87,362.93,1006,316,84,90,29.584,36.345,-35.36299624,149.16563736,10.00,calibration-file(no-undistort)
1784075207.051,detection_logs/frame_1784075207040.jpg,44,green,0.9503,1048.43,378.04,1006,328,84,88,29.477,36.342,-35.36299721,149.16563732,10.00,calibration-file(no-undistort)
1784075207.134,detection_logs/frame_1784075207121.jpg,44,green,0.9581,1048.09,392.12,1006,342,84,88,29.789,36.339,-35.36299440,149.16563729,10.00,calibration-file(no-undistort)
1784075207.202,detection_logs/frame_1784075207186.jpg,44,green,0.9638,1047.43,411.56,1006,372,82,86,29.651,36.334,-35.36299564,149.16563724,10.00,calibration-file(no-undistort)
1784075207.255,detection_logs/frame_1784075207241.jpg,44,green,0.9735,1046.95,441.53,1006,418,82,84,29.438,36.330,-35.36299756,149.16563720,10.00,calibration-file(no-undistort)
1784075207.327,detection_logs/frame_1784075207314.jpg,44,green,0.9804,1046.61,483.23,1006,474,82,82,29.141,36.328,-35.36300022,149.16563717,10.00,calibration-file(no-undistort)
1784075207.390,detection_logs/frame_1784075207379.jpg,44,green,0.9856,1046.40,532.03,1006,526,82,82,29.184,36.326,-35.36299983,149.16563715,10.00,calibration-file(no-undistort)
1784075207.453,detection_logs/frame_1784075207442.jpg,44,green,0.9912,1046.29,581.78,1006,570,82,80,28.831,36.325,-35.36300301,149.16563714,10.00,calibration-file(no-undistort)
1784075207.520,detection_logs/frame_1784075207509.jpg,44,green,0.9932,1046.24,627.84,1006,604,82,80,28.504,36.325,-35.36300595,149.16563714,10.00,calibration-file(no-undistort)
1784075207.594,detection_logs/frame_1784075207582.jpg,44,green,0.9976,1046.63,669.75,1006,636,84,80,28.529,36.328,-35.36300572,149.16563717,10.00,calibration-file(no-undistort)
1784075207.662,detection_logs/frame_1784075207651.jpg,44,green,0.9976,1047.35,709.44,1008,672,82,78,28.247,36.333,-35.36300826,149.16563723,10.00,calibration-file(no-undistort)
1784075207.729,detection_logs/frame_1784075207718.jpg,44,green,0.9959,1047.89,745.34,1008,702,82,78,27.992,36.337,-35.36301055,149.16563728,10.00,calibration-file(no-undistort)
1784075207.791,detection_logs/frame_1784075207780.jpg,44,green,0.9988,1048.68,773.61,1008,720,84,78,27.791,36.343,-35.36301235,149.16563734,10.00,calibration-file(no-undistort)
1784075207.855,detection_logs/frame_1784075207845.jpg,44,green,0.9994,1049.22,787.52,1008,716,84,78,27.903,36.348,-35.36301134,149.16563739,10.00,calibration-file(no-undistort)
1784075207.923,detection_logs/frame_1784075207913.jpg,45,green,0.9999,1047.50,735.50,1006,698,84,76,28.273,36.334,-35.36300802,149.16563724,10.00,calibration-file(no-undistort)
1784075207.994,detection_logs/frame_1784075207983.jpg,45,green,0.9985,1047.50,722.40,1006,672,84,76,28.366,36.334,-35.36300718,149.16563724,10.00,calibration-file(no-undistort)
1784075208.062,detection_logs/frame_1784075208050.jpg,45,green,0.9951,1047.50,699.91,1006,652,84,74,28.526,36.334,-35.36300575,149.16563724,10.00,calibration-file(no-undistort)
1784075208.123,detection_logs/frame_1784075208112.jpg,45,green,0.9969,1046.92,678.27,1006,636,82,74,28.791,36.330,-35.36300337,149.16563720,10.00,calibration-file(no-undistort)
1784075208.198,detection_logs/frame_1784075208188.jpg,45,green,0.9957,1046.06,658.88,1004,620,84,74,28.929,36.324,-35.36300213,149.16563712,10.00,calibration-file(no-undistort)
1784075208.264,detection_logs/frame_1784075208253.jpg,45,green,0.9957,1044.58,637.97,1002,598,84,74,29.077,36.312,-35.36300080,149.16563700,10.00,calibration-file(no-undistort)
1784075208.325,detection_logs/frame_1784075208313.jpg,45,green,0.9994,1042.78,612.60,1000,568,84,74,29.257,36.299,-35.36299918,149.16563685,10.00,calibration-file(no-undistort)
1784075208.393,detection_logs/frame_1784075208382.jpg,45,green,0.9947,1041.67,585.47,1000,540,84,74,29.484,36.308,-35.36299714,149.16563696,10.00,calibration-file(no-undistort)
1784075208.455,detection_logs/frame_1784075208445.jpg,45,green,0.9983,1040.17,562.33,998,524,84,74,29.648,36.297,-35.36299567,149.16563683,10.00,calibration-file(no-undistort)
1784075208.522,detection_logs/frame_1784075208511.jpg,45,green,0.9985,1040.06,545.26,1000,516,84,74,29.769,36.296,-35.36299458,149.16563682,10.00,calibration-file(no-undistort)
1784075208.591,detection_logs/frame_1784075208580.jpg,45,green,0.9994,1040.12,532.49,1000,508,84,74,29.860,36.297,-35.36299376,149.16563683,10.00,calibration-file(no-undistort)
1784075208.671,detection_logs/frame_1784075208654.jpg,45,green,0.9994,1040.27,521.13,1000,496,84,74,29.941,36.280,-35.36299304,149.16563664,10.00,calibration-file(no-undistort)
1784075208.730,detection_logs/frame_1784075208718.jpg,45,green,0.9998,1041.29,508.96,1002,480,84,74,30.027,36.287,-35.36299226,149.16563672,10.00,calibration-file(no-undistort)
1784075208.802,detection_logs/frame_1784075208787.jpg,45,green,0.9990,1042.90,495.96,1004,464,84,74,30.120,36.300,-35.36299143,149.16563686,10.00,calibration-file(no-undistort)
1784075208.988,detection_logs/frame_1784075208971.jpg,45,green,0.9964,1044.92,485.39,1006,456,84,74,30.195,36.315,-35.36299076,149.16563703,10.00,calibration-file(no-undistort)
1784075209.051,detection_logs/frame_1784075209040.jpg,45,green,0.9971,1047.17,480.94,1008,458,84,76,30.226,36.332,-35.36299047,149.16563722,10.00,calibration-file(no-undistort)
1784075209.115,detection_logs/frame_1784075209098.jpg,45,green,0.9998,1048.74,480.86,1008,462,84,74,30.227,36.344,-35.36299047,149.16563735,10.00,calibration-file(no-undistort)
1784075209.321,detection_logs/frame_1784075209307.jpg,45,green,0.9971,1049.76,480.88,1008,458,84,74,30.227,36.352,-35.36299047,149.16563743,10.00,calibration-file(no-undistort)
1784075209.378,detection_logs/frame_1784075209362.jpg,45,green,0.9990,1049.94,478.98,1006,450,86,74,30.240,36.353,-35.36299035,149.16563745,10.00,calibration-file(no-undistort)
1784075209.426,detection_logs/frame_1784075209412.jpg,45,green,0.9995,1049.51,475.34,1006,442,84,74,30.266,36.350,-35.36299012,149.16563741,10.00,calibration-file(no-undistort)
1784075209.492,detection_logs/frame_1784075209478.jpg,45,green,0.9964,1049.06,473.47,1006,442,84,74,30.279,36.346,-35.36299000,149.16563737,10.00,calibration-file(no-undistort)
1784075209.551,detection_logs/frame_1784075209536.jpg,45,green,0.9964,1048.65,476.82,1006,452,84,74,30.256,36.343,-35.36299021,149.16563734,10.00,calibration-file(no-undistort)
1784075209.617,detection_logs/frame_1784075209603.jpg,45,green,0.9964,1048.29,483.55,1006,460,84,76,30.219,36.340,-35.36299054,149.16563731,10.00,calibration-file(no-undistort)
1784075209.691,detection_logs/frame_1784075209674.jpg,45,green,0.9971,1047.60,489.31,1004,462,86,74,30.178,36.335,-35.36299091,149.16563725,10.00,calibration-file(no-undistort)
1784075209.758,detection_logs/frame_1784075209743.jpg,45,green,0.9998,1047.08,492.82,1004,460,86,74,30.153,36.331,-35.36299113,149.16563721,10.00,calibration-file(no-undistort)
1784075209.823,detection_logs/frame_1784075209810.jpg,45,green,0.9998,1046.72,494.48,1004,458,86,74,30.141,36.329,-35.36299124,149.16563718,10.00,calibration-file(no-undistort)
1784075209.900,detection_logs/frame_1784075209887.jpg,45,green,0.9996,1046.48,497.08,1004,462,86,74,30.156,36.327,-35.36299110,149.16563716,10.00,calibration-file(no-undistort)
1784075209.958,detection_logs/frame_1784075209944.jpg,45,green,0.9997,1046.34,503.58,1004,474,86,74,30.110,36.326,-35.36299152,149.16563715,10.00,calibration-file(no-undistort)
1784075210.027,detection_logs/frame_1784075210016.jpg,45,green,0.9997,1045.87,511.73,1004,482,84,76,30.052,36.322,-35.36299204,149.16563711,10.00,calibration-file(no-undistort)
1784075210.097,detection_logs/frame_1784075210084.jpg,45,green,0.9996,1045.55,517.76,1004,484,84,74,30.031,36.320,-35.36299222,149.16563708,10.00,calibration-file(no-undistort)
1784075210.151,detection_logs/frame_1784075210139.jpg,45,green,0.9996,1045.36,519.23,1004,478,84,74,30.021,36.318,-35.36299232,149.16563706,10.00,calibration-file(no-undistort)
1784075210.223,detection_logs/frame_1784075210209.jpg,45,green,0.9994,1045.25,518.86,1004,476,84,74,30.024,36.317,-35.36299229,149.16563706,10.00,calibration-file(no-undistort)
1784075210.289,detection_logs/frame_1784075210271.jpg,45,green,0.9994,1045.21,519.63,1004,480,84,74,30.018,36.317,-35.36299234,149.16563705,10.00,calibration-file(no-undistort)
1784075210.355,detection_logs/frame_1784075210339.jpg,45,green,0.9994,1045.22,524.61,1004,492,84,74,30.005,36.317,-35.36299246,149.16563705,10.00,calibration-file(no-undistort)
1784075210.420,detection_logs/frame_1784075210406.jpg,45,green,0.9994,1045.25,531.97,1004,502,84,74,29.953,36.317,-35.36299293,149.16563706,10.00,calibration-file(no-undistort)
1784075210.488,detection_logs/frame_1784075210474.jpg,45,green,0.9997,1045.29,537.80,1004,504,84,74,29.911,36.318,-35.36299330,149.16563706,10.00,calibration-file(no-undistort)
1784075210.557,detection_logs/frame_1784075210545.jpg,45,green,0.9975,1045.33,539.95,1004,500,84,74,29.896,36.318,-35.36299344,149.16563706,10.00,calibration-file(no-undistort)
1784075210.623,detection_logs/frame_1784075210611.jpg,45,green,0.9997,1045.38,539.30,1004,496,84,74,29.934,36.318,-35.36299310,149.16563707,10.00,calibration-file(no-undistort)
1784075210.681,detection_logs/frame_1784075210670.jpg,45,green,0.9994,1045.41,539.88,1004,500,84,74,29.930,36.319,-35.36299313,149.16563707,10.00,calibration-file(no-undistort)
1784075210.760,detection_logs/frame_1784075210749.jpg,45,green,0.9979,1044.64,543.91,1002,510,84,74,29.901,36.313,-35.36299339,149.16563700,10.00,calibration-file(no-undistort)
1784075210.827,detection_logs/frame_1784075210814.jpg,45,green,0.9977,1043.27,549.77,1000,518,84,74,29.860,36.302,-35.36299377,149.16563689,10.00,calibration-file(no-undistort)
1784075210.889,detection_logs/frame_1784075210876.jpg,45,green,0.9996,1041.88,552.94,998,516,86,74,29.859,36.310,-35.36299377,149.16563697,10.00,calibration-file(no-undistort)
1784075210.957,detection_logs/frame_1784075210942.jpg,45,green,0.9975,1040.52,549.18,998,502,84,74,29.886,36.300,-35.36299353,149.16563686,10.00,calibration-file(no-undistort)
1784075211.020,detection_logs/frame_1784075211006.jpg,45,green,0.9986,1040.00,536.30,998,478,86,74,29.978,36.296,-35.36299271,149.16563682,10.00,calibration-file(no-undistort)
1784075211.094,detection_logs/frame_1784075211082.jpg,45,green,0.9976,1040.14,514.49,1000,448,84,74,30.133,36.297,-35.36299131,149.16563683,10.00,calibration-file(no-undistort)
1784075211.155,detection_logs/frame_1784075211143.jpg,45,green,0.9994,1040.35,486.95,1000,418,84,76,30.362,36.298,-35.36298926,149.16563685,10.00,calibration-file(no-undistort)
1784075211.218,detection_logs/frame_1784075211208.jpg,45,green,0.9993,1040.99,453.45,1000,384,86,74,30.600,36.303,-35.36298712,149.16563690,10.00,calibration-file(no-undistort)
1784075211.285,detection_logs/frame_1784075211275.jpg,45,green,0.9994,1041.92,415.82,1002,348,84,74,30.867,36.310,-35.36298472,149.16563698,10.00,calibration-file(no-undistort)
1784075211.348,detection_logs/frame_1784075211338.jpg,45,green,0.9958,1043.02,377.47,1002,316,86,74,31.139,36.319,-35.36298227,149.16563707,10.00,calibration-file(no-undistort)
1784075211.416,detection_logs/frame_1784075211406.jpg,45,green,0.9964,1044.23,340.11,1004,286,84,74,31.450,36.328,-35.36297948,149.16563717,10.00,calibration-file(no-undistort)
1784075211.480,detection_logs/frame_1784075211470.jpg,45,green,0.9977,1045.47,312.44,1004,276,86,76,31.646,36.337,-35.36297772,149.16563727,10.00,calibration-file(no-undistort)
1784075211.547,detection_logs/frame_1784075211537.jpg,45,green,0.9955,1046.31,299.17,1004,284,86,76,31.740,36.344,-35.36297687,149.16563734,10.00,calibration-file(no-undistort)
1784075211.622,detection_logs/frame_1784075211612.jpg,45,green,0.9977,1046.83,296.54,1004,292,86,76,31.915,36.348,-35.36297530,149.16563739,10.00,calibration-file(no-undistort)
1784075211.681,detection_logs/frame_1784075211671.jpg,45,green,0.9961,1047.11,303.70,1004,306,86,76,31.864,36.350,-35.36297576,149.16563741,10.00,calibration-file(no-undistort)
1784075211.747,detection_logs/frame_1784075211735.jpg,45,green,0.9960,1047.63,317.77,1006,320,84,78,31.764,36.354,-35.36297666,149.16563745,10.00,calibration-file(no-undistort)
1784075211.819,detection_logs/frame_1784075211809.jpg,45,green,0.9947,1047.92,337.28,1006,338,84,78,31.625,36.356,-35.36297790,149.16563748,10.00,calibration-file(no-undistort)
1784075211.819,detection_logs/frame_1784075211809.jpg,46,red,0.8872,690.19,376.01,650,340,82,76,31.350,33.644,-35.36298038,149.16560760,10.00,calibration-file(no-undistort)
1784075211.878,detection_logs/frame_1784075211868.jpg,46,red,0.8733,690.63,393.44,650,374,84,76,31.460,33.629,-35.36297939,149.16560744,10.00,calibration-file(no-undistort)
1784075211.878,detection_logs/frame_1784075211868.jpg,47,green,0.9936,1047.50,410.50,1006,372,84,78,31.339,36.334,-35.36298048,149.16563724,10.00,calibration-file(no-undistort)
1784075211.944,detection_logs/frame_1784075211934.jpg,46,red,0.8688,691.60,431.97,652,416,82,78,31.186,33.636,-35.36298185,149.16560752,10.00,calibration-file(no-undistort)
1784075211.944,detection_logs/frame_1784075211934.jpg,47,green,0.9927,1047.50,432.66,1006,416,84,78,31.182,36.334,-35.36298189,149.16563724,10.00,calibration-file(no-undistort)
1784075212.010,detection_logs/frame_1784075212001.jpg,46,red,0.8492,693.65,473.29,654,448,84,80,30.893,33.652,-35.36298448,149.16560769,10.00,calibration-file(no-undistort)
1784075212.010,detection_logs/frame_1784075212001.jpg,47,green,0.9886,1048.67,469.25,1008,448,84,80,30.922,36.343,-35.36298423,149.16563734,10.00,calibration-file(no-undistort)
1784075212.077,detection_logs/frame_1784075212068.jpg,46,red,0.8456,695.92,511.47,656,480,84,80,30.622,33.669,-35.36298692,149.16560788,10.00,calibration-file(no-undistort)
1784075212.077,detection_logs/frame_1784075212068.jpg,47,green,0.9866,1049.95,507.81,1010,480,82,80,30.648,36.353,-35.36298669,149.16563745,10.00,calibration-file(no-undistort)
1784075212.148,detection_logs/frame_1784075212137.jpg,46,red,0.8544,697.73,546.16,658,510,82,80,30.698,33.683,-35.36298624,149.16560803,10.00,calibration-file(no-undistort)
1784075212.148,detection_logs/frame_1784075212137.jpg,47,green,0.9827,1051.16,542.84,1010,508,84,82,30.722,36.362,-35.36298602,149.16563755,10.00,calibration-file(no-undistort)
1784075212.211,detection_logs/frame_1784075212200.jpg,46,red,0.8398,698.86,577.34,658,536,82,82,30.476,33.691,-35.36298823,149.16560813,10.00,calibration-file(no-undistort)
1784075212.211,detection_logs/frame_1784075212200.jpg,47,green,0.9766,1051.80,574.39,1010,534,84,84,30.497,36.367,-35.36298804,149.16563760,10.00,calibration-file(no-undistort)
1784075212.274,detection_logs/frame_1784075212263.jpg,46,red,0.8292,699.43,611.29,658,572,82,84,30.235,33.696,-35.36299039,149.16560818,10.00,calibration-file(no-undistort)
1784075212.274,detection_logs/frame_1784075212263.jpg,47,green,0.9719,1052.12,609.01,1010,572,84,84,30.251,36.369,-35.36299025,149.16563763,10.00,calibration-file(no-undistort)
1784075212.347,detection_logs/frame_1784075212337.jpg,46,red,0.8260,699.47,648.95,658,614,82,84,29.968,33.696,-35.36299280,149.16560818,10.00,calibration-file(no-undistort)
1784075212.347,detection_logs/frame_1784075212337.jpg,47,green,0.9638,1052.25,647.64,1010,614,84,86,29.977,36.370,-35.36299271,149.16563764,10.00,calibration-file(no-undistort)
1784075212.410,detection_logs/frame_1784075212396.jpg,46,red,0.7954,699.05,683.09,656,640,84,88,30.081,33.693,-35.36299177,149.16560814,10.00,calibration-file(no-undistort)
1784075212.410,detection_logs/frame_1784075212396.jpg,47,green,0.9572,1052.27,682.06,1010,640,84,88,30.089,36.371,-35.36299171,149.16563764,10.00,calibration-file(no-undistort)
1784075212.586,detection_logs/frame_1784075212576.jpg,46,red,0.7959,698.44,712.13,656,660,82,90,29.875,33.688,-35.36299363,149.16560809,10.00,calibration-file(no-undistort)
1784075212.586,detection_logs/frame_1784075212576.jpg,47,green,0.9504,1051.81,711.49,1010,662,82,88,29.880,36.367,-35.36299359,149.16563760,10.00,calibration-file(no-undistort)
1784075212.667,detection_logs/frame_1784075212650.jpg,46,red,0.7926,697.80,736.80,656,680,82,90,29.700,33.683,-35.36299520,149.16560804,10.00,calibration-file(no-undistort)
1784075212.667,detection_logs/frame_1784075212650.jpg,47,green,0.9466,1051.42,736.18,1010,680,82,90,29.704,36.364,-35.36299516,149.16563757,10.00,calibration-file(no-undistort)
1784075212.729,detection_logs/frame_1784075212715.jpg,46,red,0.7846,697.23,755.52,656,692,82,92,29.945,33.679,-35.36299300,149.16560799,10.00,calibration-file(no-undistort)
1784075212.729,detection_logs/frame_1784075212715.jpg,47,green,0.9414,1051.10,755.10,1010,692,82,92,29.948,36.362,-35.36299297,149.16563754,10.00,calibration-file(no-undistort)
1784075212.807,detection_logs/frame_1784075212796.jpg,46,red,0.7829,696.79,766.91,656,696,82,92,29.864,33.676,-35.36299372,149.16560796,10.00,calibration-file(no-undistort)
1784075212.807,detection_logs/frame_1784075212796.jpg,47,green,0.9354,1050.45,766.40,1008,696,84,92,29.868,36.357,-35.36299369,149.16563749,10.00,calibration-file(no-undistort)
1784075212.963,detection_logs/frame_1784075212949.jpg,46,red,0.7746,696.44,775.72,656,706,82,94,29.802,33.673,-35.36299429,149.16560793,10.00,calibration-file(no-undistort)
1784075212.964,detection_logs/frame_1784075212949.jpg,47,green,0.9288,1049.98,775.24,1008,706,84,94,29.805,36.353,-35.36299426,149.16563745,10.00,calibration-file(no-undistort)
1784075213.032,detection_logs/frame_1784075213017.jpg,46,red,0.7604,696.20,782.75,656,714,82,96,29.752,33.671,-35.36299474,149.16560791,10.00,calibration-file(no-undistort)
1784075213.032,detection_logs/frame_1784075213017.jpg,47,green,0.9234,1049.25,782.39,1008,716,82,94,29.754,36.348,-35.36299471,149.16563739,10.00,calibration-file(no-undistort)
1784075213.102,detection_logs/frame_1784075213088.jpg,46,red,0.7597,696.12,785.90,656,716,82,96,30.130,33.671,-35.36299134,149.16560790,10.00,calibration-file(no-undistort)
1784075213.102,detection_logs/frame_1784075213088.jpg,47,green,0.9195,1048.74,785.99,1008,718,82,96,30.129,36.344,-35.36299134,149.16563735,10.00,calibration-file(no-undistort)
1784075213.172,detection_logs/frame_1784075213161.jpg,46,red,0.7494,696.17,785.45,656,714,82,98,30.133,33.671,-35.36299131,149.16560790,10.00,calibration-file(no-undistort)
1784075213.172,detection_logs/frame_1784075213161.jpg,47,green,0.9112,1048.41,785.40,1008,716,82,96,30.134,36.341,-35.36299130,149.16563732,10.00,calibration-file(no-undistort)
1784075213.231,detection_logs/frame_1784075213220.jpg,46,red,0.7509,696.34,785.40,656,720,82,98,30.134,33.672,-35.36299130,149.16560792,10.00,calibration-file(no-undistort)
1784075213.231,detection_logs/frame_1784075213220.jpg,47,green,0.9062,1047.82,785.78,1006,722,84,98,30.131,36.337,-35.36299133,149.16563727,10.00,calibration-file(no-undistort)
1784075213.293,detection_logs/frame_1784075213283.jpg,46,red,0.7415,696.44,794.65,656,746,82,100,30.068,33.673,-35.36299190,149.16560793,10.00,calibration-file(no-undistort)
1784075213.293,detection_logs/frame_1784075213283.jpg,47,green,0.8969,1047.44,794.57,1006,746,84,100,30.068,36.334,-35.36299189,149.16563724,10.00,calibration-file(no-undistort)
1784075213.359,detection_logs/frame_1784075213349.jpg,46,red,0.7287,696.39,813.48,656,778,82,102,30.335,33.673,-35.36298950,149.16560792,10.00,calibration-file(no-undistort)
1784075213.359,detection_logs/frame_1784075213349.jpg,47,green,0.8914,1047.21,813.16,1006,778,84,102,30.337,36.332,-35.36298948,149.16563722,10.00,calibration-file(no-undistort)
1784075213.431,detection_logs/frame_1784075213420.jpg,46,red,0.7111,696.31,836.69,656,802,82,106,30.170,33.672,-35.36299098,149.16560792,10.00,calibration-file(no-undistort)
1784075213.431,detection_logs/frame_1784075213420.jpg,47,green,0.8813,1047.11,836.57,1006,804,84,104,30.171,36.331,-35.36299097,149.16563721,10.00,calibration-file(no-undistort)
1784075213.495,detection_logs/frame_1784075213485.jpg,46,red,0.6976,696.08,863.22,654,828,84,108,29.982,33.670,-35.36299267,149.16560790,10.00,calibration-file(no-undistort)
1784075213.496,detection_logs/frame_1784075213485.jpg,47,green,0.8676,1047.08,863.22,1006,830,84,106,29.982,36.331,-35.36299267,149.16563721,10.00,calibration-file(no-undistort)
1784075213.559,detection_logs/frame_1784075213549.jpg,46,red,0.6846,695.78,891.76,654,854,84,110,29.779,33.668,-35.36299449,149.16560787,10.00,calibration-file(no-undistort)
1784075213.560,detection_logs/frame_1784075213549.jpg,47,green,0.8560,1047.10,891.83,1006,856,84,108,29.778,36.331,-35.36299450,149.16563721,10.00,calibration-file(no-undistort)
1784075213.635,detection_logs/frame_1784075213621.jpg,48,green,0.3311,332.13,201.04,260,126,148,152,35.109,30.911,-35.36294661,149.16557750,10.00,calibration-file(no-undistort)
1784075213.711,detection_logs/frame_1784075213691.jpg,48,green,0.3330,333.28,219.47,262,164,148,150,34.978,30.920,-35.36294778,149.16557760,10.00,calibration-file(no-undistort)
1784075213.776,detection_logs/frame_1784075213760.jpg,48,green,0.3375,334.67,254.64,262,198,150,152,34.728,30.930,-35.36295003,149.16557772,10.00,calibration-file(no-undistort)
1784075213.843,detection_logs/frame_1784075213826.jpg,48,green,0.3369,335.34,285.76,262,218,150,152,34.507,30.936,-35.36295202,149.16557777,10.00,calibration-file(no-undistort)
1784075213.904,detection_logs/frame_1784075213893.jpg,48,green,0.3263,334.68,308.03,262,232,148,152,34.761,30.931,-35.36294974,149.16557772,10.00,calibration-file(no-undistort)
1784075213.972,detection_logs/frame_1784075213961.jpg,48,green,0.3250,334.39,325.09,262,244,148,152,34.640,30.928,-35.36295083,149.16557769,10.00,calibration-file(no-undistort)
1784075214.030,detection_logs/frame_1784075214019.jpg,48,green,0.3335,334.29,340.12,262,258,148,150,34.533,30.928,-35.36295179,149.16557768,10.00,calibration-file(no-undistort)
1784075214.100,detection_logs/frame_1784075214090.jpg,48,green,0.3277,334.09,357.68,262,280,148,152,34.820,30.926,-35.36294921,149.16557767,10.00,calibration-file(no-undistort)
1784075214.170,detection_logs/frame_1784075214157.jpg,48,green,0.3276,333.91,376.45,262,302,148,150,34.687,30.925,-35.36295040,149.16557765,10.00,calibration-file(no-undistort)
1784075214.240,detection_logs/frame_1784075214225.jpg,48,green,0.3269,333.97,391.82,262,312,148,150,34.578,30.925,-35.36295138,149.16557766,10.00,calibration-file(no-undistort)
1784075214.307,detection_logs/frame_1784075214292.jpg,48,green,0.3273,332.49,403.36,260,318,148,152,34.496,30.914,-35.36295212,149.16557753,10.00,calibration-file(no-undistort)
1784075214.389,detection_logs/frame_1784075214377.jpg,48,green,0.3235,331.58,411.08,260,324,148,152,34.830,30.907,-35.36294911,149.16557746,10.00,calibration-file(no-undistort)
1784075214.434,detection_logs/frame_1784075214423.jpg,48,green,0.3229,331.10,418.85,260,334,148,152,34.775,30.903,-35.36294961,149.16557742,10.00,calibration-file(no-undistort)
1784075214.516,detection_logs/frame_1784075214501.jpg,48,green,0.3233,330.77,430.47,260,354,148,152,34.692,30.901,-35.36295035,149.16557739,10.00,calibration-file(no-undistort)
1784075214.583,detection_logs/frame_1784075214570.jpg,48,green,0.3236,330.57,445.24,260,374,148,152,34.588,30.899,-35.36295129,149.16557737,10.00,calibration-file(no-undistort)
1784075214.648,detection_logs/frame_1784075214632.jpg,48,green,0.3235,330.55,457.77,260,382,148,152,34.877,30.899,-35.36294869,149.16557737,10.00,calibration-file(no-undistort)
1784075214.709,detection_logs/frame_1784075214695.jpg,48,green,0.3229,330.72,468.15,260,388,148,152,34.803,30.900,-35.36294936,149.16557739,10.00,calibration-file(no-undistort)
1784075214.781,detection_logs/frame_1784075214765.jpg,48,green,0.3294,330.99,477.25,260,396,148,152,34.739,30.903,-35.36294994,149.16557741,10.00,calibration-file(no-undistort)
1784075214.849,detection_logs/frame_1784075214832.jpg,48,green,0.3263,331.33,484.80,260,404,148,152,34.685,30.905,-35.36295042,149.16557744,10.00,calibration-file(no-undistort)
1784075214.910,detection_logs/frame_1784075214896.jpg,48,green,0.3267,331.61,497.03,260,424,148,152,34.977,30.907,-35.36294780,149.16557746,10.00,calibration-file(no-undistort)
1784075214.981,detection_logs/frame_1784075214968.jpg,48,green,0.3243,330.23,512.86,258,444,148,152,34.864,30.897,-35.36294881,149.16557734,10.00,calibration-file(no-undistort)
1784075215.059,detection_logs/frame_1784075215047.jpg,48,green,0.3268,330.80,524.97,260,450,148,152,34.778,30.901,-35.36294958,149.16557739,10.00,calibration-file(no-undistort)
1784075215.114,detection_logs/frame_1784075215100.jpg,48,green,0.3276,329.70,534.90,258,456,148,152,34.708,30.893,-35.36295022,149.16557730,10.00,calibration-file(no-undistort)
1784075215.189,detection_logs/frame_1784075215172.jpg,48,green,0.3238,329.69,542.12,260,460,146,152,35.046,30.893,-35.36294718,149.16557730,10.00,calibration-file(no-undistort)
1784075215.254,detection_logs/frame_1784075215240.jpg,48,green,0.3241,329.70,548.90,260,468,146,152,34.998,30.893,-35.36294761,149.16557730,10.00,calibration-file(no-undistort)
1784075215.319,detection_logs/frame_1784075215305.jpg,48,green,0.3216,328.98,560.94,258,488,148,154,34.912,30.887,-35.36294838,149.16557724,10.00,calibration-file(no-undistort)
1784075215.388,detection_logs/frame_1784075215371.jpg,48,green,0.3245,329.33,577.39,258,510,150,154,35.151,30.890,-35.36294623,149.16557727,10.00,calibration-file(no-undistort)
1784075215.460,detection_logs/frame_1784075215448.jpg,48,green,0.3273,330.42,593.00,260,522,148,154,35.041,30.898,-35.36294722,149.16557736,10.00,calibration-file(no-undistort)
1784075215.524,detection_logs/frame_1784075215510.jpg,48,green,0.3282,331.21,606.27,260,532,148,152,34.946,30.904,-35.36294807,149.16557743,10.00,calibration-file(no-undistort)
1784075215.598,detection_logs/frame_1784075215583.jpg,48,green,0.3285,331.69,617.51,260,540,148,152,34.866,30.908,-35.36294879,149.16557747,10.00,calibration-file(no-undistort)
1784075215.659,detection_logs/frame_1784075215644.jpg,48,green,0.3255,331.23,629.36,260,552,146,152,35.172,30.904,-35.36294605,149.16557743,10.00,calibration-file(no-undistort)
1784075215.727,detection_logs/frame_1784075215710.jpg,48,green,0.3217,331.70,645.41,260,574,148,154,35.058,30.908,-35.36294707,149.16557747,10.00,calibration-file(no-undistort)
1784075215.794,detection_logs/frame_1784075215778.jpg,48,green,0.3322,330.49,664.87,258,598,148,152,34.920,30.899,-35.36294831,149.16557737,10.00,calibration-file(no-undistort)
1784075215.860,detection_logs/frame_1784075215846.jpg,48,green,0.3285,331.13,682.07,260,610,148,152,34.797,30.904,-35.36294941,149.16557742,10.00,calibration-file(no-undistort)
1784075215.927,detection_logs/frame_1784075215913.jpg,48,green,0.3194,330.81,697.23,260,620,146,154,35.068,30.901,-35.36294698,149.16557739,10.00,calibration-file(no-undistort)
1784075215.995,detection_logs/frame_1784075215981.jpg,48,green,0.3298,331.21,710.03,260,630,148,152,34.977,30.904,-35.36294779,149.16557743,10.00,calibration-file(no-undistort)
1784075216.064,detection_logs/frame_1784075216049.jpg,48,green,0.3268,330.91,722.34,260,642,146,152,34.890,30.902,-35.36294858,149.16557740,10.00,calibration-file(no-undistort)
1784075216.135,detection_logs/frame_1784075216121.jpg,48,green,0.3325,329.39,739.10,256,668,148,150,34.771,30.890,-35.36294965,149.16557727,10.00,calibration-file(no-undistort)
1784075216.310,detection_logs/frame_1784075216295.jpg,48,green,0.3244,327.62,759.59,254,692,148,152,35.015,30.895,-35.36294746,149.16557733,10.00,calibration-file(no-undistort)
1784075216.372,detection_logs/frame_1784075216358.jpg,48,green,0.3260,325.68,774.73,252,696,150,154,34.907,30.880,-35.36294842,149.16557716,10.00,calibration-file(no-undistort)
1784075216.438,detection_logs/frame_1784075216423.jpg,48,green,0.3346,325.24,778.85,256,686,146,150,34.878,30.877,-35.36294869,149.16557713,10.00,calibration-file(no-undistort)
1784075216.611,detection_logs/frame_1784075216594.jpg,48,green,0.3300,328.28,777.29,258,680,152,152,35.279,30.900,-35.36294509,149.16557738,10.00,calibration-file(no-undistort)
1784075216.673,detection_logs/frame_1784075216662.jpg,48,green,0.3352,330.89,777.49,258,688,154,152,35.277,30.920,-35.36294510,149.16557760,10.00,calibration-file(no-undistort)
1784075216.736,detection_logs/frame_1784075216725.jpg,48,green,0.3454,331.67,783.83,260,706,148,150,35.232,30.926,-35.36294550,149.16557766,10.00,calibration-file(no-undistort)
1784075216.799,detection_logs/frame_1784075216789.jpg,48,green,0.3430,332.41,790.18,262,714,146,150,35.187,30.931,-35.36294591,149.16557773,10.00,calibration-file(no-undistort)
1784075216.874,detection_logs/frame_1784075216863.jpg,48,green,0.3549,333.14,797.75,262,724,148,148,35.545,30.937,-35.36294269,149.16557779,10.00,calibration-file(no-undistort)
1784075216.942,detection_logs/frame_1784075216931.jpg,48,green,0.3366,336.44,806.87,264,734,152,154,35.480,30.962,-35.36294328,149.16557806,10.00,calibration-file(no-undistort)
1784075217.004,detection_logs/frame_1784075216992.jpg,48,green,0.3569,336.93,820.25,264,754,148,148,35.385,30.966,-35.36294413,149.16557810,10.00,calibration-file(no-undistort)
1784075217.070,detection_logs/frame_1784075217059.jpg,48,green,0.3335,338.79,839.12,264,778,152,154,35.251,30.980,-35.36294533,149.16557826,10.00,calibration-file(no-undistort)
1784075217.143,detection_logs/frame_1784075217125.jpg,48,green,0.3534,337.47,869.26,262,826,148,146,35.471,30.970,-35.36294336,149.16557815,10.00,calibration-file(no-undistort)
1784075217.667,detection_logs/frame_1784075217656.jpg,49,blue,0.5966,872.43,115.93,838,108,72,42,41.736,35.007,-35.36288708,149.16562262,10.00,calibration-file(no-undistort)
1784075217.938,detection_logs/frame_1784075217927.jpg,49,blue,0.6785,873.05,152.95,838,122,72,96,41.885,35.012,-35.36288574,149.16562268,10.00,calibration-file(no-undistort)
1784075217.999,detection_logs/frame_1784075217988.jpg,49,blue,0.6700,873.19,170.96,838,140,72,96,41.757,35.013,-35.36288689,149.16562269,10.00,calibration-file(no-undistort)
1784075218.062,detection_logs/frame_1784075218053.jpg,49,blue,0.6808,872.89,183.48,836,150,74,92,41.668,35.011,-35.36288769,149.16562266,10.00,calibration-file(no-undistort)
1784075218.141,detection_logs/frame_1784075218131.jpg,49,blue,0.6981,872.47,193.15,836,156,72,92,42.011,35.008,-35.36288461,149.16562263,10.00,calibration-file(no-undistort)
1784075218.200,detection_logs/frame_1784075218188.jpg,49,blue,0.7032,872.19,201.32,836,162,72,92,41.953,35.005,-35.36288513,149.16562260,10.00,calibration-file(no-undistort)
1784075218.270,detection_logs/frame_1784075218259.jpg,49,blue,0.7130,871.92,210.74,836,174,72,92,41.886,35.003,-35.36288573,149.16562258,10.00,calibration-file(no-undistort)
1784075218.331,detection_logs/frame_1784075218320.jpg,49,blue,0.7115,871.45,225.80,836,198,72,90,41.779,35.000,-35.36288669,149.16562254,10.00,calibration-file(no-undistort)
1784075218.401,detection_logs/frame_1784075218387.jpg,49,blue,0.7256,871.13,243.73,836,218,72,90,42.053,34.997,-35.36288423,149.16562252,10.00,calibration-file(no-undistort)
1784075218.474,detection_logs/frame_1784075218461.jpg,49,blue,0.7312,870.93,259.18,836,228,72,88,41.943,34.996,-35.36288522,149.16562250,10.00,calibration-file(no-undistort)
1784075218.536,detection_logs/frame_1784075218522.jpg,49,blue,0.7230,870.82,272.17,836,234,72,90,41.851,34.995,-35.36288605,149.16562249,10.00,calibration-file(no-undistort)
1784075218.609,detection_logs/frame_1784075218594.jpg,49,blue,0.7375,870.77,281.28,836,240,72,88,41.786,34.995,-35.36288663,149.16562248,10.00,calibration-file(no-undistort)
1784075218.673,detection_logs/frame_1784075218658.jpg,49,blue,0.7458,870.79,290.40,836,250,72,88,42.111,34.995,-35.36288371,149.16562249,10.00,calibration-file(no-undistort)
1784075218.742,detection_logs/frame_1784075218727.jpg,49,blue,0.7554,870.82,305.04,836,274,72,86,42.007,34.995,-35.36288465,149.16562249,10.00,calibration-file(no-undistort)
1784075218.807,detection_logs/frame_1784075218792.jpg,49,blue,0.7607,870.63,321.55,834,292,74,86,41.889,34.994,-35.36288570,149.16562247,10.00,calibration-file(no-undistort)
1784075218.886,detection_logs/frame_1784075218872.jpg,49,blue,0.7613,870.46,335.29,834,300,74,86,41.792,34.992,-35.36288658,149.16562246,10.00,calibration-file(no-undistort)
1784075218.951,detection_logs/frame_1784075218934.jpg,49,blue,0.7931,870.76,347.45,834,310,72,84,42.073,34.995,-35.36288405,149.16562248,10.00,calibration-file(no-undistort)
1784075219.024,detection_logs/frame_1784075219013.jpg,49,blue,0.7925,870.72,364.35,834,334,72,84,41.953,34.994,-35.36288513,149.16562248,10.00,calibration-file(no-undistort)
1784075219.079,detection_logs/frame_1784075219067.jpg,49,blue,0.7842,870.38,392.29,834,378,72,82,41.754,34.992,-35.36288692,149.16562245,10.00,calibration-file(no-undistort)
1784075219.143,detection_logs/frame_1784075219128.jpg,49,blue,0.8012,870.10,433.38,834,434,72,80,41.841,34.990,-35.36288614,149.16562243,10.00,calibration-file(no-undistort)
1784075219.208,detection_logs/frame_1784075219197.jpg,49,blue,0.8287,869.57,483.03,836,488,70,80,41.488,34.986,-35.36288931,149.16562239,10.00,calibration-file(no-undistort)
1784075219.277,detection_logs/frame_1784075219266.jpg,49,blue,0.7875,869.73,536.54,834,534,74,82,41.108,34.987,-35.36289272,149.16562240,10.00,calibration-file(no-undistort)
1784075219.343,detection_logs/frame_1784075219332.jpg,49,blue,0.8011,869.80,586.05,834,572,74,80,40.756,34.987,-35.36289588,149.16562240,10.00,calibration-file(no-undistort)
1784075219.410,detection_logs/frame_1784075219399.jpg,49,blue,0.8047,869.98,632.40,834,608,74,80,40.738,34.989,-35.36289604,149.16562242,10.00,calibration-file(no-undistort)
1784075219.470,detection_logs/frame_1784075219461.jpg,49,blue,0.8210,870.30,676.39,834,646,72,80,40.426,34.991,-35.36289885,149.16562245,10.00,calibration-file(no-undistort)
1784075219.543,detection_logs/frame_1784075219534.jpg,49,blue,0.8107,870.41,716.99,834,680,74,80,40.137,34.992,-35.36290144,149.16562245,10.00,calibration-file(no-undistort)
1784075219.609,detection_logs/frame_1784075219599.jpg,49,blue,0.9444,870.49,750.20,836,702,70,74,39.901,34.993,-35.36290356,149.16562246,10.00,calibration-file(no-undistort)
1784075219.670,detection_logs/frame_1784075219660.jpg,49,blue,0.9490,870.45,769.07,836,702,70,74,40.001,34.992,-35.36290266,149.16562246,10.00,calibration-file(no-undistort)
1784075219.740,detection_logs/frame_1784075219730.jpg,50,blue,0.9326,869.77,722.91,836,686,70,74,40.329,34.987,-35.36289972,149.16562240,10.00,calibration-file(no-undistort)
1784075219.804,detection_logs/frame_1784075219794.jpg,50,blue,0.8793,869.38,712.12,836,664,70,76,40.406,34.984,-35.36289903,149.16562237,10.00,calibration-file(no-undistort)
1784075219.984,detection_logs/frame_1784075219972.jpg,51,red,0.9593,869.50,683.50,836,648,68,72,40.609,34.985,-35.36289720,149.16562238,10.00,calibration-file(no-undistort)
1784075220.059,detection_logs/frame_1784075220048.jpg,51,red,0.9595,870.00,676.95,838,636,66,70,40.767,34.989,-35.36289578,149.16562242,10.00,calibration-file(no-undistort)
1784075220.214,detection_logs/frame_1784075220204.jpg,51,red,0.9595,870.40,663.66,838,622,66,70,40.861,34.992,-35.36289494,149.16562245,10.00,calibration-file(no-undistort)
1784075220.289,detection_logs/frame_1784075220278.jpg,51,red,0.9595,870.59,644.10,838,600,66,72,41.000,34.993,-35.36289369,149.16562247,10.00,calibration-file(no-undistort)
1784075220.350,detection_logs/frame_1784075220339.jpg,51,red,0.9595,870.13,618.29,836,572,68,70,41.184,34.990,-35.36289204,149.16562243,10.00,calibration-file(no-undistort)
1784075220.409,detection_logs/frame_1784075220399.jpg,51,red,0.9595,869.84,592.31,836,548,68,70,41.424,34.988,-35.36288988,149.16562241,10.00,calibration-file(no-undistort)
1784075220.480,detection_logs/frame_1784075220470.jpg,51,red,0.9595,869.20,570.20,836,532,66,70,41.581,34.983,-35.36288847,149.16562235,10.00,calibration-file(no-undistort)
1784075220.551,detection_logs/frame_1784075220541.jpg,51,red,0.9673,868.78,554.42,836,524,66,72,41.693,34.980,-35.36288746,149.16562232,10.00,calibration-file(no-undistort)
1784075220.614,detection_logs/frame_1784075220601.jpg,51,red,0.9673,868.52,543.16,836,518,66,72,41.784,34.978,-35.36288664,149.16562230,10.00,calibration-file(no-undistort)
1784075220.693,detection_logs/frame_1784075220681.jpg,51,red,0.9595,868.36,532.04,836,506,66,70,41.863,34.976,-35.36288593,149.16562228,10.00,calibration-file(no-undistort)
1784075220.757,detection_logs/frame_1784075220741.jpg,51,red,0.9595,868.28,518.87,836,488,66,70,41.957,34.976,-35.36288509,149.16562228,10.00,calibration-file(no-undistort)
1784075220.822,detection_logs/frame_1784075220810.jpg,51,red,0.9593,868.25,506.50,836,476,66,70,42.045,34.976,-35.36288430,149.16562227,10.00,calibration-file(no-undistort)
1784075220.889,detection_logs/frame_1784075220873.jpg,51,red,0.9593,868.26,497.86,836,472,66,70,42.128,34.976,-35.36288355,149.16562228,10.00,calibration-file(no-undistort)
1784075220.958,detection_logs/frame_1784075220942.jpg,51,red,0.9595,868.29,494.70,836,474,66,72,42.151,34.976,-35.36288335,149.16562228,10.00,calibration-file(no-undistort)
1784075221.024,detection_logs/frame_1784075221009.jpg,51,red,0.9595,868.32,495.41,836,478,66,70,42.146,34.976,-35.36288340,149.16562228,10.00,calibration-file(no-undistort)
1784075221.086,detection_logs/frame_1784075221073.jpg,51,red,0.9593,868.36,495.05,836,472,66,70,42.148,34.976,-35.36288337,149.16562228,10.00,calibration-file(no-undistort)
1784075221.165,detection_logs/frame_1784075221150.jpg,51,red,0.9522,868.40,491.91,836,462,66,70,42.171,34.977,-35.36288317,149.16562229,10.00,calibration-file(no-undistort)
1784075221.233,detection_logs/frame_1784075221220.jpg,51,red,0.9522,868.43,487.26,836,454,66,70,42.204,34.977,-35.36288288,149.16562229,10.00,calibration-file(no-undistort)
1784075221.304,detection_logs/frame_1784075221291.jpg,51,red,0.9522,868.45,484.59,836,454,66,70,42.223,34.977,-35.36288271,149.16562229,10.00,calibration-file(no-undistort)
1784075221.366,detection_logs/frame_1784075221352.jpg,51,red,0.9593,868.47,486.57,836,462,66,70,42.209,34.977,-35.36288283,149.16562229,10.00,calibration-file(no-undistort)
1784075221.427,detection_logs/frame_1784075221412.jpg,51,red,0.9593,868.49,491.90,836,470,66,70,42.182,34.977,-35.36288307,149.16562229,10.00,calibration-file(no-undistort)
1784075221.501,detection_logs/frame_1784075221483.jpg,51,red,0.9593,868.50,496.29,836,470,66,70,42.151,34.977,-35.36288335,149.16562230,10.00,calibration-file(no-undistort)
1784075221.574,detection_logs/frame_1784075221558.jpg,51,red,0.9522,868.50,497.30,836,464,66,70,42.144,34.978,-35.36288342,149.16562230,10.00,calibration-file(no-undistort)
1784075221.636,detection_logs/frame_1784075221621.jpg,51,red,0.9593,868.51,496.41,836,460,66,70,42.150,34.978,-35.36288336,149.16562230,10.00,calibration-file(no-undistort)
1784075221.709,detection_logs/frame_1784075221691.jpg,51,red,0.9593,868.51,496.50,836,462,66,70,42.149,34.978,-35.36288337,149.16562230,10.00,calibration-file(no-undistort)
1784075221.774,detection_logs/frame_1784075221757.jpg,51,red,0.9522,868.51,500.56,836,472,66,70,42.120,34.978,-35.36288363,149.16562230,10.00,calibration-file(no-undistort)
1784075221.842,detection_logs/frame_1784075221826.jpg,51,red,0.9599,867.71,507.16,834,480,66,72,42.074,34.971,-35.36288405,149.16562223,10.00,calibration-file(no-undistort)
1784075221.918,detection_logs/frame_1784075221903.jpg,51,red,0.9599,866.31,512.71,832,482,66,72,42.067,34.979,-35.36288410,149.16562231,10.00,calibration-file(no-undistort)
1784075221.986,detection_logs/frame_1784075221969.jpg,51,red,0.9595,865.30,514.49,832,478,66,70,42.055,34.971,-35.36288421,149.16562223,10.00,calibration-file(no-undistort)
1784075222.054,detection_logs/frame_1784075222037.jpg,51,red,0.9595,863.82,514.56,830,476,66,70,42.054,34.960,-35.36288422,149.16562210,10.00,calibration-file(no-undistort)
1784075222.130,detection_logs/frame_1784075222119.jpg,51,red,0.9595,862.81,516.62,830,482,66,70,42.040,34.952,-35.36288435,149.16562202,10.00,calibration-file(no-undistort)
1784075222.184,detection_logs/frame_1784075222170.jpg,51,red,0.9595,862.97,522.66,832,494,66,70,42.030,34.954,-35.36288444,149.16562203,10.00,calibration-file(no-undistort)
1784075222.253,detection_logs/frame_1784075222242.jpg,51,red,0.9593,863.22,530.84,832,504,66,70,41.972,34.956,-35.36288496,149.16562205,10.00,calibration-file(no-undistort)
1784075222.319,detection_logs/frame_1784075222307.jpg,51,red,0.9595,863.48,537.26,832,506,66,70,41.926,34.958,-35.36288537,149.16562208,10.00,calibration-file(no-undistort)
1784075222.384,detection_logs/frame_1784075222369.jpg,51,red,0.9595,864.54,538.22,834,498,66,70,41.920,34.966,-35.36288543,149.16562216,10.00,calibration-file(no-undistort)
1784075222.457,detection_logs/frame_1784075222444.jpg,51,red,0.9593,865.36,536.64,834,494,66,70,41.942,34.972,-35.36288523,149.16562223,10.00,calibration-file(no-undistort)
1784075222.517,detection_logs/frame_1784075222503.jpg,51,red,0.9595,865.96,536.53,834,498,66,70,41.943,34.976,-35.36288522,149.16562228,10.00,calibration-file(no-undistort)
1784075222.583,detection_logs/frame_1784075222570.jpg,51,red,0.9595,867.17,540.09,836,508,66,70,41.918,34.986,-35.36288545,149.16562238,10.00,calibration-file(no-undistort)
1784075222.654,detection_logs/frame_1784075222640.jpg,51,red,0.9595,868.02,545.66,836,516,66,70,41.878,34.992,-35.36288580,149.16562246,10.00,calibration-file(no-undistort)
1784075222.722,detection_logs/frame_1784075222707.jpg,51,red,0.9599,868.58,549.05,836,514,66,72,41.876,34.996,-35.36288582,149.16562250,10.00,calibration-file(no-undistort)
1784075222.786,detection_logs/frame_1784075222772.jpg,51,red,0.9593,868.91,548.32,836,508,66,70,41.881,34.999,-35.36288577,149.16562253,10.00,calibration-file(no-undistort)
1784075222.858,detection_logs/frame_1784075222843.jpg,51,red,0.9593,869.06,546.13,836,504,66,72,41.897,35.000,-35.36288563,149.16562254,10.00,calibration-file(no-undistort)
1784075222.920,detection_logs/frame_1784075222904.jpg,51,red,0.9673,869.10,545.79,836,508,66,72,41.933,34.982,-35.36288531,149.16562235,10.00,calibration-file(no-undistort)
1784075222.991,detection_logs/frame_1784075222979.jpg,51,red,0.9673,869.87,549.38,838,518,66,72,41.907,34.988,-35.36288554,149.16562241,10.00,calibration-file(no-undistort)
1784075223.055,detection_logs/frame_1784075223042.jpg,51,red,0.9595,871.19,554.73,840,526,66,70,41.869,34.998,-35.36288588,149.16562252,10.00,calibration-file(no-undistort)
1784075223.122,detection_logs/frame_1784075223107.jpg,51,red,0.9595,872.51,556.87,840,522,68,70,41.854,35.008,-35.36288602,149.16562263,10.00,calibration-file(no-undistort)
1784075223.192,detection_logs/frame_1784075223177.jpg,51,red,0.9522,873.79,554.12,842,512,66,70,41.874,35.018,-35.36288584,149.16562274,10.00,calibration-file(no-undistort)
1784075223.258,detection_logs/frame_1784075223243.jpg,51,red,0.9595,875.03,549.34,842,506,68,70,41.907,35.027,-35.36288554,149.16562284,10.00,calibration-file(no-undistort)
1784075223.331,detection_logs/frame_1784075223319.jpg,51,red,0.9595,875.42,546.44,842,508,66,70,41.928,35.030,-35.36288535,149.16562287,10.00,calibration-file(no-undistort)
1784075223.389,detection_logs/frame_1784075223375.jpg,51,red,0.9599,875.56,547.93,842,516,66,72,41.917,35.031,-35.36288545,149.16562288,10.00,calibration-file(no-undistort)
1784075223.553,detection_logs/frame_1784075223538.jpg,51,red,0.9592,875.55,550.77,842,520,66,72,41.897,35.031,-35.36288563,149.16562288,10.00,calibration-file(no-undistort)
1784075223.648,detection_logs/frame_1784075223633.jpg,51,red,0.9516,875.04,552.12,840,518,68,72,41.888,35.027,-35.36288572,149.16562284,10.00,calibration-file(no-undistort)
1784075223.718,detection_logs/frame_1784075223704.jpg,51,red,0.9516,874.59,549.05,840,508,68,72,41.910,35.024,-35.36288552,149.16562280,10.00,calibration-file(no-undistort)
1784075223.788,detection_logs/frame_1784075223777.jpg,51,red,0.9516,874.21,543.48,840,500,68,72,41.949,35.021,-35.36288516,149.16562277,10.00,calibration-file(no-undistort)
1784075223.925,detection_logs/frame_1784075223912.jpg,51,red,0.9522,873.92,538.98,840,498,68,74,41.981,35.019,-35.36288488,149.16562275,10.00,calibration-file(no-undistort)
1784075224.013,detection_logs/frame_1784075223997.jpg,52,green,0.9444,872.50,541.50,838,506,70,72,41.963,35.008,-35.36288504,149.16562263,10.00,calibration-file(no-undistort)
1784075224.079,detection_logs/frame_1784075224064.jpg,52,green,0.9444,872.00,545.53,838,514,68,72,41.935,35.004,-35.36288530,149.16562259,10.00,calibration-file(no-undistort)
1784075224.149,detection_logs/frame_1784075224133.jpg,52,green,0.9444,871.60,549.84,838,516,68,72,41.904,35.001,-35.36288557,149.16562255,10.00,calibration-file(no-undistort)
1784075224.217,detection_logs/frame_1784075224198.jpg,52,green,0.9372,871.41,547.47,838,508,68,72,41.921,35.000,-35.36288542,149.16562254,10.00,calibration-file(no-undistort)
1784075224.280,detection_logs/frame_1784075224268.jpg,52,green,0.9442,871.33,540.99,838,498,68,74,41.967,34.999,-35.36288501,149.16562253,10.00,calibration-file(no-undistort)
1784075224.349,detection_logs/frame_1784075224328.jpg,52,green,0.9372,871.31,535.15,838,494,68,74,42.008,34.999,-35.36288463,149.16562253,10.00,calibration-file(no-undistort)
1784075224.413,detection_logs/frame_1784075224400.jpg,52,green,0.9372,870.85,533.51,836,498,70,74,42.020,34.995,-35.36288453,149.16562249,10.00,calibration-file(no-undistort)
1784075224.475,detection_logs/frame_1784075224461.jpg,52,green,0.9372,870.56,536.59,836,506,70,76,41.998,34.993,-35.36288473,149.16562247,10.00,calibration-file(no-undistort)
1784075224.544,detection_logs/frame_1784075224530.jpg,52,green,0.9292,870.39,540.61,836,510,70,76,41.969,34.992,-35.36288498,149.16562245,10.00,calibration-file(no-undistort)
1784075224.613,detection_logs/frame_1784075224599.jpg,52,green,0.9221,870.30,541.90,836,506,70,76,41.960,34.991,-35.36288506,149.16562245,10.00,calibration-file(no-undistort)
1784075224.683,detection_logs/frame_1784075224668.jpg,52,green,0.9221,870.27,538.75,836,496,70,76,41.983,34.991,-35.36288486,149.16562244,10.00,calibration-file(no-undistort)
1784075224.753,detection_logs/frame_1784075224739.jpg,52,green,0.9221,870.26,533.98,836,490,70,76,42.017,34.991,-35.36288456,149.16562244,10.00,calibration-file(no-undistort)
1784075224.817,detection_logs/frame_1784075224806.jpg,52,green,0.9213,870.29,530.52,836,490,70,76,42.041,34.991,-35.36288434,149.16562244,10.00,calibration-file(no-undistort)
1784075224.884,detection_logs/frame_1784075224868.jpg,52,green,0.9213,870.32,531.38,836,498,70,76,42.035,34.991,-35.36288439,149.16562245,10.00,calibration-file(no-undistort)
1784075224.951,detection_logs/frame_1784075224937.jpg,52,green,0.9221,869.95,535.08,834,504,72,78,42.009,34.989,-35.36288463,149.16562242,10.00,calibration-file(no-undistort)
1784075225.015,detection_logs/frame_1784075224999.jpg,52,green,0.9143,869.69,538.01,834,504,72,78,41.988,34.987,-35.36288482,149.16562240,10.00,calibration-file(no-undistort)
1784075225.085,detection_logs/frame_1784075225072.jpg,52,green,0.9143,869.52,537.78,834,498,72,78,41.990,34.985,-35.36288480,149.16562238,10.00,calibration-file(no-undistort)
1784075225.158,detection_logs/frame_1784075225141.jpg,52,green,0.9064,869.41,534.32,834,490,72,78,42.014,34.984,-35.36288458,149.16562237,10.00,calibration-file(no-undistort)
1784075225.219,detection_logs/frame_1784075225206.jpg,52,green,0.9062,869.76,530.89,834,488,74,78,42.039,34.987,-35.36288436,149.16562240,10.00,calibration-file(no-undistort)
1784075225.287,detection_logs/frame_1784075225273.jpg,52,green,0.9070,870.03,530.82,834,494,74,78,42.039,34.989,-35.36288436,149.16562242,10.00,calibration-file(no-undistort)
1784075225.358,detection_logs/frame_1784075225346.jpg,52,green,0.8992,870.25,534.15,834,502,74,78,42.015,34.991,-35.36288457,149.16562244,10.00,calibration-file(no-undistort)
1784075225.420,detection_logs/frame_1784075225402.jpg,52,green,0.8992,870.40,537.54,834,504,74,78,41.991,34.992,-35.36288479,149.16562245,10.00,calibration-file(no-undistort)
1784075225.488,detection_logs/frame_1784075225472.jpg,52,green,0.8992,870.09,537.65,832,498,76,78,41.979,34.990,-35.36288489,149.16562243,10.00,calibration-file(no-undistort)
1784075225.559,detection_logs/frame_1784075225545.jpg,52,green,0.8913,869.86,533.19,832,486,76,80,42.011,34.988,-35.36288461,149.16562241,10.00,calibration-file(no-undistort)
1784075225.619,detection_logs/frame_1784075225606.jpg,52,green,0.8992,869.68,527.79,832,482,76,78,42.049,34.986,-35.36288426,149.16562239,10.00,calibration-file(no-undistort)
1784075225.703,detection_logs/frame_1784075225688.jpg,52,green,0.8913,869.56,525.06,832,484,76,80,42.069,34.986,-35.36288409,149.16562238,10.00,calibration-file(no-undistort)
1784075225.754,detection_logs/frame_1784075225739.jpg,52,green,0.8920,869.48,526.48,832,492,76,80,42.059,34.985,-35.36288418,149.16562238,10.00,calibration-file(no-undistort)
1784075225.824,detection_logs/frame_1784075225810.jpg,52,green,0.8842,869.43,530.22,832,498,76,80,42.032,34.985,-35.36288442,149.16562237,10.00,calibration-file(no-undistort)
1784075225.903,detection_logs/frame_1784075225890.jpg,52,green,0.8842,869.41,532.34,832,496,76,80,42.017,34.984,-35.36288455,149.16562237,10.00,calibration-file(no-undistort)
1784075225.955,detection_logs/frame_1784075225945.jpg,52,green,0.8842,869.41,530.71,832,488,76,80,42.006,34.984,-35.36288465,149.16562237,10.00,calibration-file(no-undistort)
1784075226.018,detection_logs/frame_1784075226008.jpg,52,green,0.8842,869.42,526.22,832,480,76,80,42.038,34.984,-35.36288436,149.16562237,10.00,calibration-file(no-undistort)
1784075226.083,detection_logs/frame_1784075226072.jpg,52,green,0.8763,869.03,521.69,830,476,78,82,42.070,34.981,-35.36288407,149.16562234,10.00,calibration-file(no-undistort)
1784075226.150,detection_logs/frame_1784075226139.jpg,52,green,0.8763,868.74,520.89,830,482,78,82,42.076,34.979,-35.36288402,149.16562232,10.00,calibration-file(no-undistort)
1784075226.220,detection_logs/frame_1784075226210.jpg,52,green,0.8763,868.55,523.77,830,490,78,82,42.056,34.978,-35.36288421,149.16562230,10.00,calibration-file(no-undistort)
1784075226.284,detection_logs/frame_1784075226273.jpg,52,green,0.8691,868.43,526.93,830,492,78,82,42.033,34.977,-35.36288441,149.16562229,10.00,calibration-file(no-undistort)
1784075226.349,detection_logs/frame_1784075226338.jpg,52,green,0.8618,868.36,527.35,830,486,78,84,42.030,34.976,-35.36288444,149.16562228,10.00,calibration-file(no-undistort)
